IQ-TREE version 3.0.1 for MacOS ARM 64-bit built May  5 2025
Developed by Bui Quang Minh, Thomas Wong, Nhan Ly-Trong, Huaiyan Ren
Contributed by Lam-Tung Nguyen, Dominik Schrempf, Chris Bielow,
Olga Chernomor, Michael Woodhams, Diep Thi Hoang, Heiko Schmidt

Host:    MacBook-Pro-4 (SSE4.2, 128 GB RAM)
Command: /Applications/BIOTOOLS/iqtree-3.0.1/bin/iqtree3 -s dataset3_gisaid.aln -asr -nt AUTO
Seed:    454729 (Using SPRNG - Scalable Parallel Random Number Generator)
Time:    Sun May 24 04:44:49 2026
Kernel:  SSE2 - auto-detect threads (16 CPU cores detected)

Reading alignment file dataset3_gisaid.aln ... Fasta format detected
Reading fasta file: done in 3.52468 secs using 91.22% CPU
Alignment most likely contains DNA/RNA sequences
Constructing alignment: done in 2.52999 secs using 97.12% CPU
WARNING: 8 sites contain only gaps or ambiguous characters.
Alignment has 2302 sequences with 198284 columns, 4042 distinct patterns
1431 parsimony-informative, 1718 singleton sites, 195135 constant sites
                                                                               Gap/Ambiguity  Composition  p-value
Analyzing sequences: done in 0.0038228 secs using 837% CPU
   1  hMpxV/USA/CA-CDPH-000004/2022|EPI_ISL_13993737|2022-06-04                        0.55%    passed     99.99%
   2  hMpxV/United_Kingdom/UKHSA-9000064/2022|EPI_ISL_14270839|2022-06-06              0.54%    passed    100.00%
   3  hMpxV/United_Kingdom/UKHSA-9000071/2022|EPI_ISL_14276017|2022-06-09              0.54%    passed    100.00%
   4  hMpxV/Japan/NIID-010-01/2022|EPI_ISL_19886116|2022-07-25                         0.54%    passed    100.00%
   5  hMpxV/United_Kingdom/UKHSA-9000131/2022|EPI_ISL_14270844|2022-07-05              0.55%    passed    100.00%
   6  hMpxV/United_Kingdom/UKHSA-9000138/2022|EPI_ISL_14278036|2022-07-06              0.56%    passed     99.99%
   7  hMpxV/United_Kingdom/UKHSA-9000147/2022|EPI_ISL_14278034|2022-06-14              0.56%    passed     99.98%
   8  hMpxV/United_Kingdom/UKHSA-9000134/2022|EPI_ISL_14277498|2022-07-04              0.54%    passed    100.00%
   9  hMpxV/United_Kingdom/UKHSA-40/2022|EPI_ISL_14439745|2022-07-04                   0.54%    passed    100.00%
  10  hMpxV/United_Kingdom/UKHSA-9000102/2022|EPI_ISL_14262381|2022-06-13              0.55%    passed    100.00%
  11  hMpxV/United_Kingdom/UKHSA-30/2022|EPI_ISL_14439735|2022-06-13                   0.55%    passed    100.00%
  12  hMpxV/United_Kingdom/UKHSA-9000078/2022|EPI_ISL_14276234|2022-06-14              0.54%    passed    100.00%
  13  hMpxV/United_Kingdom/UKHSA-10/2022|EPI_ISL_14439715|2022-06-06                   0.54%    passed    100.00%
  14  hMpxV/United_Kingdom/UKHSA-21/2022|EPI_ISL_14439726|2022-06-14                   0.54%    passed    100.00%
  15  hMpxV/United_Kingdom/UKHSA-lBTTWI_9000279/2022|EPI_ISL_14934681|2022-07          0.54%    passed    100.00%
  16  hMpxV/United_Kingdom/UKHSA-9000136/2022|EPI_ISL_14276238|2022-07-07              0.54%    passed    100.00%
  17  hMpxV/United_Kingdom/UKHSA-41/2022|EPI_ISL_14439746|2022-07-07                   0.54%    passed    100.00%
  18  hMpxV/United_Kingdom/UKHSA-9000070/2022|EPI_ISL_14275883|2022-06-09              0.54%    passed    100.00%
  19  hMpxV/United_Kingdom/UKHSA-15/2022|EPI_ISL_14439720|2022-06-09                   0.54%    passed    100.00%
  20  hMpxV/United_Kingdom/UKHSA-17/2022|EPI_ISL_14439722|2022-06-09                   0.54%    passed    100.00%
  21  hMpxV/United_Kingdom/UKHSA-cmjxZM_9000205/2022|EPI_ISL_14934626|2022-06          0.54%    passed    100.00%
  22  hMpxV/United_Kingdom/UKHSA-K1dQNt_9000225/2022|EPI_ISL_14934641|2022-07          0.54%    passed    100.00%
  23  hMpxV/United_Kingdom/UKHSA-K1dQNt_9000223/2022|EPI_ISL_14934639|2022-07          0.55%    passed    100.00%
  24  hMpxV/United_Kingdom/UKHSA-K1dQNt_9000224/2022|EPI_ISL_14934640|2022-07          0.54%    passed    100.00%
  25  hMpxV/United_Kingdom/UKHSA-9000148/2022|EPI_ISL_14277956|2022-06-14              0.54%    passed    100.00%
  26  hMpxV/United_Kingdom/UKHSA-51/2022|EPI_ISL_14439756|2022-06-14                   0.54%    passed    100.00%
  27  hMpxV/United_Kingdom/UKHSA-9000192/2022|EPI_ISL_14261009|2022-07-05              0.54%    passed    100.00%
  28  hMpxV/United_Kingdom/UKHSA-77/2022|EPI_ISL_14439782|2022-07-05                   0.54%    passed    100.00%
  29  hMpxV/United_Kingdom/UKHSA-diQWGf_9000250/2022|EPI_ISL_14934661|2022-08          0.54%    passed    100.00%
  30  hMpxV/United_Kingdom/UKHSA-9000165/2022|EPI_ISL_14276247|2022-07-04              0.54%    passed    100.00%
  31  hMpxV/United_Kingdom/UKHSA-62/2022|EPI_ISL_14439767|2022-07-04                   0.54%    passed    100.00%
  32  hMpxV/United_Kingdom/UKHSA-AooXJI_9000248/2022|EPI_ISL_14934659|2022-08          0.54%    passed    100.00%
  33  hMpxV/United_Kingdom/UKHSA-KMgssq_9000236/2022|EPI_ISL_14934650|2022-07          0.54%    passed    100.00%
  34  hMpxV/United_Kingdom/UKHSA-KMgssq_9000237/2022|EPI_ISL_14934651|2022-07          0.54%    passed    100.00%
  35  hMpxV/United_Kingdom/UKHSA-9000103/2022|EPI_ISL_14262583|2022-06-13              0.54%    passed    100.00%
  36  hMpxV/United_Kingdom/UKHSA-31/2022|EPI_ISL_14439736|2022-06-13                   0.54%    passed    100.00%
  37  hMpxV/United_Kingdom/UKHSA-14/2022|EPI_ISL_14439719|2022-06-07                   0.55%    passed    100.00%
  38  hMpxV/United_Kingdom/UKHSA-9000068/2022|EPI_ISL_14271652|2022-06-07              0.55%    passed    100.00%
  39  hMpxV/United_Kingdom/UKHSA-ev2D41_9000352/2022|EPI_ISL_14934490|2022-08          0.55%    passed    100.00%
  40  hMpxV/United_Kingdom/UKHSA-9000130/2022|EPI_ISL_14261019|2022-07-05              0.54%    passed    100.00%
  41  hMpxV/United_Kingdom/UKHSA-37/2022|EPI_ISL_14439742|2022-07-05                   0.54%    passed    100.00%
  42  hMpxV/United_Kingdom/UKHSA-Yob5K4_9000201/2022|EPI_ISL_14934622|2022-07          0.54%    passed    100.00%
  43  hMpxV/United_Kingdom/UKHSA-Yob5K4_9000202/2022|EPI_ISL_14934623|2022-07          0.54%    passed    100.00%
  44  hMpxV/United_Kingdom/UKHSA-9000351/2022|EPI_ISL_14923903|2022-08                 0.55%    passed    100.00%
  45  hMpxV/United_Kingdom/UKHSA-9000161/2022|EPI_ISL_14277500|2022-07-05              0.54%    passed    100.00%
  46  hMpxV/United_Kingdom/UKHSA-59/2022|EPI_ISL_14439764|2022-07-05                   0.54%    passed    100.00%
  47  hMpxV/United_Kingdom/UKHSA-PZ8OdF_9000319/2022|EPI_ISL_14934700|2022-08          0.54%    passed    100.00%
  48  hMpxV/United_Kingdom/UKHSA-12DvO8_9000251/2022|EPI_ISL_14934662|2022-08          0.54%    passed    100.00%
  49  hMpxV/United_Kingdom/UKHSA-2v76E1_9000221/2022|EPI_ISL_14934637|2022-07          0.54%    passed    100.00%
  50  hMpxV/United_Kingdom/UKHSA-2v76E1_9000222/2022|EPI_ISL_14934638|2022-07          0.54%    passed    100.00%
  51  hMpxV/United_Kingdom/UKHSA-yttrq1_9000358/2022|EPI_ISL_14934494|2022-08          0.54%    passed    100.00%
  52  hMpxV/United_Kingdom/UKHSA-V5dRAI_9000247/2022|EPI_ISL_14934658|2022-07          0.54%    passed    100.00%
  53  hMpxV/United_Kingdom/UKHSA-38/2022|EPI_ISL_14439743|2022-07-05                   0.55%    passed    100.00%
  54  hMpxV/USA/WA-UW-081100/2022|EPI_ISL_15607970|2022-08                             0.55%    passed     99.99%
  55  hMpxV/USA/OH-UW-080634/2022|EPI_ISL_15607975|2022-08                             0.55%    passed    100.00%
  56  hMpxV/United_Kingdom/UKHSA-50/2022|EPI_ISL_14439755|2022-06-14                   0.56%    passed     99.98%
  57  hMpxV/Spain/MD-HULP-8887/2022|EPI_ISL_13449965|2022-06-06                        0.55%    passed     99.98%
  58  hMpxV/United_Kingdom/UKHSA-XJRG9b_9000293/2022|EPI_ISL_14934688|2022-08          0.56%    passed     99.99%
  59  hMpxV/United_Kingdom/UKHSA-43/2022|EPI_ISL_14439748|2022-07-06                   0.56%    passed     99.99%
  60  hMpxV/United_Kingdom/UKHSA-Qjmiyl_9000330/2022|EPI_ISL_14934480|2022-08          0.54%    passed    100.00%
  61  hMpxV/United_Kingdom/UKHSA-GGr0lD_9000276/2022|EPI_ISL_14934678|2022-08          0.54%    passed    100.00%
  62  hMpxV/United_Kingdom/UKHSA-Gb1XpC_9000323/2022|EPI_ISL_14934702|2022-08          0.54%    passed    100.00%
  63  hMpxV/USA/WA-UW-084140/2022|EPI_ISL_15367975|2022-08                             0.56%    passed     99.99%
  64  hMpxV/USA/OH-UW-083520/2022|EPI_ISL_15607974|2022-08                             0.55%    passed     99.99%
  65  hMpxV/United_Kingdom/UKHSA-9000194/2022|EPI_ISL_14752291|2022-07-04              0.55%    passed     99.99%
  66  hMpxV/USA/WA-UW-104151/2022|EPI_ISL_17118707|2022-10                             0.55%    passed     99.99%
  67  hMpxV/USA/WA-UW-089475/2022|EPI_ISL_15368005|2022-08                             0.55%    passed     99.99%
  68  hMpxV/Spain/GA-CHUVI-34912225/2022|EPI_ISL_16233783|2022-08-09                   0.55%    passed    100.00%
  69  hMpxV/USA/CA-CDPH-000005/2022|EPI_ISL_13993738|2022-06-07                        0.54%    passed     99.99%
  70  hMpxV/USA/CA-CDPH-000006/2022|EPI_ISL_13993739|2022-06-07                        0.54%    passed     99.99%
  71  hMpxV/United_Kingdom/UKHSA-9000096/2022|EPI_ISL_14270833|2022-06-07              0.54%    passed     99.99%
  72  hMpxV/United_Kingdom/UKHSA-9000144/2022|EPI_ISL_14278038|2022-06-16              0.54%    passed     99.99%
  73  hMpxV/United_Kingdom/UKHSA-9000159/2022|EPI_ISL_14277567|2022-07-04              0.54%    passed     99.99%
  74  hMpxV/United_Kingdom/UKHSA-9000152/2022|EPI_ISL_14277570|2022-05-16              0.54%    passed     99.99%
  75  hMpxV/USA/WA-UW-094434/2022|EPI_ISL_15608051|2022-09                             0.54%    passed     99.99%
  76  hMpxV/Ecuador/USFQ-07/2024|EPI_ISL_19387311|2024-08-20                           0.54%    passed     99.99%
  77  hMpxV/United_Kingdom/UKHSA-9000090/2022|EPI_ISL_14261012|2022-05-25              0.54%    passed     99.99%
  78  hMpxV/Chile/RM-ISP-75625/2022|EPI_ISL_14224334|2022-06-16                        0.54%    passed     99.99%
  79  hMpxV/United_Kingdom/UKHSA-54/2022|EPI_ISL_14439759|2022-05-16                   0.54%    passed     99.99%
  80  hMpxV/United_Kingdom/UKHSA-57/2022|EPI_ISL_14439762|2022-07-04                   0.54%    passed     99.99%
  81  hMpxV/United_Kingdom/UKHSA-79/2022|EPI_ISL_14439784|2022-05-25                   0.54%    passed     99.99%
  82  hMpxV/United_Kingdom/UKHSA-25/2022|EPI_ISL_14439730|2022-06-07                   0.54%    passed     99.99%
  83  hMpxV/United_Kingdom/UKHSA-47/2022|EPI_ISL_14439752|2022-06-16                   0.54%    passed     99.99%
  84  hMpxV/United_Kingdom/UKHSA-qQzToC_9000264/2022|EPI_ISL_14934673|2022-08          0.54%    passed     99.99%
  85  hMpxV/United_Kingdom/UKHSA-jTHLhj_9000307/2022|EPI_ISL_14934696|2022-08          0.54%    passed     99.99%
  86  hMpxV/United_Kingdom/UKHSA-96X1Vd_9000217/2022|EPI_ISL_14934635|2022-03          0.55%    passed     99.99%
  87  hMpxV/USA/MA-CDC-001/2022|EPI_ISL_13052289|2022-05                               0.54%    passed     99.99%
  88  hMpxV/United_Kingdom/UKHSA-96X1Vd_9000218/2022|EPI_ISL_14934636|2022-03          0.55%    passed     99.99%
  89  hMpxV/United_Kingdom/UKHSA-9000069/2022|EPI_ISL_14276235|2022-06-11              0.54%    passed     99.99%
  90  hMpxV/United_Kingdom/UKHSA-16/2022|EPI_ISL_14439721|2022-06-11                   0.54%    passed     99.99%
  91  hMpxV/Australia/VIC-UoM-28_A/2022|EPI_ISL_17982683|2022-06-23                    0.55%    passed     99.99%
  92  hMpxV/Australia/VIC-UoM-60_A/2022|EPI_ISL_17987312|2022-08-22                    0.54%    passed    100.00%
  93  hMpxV/Australia/VIC-UoM-60_D/2022|EPI_ISL_17987357|2022-08-22                    0.54%    passed    100.00%
  94  hMpxV/United_Kingdom/UKHSA-9000157/2022|EPI_ISL_14289769|2022-07-07              0.54%    passed    100.00%
  95  hMpxV/United_Kingdom/UKHSA-55/2022|EPI_ISL_14439760|2022-07-07                   0.54%    passed    100.00%
  96  hMpxV/United_Kingdom/UKHSA-9000167/2022|EPI_ISL_14276246|2022-06-30              0.54%    passed    100.00%
  97  hMpxV/United_Kingdom/UKHSA-63/2022|EPI_ISL_14439768|2022-06-30                   0.54%    passed    100.00%
  98  hMpxV/United_Kingdom/UKHSA-9000189/2022|EPI_ISL_14261014|2022-07-06              0.55%    passed    100.00%
  99  hMpxV/United_Kingdom/UKHSA-74/2022|EPI_ISL_14439779|2022-07-06                   0.55%    passed    100.00%
 100  hMpxV/Spain/un-INIBIC-01/2022|EPI_ISL_16645184|2022-05                           0.54%    passed     99.99%
 101  hMpxV/United_Kingdom/UKHSA-i96eY5_9000346/2022|EPI_ISL_14934486|2022-08          0.54%    passed     99.99%
 102  hMpxV/Brazil/SP-IAL-17/2022|EPI_ISL_13705407|2022-07-04                          0.54%    passed     99.99%
 103  hMpxV/United_Kingdom/UKHSA-9000184/2022|EPI_ISL_14276240|2022-06-30              0.54%    passed    100.00%
 104  hMpxV/United_Kingdom/UKHSA-69/2022|EPI_ISL_14439774|2022-06-30                   0.54%    passed    100.00%
 105  hMpxV/United_Kingdom/UKHSA-3LjZEY_9000355/2022|EPI_ISL_14934492|2022-08          0.54%    passed    100.00%
 106  hMpxV/United_Kingdom/UKHSA-Q9BB92_9000206/2022|EPI_ISL_14934627|2022-06          0.55%    passed     99.99%
 107  hMpxV/United_Kingdom/UKHSA-1bN2W6_9000321/2022|EPI_ISL_14934701|2022-08          0.54%    passed    100.00%
 108  hMpxV/United_Kingdom/UKHSA-1bN2W6_9000324/2022|EPI_ISL_14934703|2022-08          0.54%    passed    100.00%
 109  hMpxV/United_Kingdom/UKHSA-9000146/2022|EPI_ISL_14278035|2022-06-13              0.54%    passed    100.00%
 110  hMpxV/United_Kingdom/UKHSA-49/2022|EPI_ISL_14439754|2022-06-13                   0.54%    passed    100.00%
 111  hMpxV/United_Kingdom/UKHSA-Qi7K5L_9000213/2022|EPI_ISL_14934632|2022-07          0.55%    passed     99.99%
 112  hMpxV/United_Kingdom/UKHSA-9000220_NCPV_1703/2022|EPI_ISL_14910886|2022-05-14    0.54%    passed    100.00%
 113  hMpxV/United_Kingdom/UKHSA-znBYiF_9000350/2022|EPI_ISL_14934489|2022-08          0.54%    passed    100.00%
 114  hMpxV/United_Kingdom/UKHSA-9000177/2022|EPI_ISL_14276243|2022-06-26              0.55%    passed    100.00%
 115  hMpxV/United_Kingdom/UKHSA-66/2022|EPI_ISL_14439771|2022-06-26                   0.55%    passed    100.00%
 116  hMpxV/Spain/GA-CHUVI-34913080/2022|EPI_ISL_16233785|2022-08-09                   0.54%    passed    100.00%
 117  hMpxV/United_Kingdom/UKHSA-9000173/2022|EPI_ISL_14276245|2022-05-26              0.54%    passed    100.00%
 118  hMpxV/United_Kingdom/UKHSA-64/2022|EPI_ISL_14439769|2022-05-26                   0.54%    passed    100.00%
 119  hMpxV/Spain/un-INIBIC-03/2022|EPI_ISL_16645185|2022-06                           0.54%    passed    100.00%
 120  hMpxV/United_Kingdom/UKHSA-OXSHAI_9000245/2022|EPI_ISL_14934656|2022-07          0.54%    passed     99.99%
 121  hMpxV/United_Kingdom/UKHSA-cAC1lu_9000277/2022|EPI_ISL_14934679|2022-08          0.54%    passed     99.99%
 122  hMpxV/Spain/GA-CHUVI-21947436/2022|EPI_ISL_16233787|2022-08-14                   0.54%    passed     99.99%
 123  hMpxV/United_Kingdom/UKHSA-9000175/2022|EPI_ISL_14276244|2022-06-24              0.54%    passed    100.00%
 124  hMpxV/United_Kingdom/UKHSA-65/2022|EPI_ISL_14439770|2022-06-24                   0.54%    passed    100.00%
 125  hMpxV/United_Kingdom/UKHSA-9000185/2022|EPI_ISL_14276239|2022-06-29              0.54%    passed    100.00%
 126  hMpxV/United_Kingdom/UKHSA-70/2022|EPI_ISL_14439775|2022-06-29                   0.54%    passed    100.00%
 127  hMpxV/United_Kingdom/UKHSA-Mfh7qh_9000333/2022|EPI_ISL_14934483|2022-08          0.54%    passed    100.00%
 128  hMpxV/United_Kingdom/UKHSA-i0Eo3X_9000331/2022|EPI_ISL_14934481|2022-08          0.54%    passed    100.00%
 129  hMpxV/United_Kingdom/UKHSA-UbfBKN_9000238/2022|EPI_ISL_14934652|2022-07          0.54%    passed    100.00%
 130  hMpxV/United_Kingdom/UKHSA-jpMpSR_9000252/2022|EPI_ISL_14934663|2022-08          0.54%    passed    100.00%
 131  hMpxV/United_Kingdom/UKHSA-eunRrC_9000312/2022|EPI_ISL_14934697|2022-08          0.54%    passed    100.00%
 132  hMpxV/United_Kingdom/UKHSA-rYdyAi_9000329/2022|EPI_ISL_14934707|2022-08          0.54%    passed    100.00%
 133  hMpxV/United_Kingdom/UKHSA-VghSe2_9000318/2022|EPI_ISL_14934699|2022-08          0.54%    passed     99.99%
 134  hMpxV/Japan/NIID-012-01/2022|EPI_ISL_19886118|2022-07-25                         0.54%    passed    100.00%
 135  hMpxV/United_Kingdom/UKHSA-9000145/2022|EPI_ISL_14285017|2022-06-16              0.54%    passed    100.00%
 136  hMpxV/United_Kingdom/UKHSA-48/2022|EPI_ISL_14439753|2022-06-16                   0.54%    passed    100.00%
 137  hMpxV/United_Kingdom/UKHSA-9000353/2022|EPI_ISL_14923904|2022-08                 0.54%    passed    100.00%
 138  hMpxV/USA/WA-UW-090794/2022|EPI_ISL_17118716|2022-09                             0.55%    passed     99.99%
 139  hMpxV/USA/WA-UW-090341/2022|EPI_ISL_17118719|2022-09                             0.55%    passed     99.99%
 140  hMpxV/USA/WA-UW-089563/2022|EPI_ISL_15607971|2022-08                             0.55%    passed     99.99%
 141  hMpxV/USA/WA-UW-082153/2022|EPI_ISL_15607972|2022-08                             0.55%    passed     99.99%
 142  hMpxV/USA/WA-UW-092990/2022|EPI_ISL_15608038|2022-09                             0.55%    passed     99.99%
 143  hMpxV/USA/WA-UW-097661/2022|EPI_ISL_15608050|2022-09                             0.55%    passed     99.99%
 144  hMpxV/USA/WA-UW-085249/2022|EPI_ISL_15367984|2022-08                             0.55%    passed     99.99%
 145  hMpxV/USA/WA-UW-085326/2022|EPI_ISL_15607978|2022-08                             0.55%    passed     99.99%
 146  hMpxV/USA/WA-UW-090635/2022|EPI_ISL_15608025|2022-09                             0.55%    passed     99.99%
 147  hMpxV/USA/WA-UW-089473/2022|EPI_ISL_15607976|2022-08                             0.55%    passed     99.99%
 148  hMpxV/USA/WA-UW-098189/2022|EPI_ISL_15607989|2022-09                             0.55%    passed     99.99%
 149  hMpxV/USA/WA-UW-098347/2022|EPI_ISL_15607988|2022-09                             0.55%    passed    100.00%
 150  hMpxV/Chile/RM-ISP-113607/2022|EPI_ISL_19345320|2022-09-23                       0.55%    passed    100.00%
 151  hMpxV/Chile/RM-ISP-115424/2022|EPI_ISL_19345398|2022-09-29                       0.55%    passed    100.00%
 152  hMpxV/Chile/RM-ISP-117764/2022|EPI_ISL_19345385|2022-10-09                       0.55%    passed    100.00%
 153  hMpxV/Chile/RM-ISP-115127/2022|EPI_ISL_19345386|2022-09-29                       0.55%    passed    100.00%
 154  hMpxV/Chile/RM-ISP-115224/2022|EPI_ISL_19345387|2022-09-28                       0.55%    passed    100.00%
 155  hMpxV/United_Kingdom/UKHSA-9000140/2022|EPI_ISL_14289770|2022-07-06              0.54%    passed     99.99%
 156  hMpxV/United_Kingdom/UKHSA-44/2022|EPI_ISL_14439749|2022-07-06                   0.54%    passed     99.99%
 157  hMpxV/United_Kingdom/UKHSA-k9tr7U_9000256/2022|EPI_ISL_14934666|2022-08          0.55%    passed     99.99%
 158  hMpxV/Australia/VIC-UoM-39_D/2022|EPI_ISL_17982681|2022-05-19                    0.54%    passed    100.00%
 159  hMpxV/United_Kingdom/UKHSA-vSkiJH_9000281/2022|EPI_ISL_14934683|2022-08          0.54%    passed    100.00%
 160  hMpxV/United_Kingdom/UKHSA-WOcPOH_9000297/2022|EPI_ISL_14934692|2022-08          0.54%    passed    100.00%
 161  hMpxV/Chile/RM-ISP-125913/2022|EPI_ISL_19345384|2022-11-02                       0.55%    passed     99.99%
 162  hMpxV/Spain/AN-HUCSC-00001/2022|EPI_ISL_13339105|2022-06-07                      0.54%    passed     99.99%
 163  hMpxV/United_Kingdom/UKHSA-ElGfGw_9000328/2022|EPI_ISL_14934706|2022-08          0.54%    passed    100.00%
 164  hMpxV/USA/WA-UW-087572/2022|EPI_ISL_15367996|2022-08                             0.54%    passed     99.99%
 165  hMpxV/USA/WA-UW-111475/2022|EPI_ISL_17118700|2022-11                             0.55%    passed     99.99%
 166  hMpxV/USA/WA-UW-113297/2022|EPI_ISL_17118699|2022-11                             0.55%    passed     99.99%
 167  hMpxV/Chile/RM-ISP-116210/2022|EPI_ISL_19345389|2022-10-03                       0.54%    passed    100.00%
 168  hMpxV/United_Kingdom/UKHSA-nKUAZz_9000294/2022|EPI_ISL_14934689|2022-08          0.55%    passed    100.00%
 169  hMpxV/USA/WA-UW-083083/2022|EPI_ISL_14660227|2022-08                             0.55%    passed     99.99%
 170  hMpxV/USA/WA-UW-0156/2022|EPI_ISL_14752259|2022-08                               0.55%    passed     99.99%
 171  hMpxV/United_Kingdom/UKHSA-bSkpM3_9000334/2022|EPI_ISL_14934484|2022-08          0.55%    passed    100.00%
 172  hMpxV/Mexico/JAL_InDRE_F115/2023|EPI_ISL_17672241|2023-01-11                     0.54%    passed    100.00%
 173  hMpxV/Mexico/ZAC_InDRE_F5323/2022|EPI_ISL_17672217|2022-11-16                    0.54%    passed    100.00%
 174  hMpxV/Mexico/CMX_InDRE_F5140/2022|EPI_ISL_17672211|2022-11-10                    0.54%    passed    100.00%
 175  hMpxV/Mexico/CMX_InDRE_F5592/2022|EPI_ISL_17672227|2022-12-08                    0.54%    passed    100.00%
 176  hMpxV/Mexico/MEX_InDRE_F4473/2022|EPI_ISL_17703574|2022-10-20                    0.54%    passed     99.99%
 177  hMpxV/Mexico/YUC_InDRE_F217/2023|EPI_ISL_17672250|2023-01-17                     0.54%    passed    100.00%
 178  hMpxV/Mexico/CHH_InDRE_F390/2023|EPI_ISL_17703605|2023-03-10                     0.54%    passed    100.00%
 179  hMpxV/Mexico/HID_InDRE_F5587/2022|EPI_ISL_17703580|2022-12-09                    0.54%    passed    100.00%
 180  hMpxV/Mexico/TAM_InDRE_F153/2023|EPI_ISL_17672245|2023-01-19                     0.54%    passed     99.99%
 181  hMpxV/Mexico/CHH_InDRE_F5453/2022|EPI_ISL_17672221|2022-11-30                    0.54%    passed     99.99%
 182  hMpxV/Mexico/OAX_InDRE_F180/2023|EPI_ISL_17672249|2023-01-25                     0.54%    passed    100.00%
 183  hMpxV/Mexico/CMX_InDRE_F411/2023|EPI_ISL_17703607|2023-03-16                     0.54%    passed    100.00%
 184  hMpxV/Mexico/CMX_InDRE_F419/2023|EPI_ISL_17703608|2023-03-21                     0.54%    passed    100.00%
 185  hMpxV/Mexico/GRO_InDRE_F5598/2022|EPI_ISL_17672228|2022-12-10                    0.54%    passed    100.00%
 186  hMpxV/Mexico/CMX_InDRE_F420/2023|EPI_ISL_17703609|2023-03-21                     0.54%    passed    100.00%
 187  hMpxV/Mexico/CMX_InDRE_F5194/2022|EPI_ISL_17703575|2022-11-11                    0.54%    passed    100.00%
 188  hMpxV/Mexico/CMX_InDRE_F422/2023|EPI_ISL_17703610|2023-03-22                     0.54%    passed     99.99%
 189  hMpxV/Indonesia/JK-NIHRD-MP0024/2022|EPI_ISL_14615579|2022-08-18                 0.55%    passed     99.99%
 190  hMpxV/Chile/RM-ISP-113791/2022|EPI_ISL_19345392|2022-09-10                       0.55%    passed    100.00%
 191  hMpxV/Brazil/SP-IAL-69/2022|EPI_ISL_14866481|2022-08-25                          0.54%    passed    100.00%
 192  hMpxV/Brazil/SP-IAL-71/2022|EPI_ISL_14866751|2022-08-24                          0.54%    passed    100.00%
 193  hMpxV/Brazil/SP-IAL-68/2022|EPI_ISL_14865785|2022-08-24                          0.54%    passed    100.00%
 194  hMpxV/Australia/VIC-UoM-46_B/2022|EPI_ISL_17982363|2022-07-13                    0.56%    passed     99.99%
 195  hMpxV/Chile/RM-ISP-124701/2022|EPI_ISL_19345382|2022-10-27                       0.54%    passed    100.00%
 196  hMpxV/Brazil/SP-IAL-72/2022|EPI_ISL_14866752|2022-08-25                          0.54%    passed    100.00%
 197  hMpxV/USA/WA-UW-099881/2022|EPI_ISL_15607987|2022-09                             0.55%    passed    100.00%
 198  hMpxV/United_Kingdom/UKHSA-dDDHx_9000207/2022|EPI_ISL_14934628|2022-06           0.55%    passed     99.99%
 199  hMpxV/United_Kingdom/UKHSA-8/2022|EPI_ISL_14439713|2022-06-05                    0.54%    passed    100.00%
 200  hMpxV/United_Kingdom/UKHSA-9/2022|EPI_ISL_14439714|2022-06-06                    0.54%    passed     99.99%
 201  hMpxV/Chile/VS-ISP-129176/2022|EPI_ISL_19345323|2022-11-14                       0.54%    passed    100.00%
 202  hMpxV/Chile/VS-ISP-1363/2023|EPI_ISL_19345360|2023-01-06                         0.55%    passed     99.99%
 203  hMpxV/Chile/VS-ISP-130350/2022|EPI_ISL_19345328|2022-11-19                       0.55%    passed     99.99%
 204  hMpxV/Chile/VS-ISP-135200/2022|EPI_ISL_19345345|2022-12-07                       0.55%    passed     99.99%
 205  hMpxV/Chile/VS-ISP-141144/2022|EPI_ISL_19345359|2022-12-29                       0.55%    passed     99.99%
 206  hMpxV/Chile/VS-ISP-2855/2023|EPI_ISL_19345363|2023-01-10                         0.55%    passed     99.99%
 207  hMpxV/Chile/RM-ISP-113406/2022|EPI_ISL_19345319|2022-09-23                       0.55%    passed    100.00%
 208  hMpxV/Chile/LI-ISP-114665/2022|EPI_ISL_19345378|2022-09-28                       0.55%    passed    100.00%
 209  hMpxV/Chile/RM-ISP-135494/2022|EPI_ISL_19345347|2022-12-09                       0.55%    passed    100.00%
 210  hMpxV/Chile/RM-ISP-116209/2022|EPI_ISL_19345388|2022-10-03                       0.55%    passed    100.00%
 211  hMpxV/Chile/RM-ISP-114303/2022|EPI_ISL_19345395|2022-09-27                       0.55%    passed    100.00%
 212  hMpxV/Chile/RM-ISP-115435/2022|EPI_ISL_19345399|2022-09-29                       0.55%    passed    100.00%
 213  hMpxV/Chile/RM-ISP-130458/2022|EPI_ISL_19345329|2022-11-22                       0.55%    passed    100.00%
 214  hMpxV/Chile/BI-ISP-134055/2022|EPI_ISL_19345339|2022-12-02                       0.55%    passed    100.00%
 215  hMpxV/Chile/BI-ISP-134056/2022|EPI_ISL_19345340|2022-12-03                       0.55%    passed    100.00%
 216  hMpxV/Chile/BI-ISP-134054/2022|EPI_ISL_19345338|2022-12-02                       0.55%    passed    100.00%
 217  hMpxV/United_Kingdom/UKHSA-KJ3uDD_9000210/2022|EPI_ISL_14934630|2022-06          0.55%    passed     99.99%
 218  hMpxV/Australia/VIC-UoM-54_A/2022|EPI_ISL_17987360|2022-08-05                    0.54%    passed    100.00%
 219  hMpxV/Australia/VIC-UoM-32_A/2022|EPI_ISL_17982483|2022-08-24                    0.54%    passed    100.00%
 220  hMpxV/Australia/VIC-UoM-32_C/2022|EPI_ISL_17982484|2022-08-24                    0.54%    passed    100.00%
 221  hMpxV/Australia/VIC-UoM-4_A/2022|EPI_ISL_17986422|2022-05-19                     0.54%    passed    100.00%
 222  hMpxV/Australia/VIC-UoM-4_C/2022|EPI_ISL_17986523|2022-08-31                     0.54%    passed    100.00%
 223  hMpxV/United_Kingdom/UKHSA-9000104/2022|EPI_ISL_14262582|2022-06-12              0.54%    passed    100.00%
 224  hMpxV/United_Kingdom/UKHSA-32/2022|EPI_ISL_14439737|2022-06-12                   0.54%    passed    100.00%
 225  hMpxV/United_Kingdom/UKHSA-9000108/2022|EPI_ISL_14261661|2022-06-14              0.54%    passed    100.00%
 226  hMpxV/United_Kingdom/UKHSA-36/2022|EPI_ISL_14439741|2022-06-14                   0.54%    passed    100.00%
 227  hMpxV/United_Kingdom/UKHSA-jW1uT9_9000283/2022|EPI_ISL_14934685|2022-08          0.54%    passed    100.00%
 228  hMpxV/United_Kingdom/UKHSA-9000191/2022|EPI_ISL_14261010|2022-07-04              0.54%    passed    100.00%
 229  hMpxV/United_Kingdom/UKHSA-76/2022|EPI_ISL_14439781|2022-07-04                   0.54%    passed    100.00%
 230  hMpxV/Australia/VIC-UoM-8_B/2022|EPI_ISL_18038388|2022-07-13                     0.55%    passed    100.00%
 231  hMpxV/United_Kingdom/UKHSA-9000190/2022|EPI_ISL_14261011|2022-07-06              0.55%    passed    100.00%
 232  hMpxV/United_Kingdom/UKHSA-75/2022|EPI_ISL_14439780|2022-07-06                   0.55%    passed    100.00%
 233  hMpxV/Australia/VIC-UoM-11_A/2022|EPI_ISL_17982002|2022-08-01                    0.54%    passed    100.00%
 234  hMpxV/United_Kingdom/UKHSA-QfgFmq_9000359/2022|EPI_ISL_14934495|2022-08          0.54%    passed    100.00%
 235  hMpxV/USA/WA-UW-102573/2022|EPI_ISL_17118706|2022-10                             0.55%    passed     99.99%
 236  hMpxV/USA/WA-UW-086118/2022|EPI_ISL_15367988|2022-08                             0.55%    passed     99.99%
 237  hMpxV/USA/WA-UW-098936/2022|EPI_ISL_15607991|2022-09                             0.55%    passed     99.99%
 238  hMpxV/USA/WA-UW-081446/2022|EPI_ISL_15367963|2022-08                             0.55%    passed     99.99%
 239  hMpxV/USA/WA-UW-098738/2022|EPI_ISL_15607982|2022-09                             0.55%    passed     99.99%
 240  hMpxV/USA/WA-UW-077466/2022|EPI_ISL_15607969|2022-07                             0.55%    passed     99.99%
 241  hMpxV/United_Kingdom/UKHSA-9000061/2022|EPI_ISL_14270842|2022-05-27              0.55%    passed    100.00%
 242  hMpxV/United_Kingdom/UKHSA-7/2022|EPI_ISL_14439712|2022-05-27                    0.55%    passed    100.00%
 243  hMpxV/USA/WA-UW-092113/2022|EPI_ISL_15433348|2022-09                             0.55%    passed    100.00%
 244  hMpxV/Australia/VIC-UoM-46_A/2022|EPI_ISL_17982362|2022-07-13                    0.56%    passed     99.99%
 245  hMpxV/Australia/VIC-UoM-46_C/2022|EPI_ISL_17982364|2022-07-13                    0.56%    passed     99.99%
 246  hMpxV/USA/WA-UW-108160/2022|EPI_ISL_17118711|2022-10                             0.54%    passed     99.99%
 247  hMpxV/Chile/RM-ISP-121170/2022|EPI_ISL_19345379|2022-10-18                       0.55%    passed     99.99%
 248  hMpxV/USA/OH-UW-071356/2022|EPI_ISL_14910863|2022-07                             0.55%    passed    100.00%
 249  hMpxV/USA/WA-UW-087104/2022|EPI_ISL_14910881|2022-08                             0.55%    passed     99.99%
 250  hMpxV/United_Kingdom/UKHSA-z0MIuQ_9000282/2022|EPI_ISL_14934684|2022-08          0.55%    passed     99.99%
 251  hMpxV/USA/WA-UW-089756/2022|EPI_ISL_15607973|2022-08                             0.55%    passed    100.00%
 252  hMpxV/USA/WA-UW-089142/2022|EPI_ISL_14663635|2022-08                             0.55%    passed     99.99%
 253  hMpxV/USA/WA-UW-0160/2022|EPI_ISL_14752260|2022-08                               0.55%    passed     99.99%
 254  hMpxV/USA/WA-UW-088960/2022|EPI_ISL_14910885|2022-08                             0.55%    passed    100.00%
 255  hMpxV/USA/WA-UW-083951/2022|EPI_ISL_15367973|2022-08                             0.55%    passed    100.00%
 256  hMpxV/USA/WA-UW-084712/2022|EPI_ISL_15367981|2022-08                             0.55%    passed     99.99%
 257  hMpxV/USA/WA-UW-117178/2022|EPI_ISL_17118701|2022-11                             0.55%    passed     99.99%
 258  hMpxV/USA/WA-UW-082770/2022|EPI_ISL_14910872|2022-08                             0.55%    passed     99.99%
 259  hMpxV/USA/WA-UW-088725/2022|EPI_ISL_14663634|2022-08                             0.55%    passed     99.99%
 260  hMpxV/USA/WA-UW-0169/2022|EPI_ISL_14752261|2022-08                               0.55%    passed     99.99%
 261  hMpxV/USA/WA-UW-089807/2022|EPI_ISL_15368006|2022-08                             0.55%    passed     99.99%
 262  hMpxV/USA/WA-UW-089871/2022|EPI_ISL_15368007|2022-08                             0.55%    passed     99.99%
 263  hMpxV/USA/WA-UW-085850/2022|EPI_ISL_15367986|2022-08                             0.55%    passed    100.00%
 264  hMpxV/USA/WA-UW-081603/2022|EPI_ISL_15367964|2022-08                             0.55%    passed    100.00%
 265  hMpxV/USA/WA-UW-084082/2022|EPI_ISL_15367974|2022-08                             0.55%    passed    100.00%
 266  hMpxV/USA/WA-UW-084693/2022|EPI_ISL_15367980|2022-08                             0.55%    passed    100.00%
 267  hMpxV/USA/WA-UW-086652/2022|EPI_ISL_15367990|2022-08                             0.55%    passed     99.99%
 268  hMpxV/USA/WA-UW-087094/2022|EPI_ISL_14910880|2022-08                             0.55%    passed     99.99%
 269  hMpxV/USA/WA-UW-082483/2022|EPI_ISL_15367966|2022-08                             0.55%    passed     99.99%
 270  hMpxV/USA/WA-UW-092175/2022|EPI_ISL_15368009|2022-09                             0.55%    passed     99.99%
 271  hMpxV/USA/WA-UW-087328/2022|EPI_ISL_15367993|2022-08                             0.55%    passed    100.00%
 272  hMpxV/Germany/un-UB-44010/2023|EPI_ISL_19230662|2023-09                          0.56%    passed    100.00%
 273  hMpxV/Germany/un-UB-44557/2023|EPI_ISL_19230664|2023-10                          0.56%    passed     99.99%
 274  hMpxV/Germany/un-UB-44300/2023|EPI_ISL_19230665|2023-10                          0.56%    passed     99.99%
 275  hMpxV/Germany/un-UB-44632/2023|EPI_ISL_19230663|2023-11                          0.56%    passed     99.99%
 276  hMpxV/Chile/CO-ISP-131666/2022|EPI_ISL_19345331|2022-11-24                       0.56%    passed    100.00%
 277  hMpxV/USA/WA-UW-104493/2022|EPI_ISL_17118708|2022-10                             0.55%    passed     99.99%
 278  hMpxV/USA/WA-UW-087956/2022|EPI_ISL_15368002|2022-08                             0.55%    passed     99.99%
 279  hMpxV/USA/WA-UW-080944/2022|EPI_ISL_15367960|2022-08                             0.55%    passed     99.99%
 280  hMpxV/USA/WA-UW-098023/2022|EPI_ISL_17118717|2022-09                             0.55%    passed     99.99%
 281  hMpxV/France/un-IHU-00003/2022|EPI_ISL_14863051|2022-07-04                       0.57%    passed     99.97%
 282  hMpxV/United_Kingdom/UKHSA-KV9qz9_9000349/2022|EPI_ISL_14934488|2022-08          0.57%    passed     99.99%
 283  hMpxV/France/un-IHU-00005/2022|EPI_ISL_14863053|2022-07-04                       0.57%    passed     99.97%
 284  hMpxV/United_Kingdom/UKHSA-8gbW2X_9000262/2022|EPI_ISL_14934671|2022-08          0.56%    passed     99.99%
 285  hMpxV/Brazil/SP-IAL-104/2022|EPI_ISL_15419135|2022-09-05                         0.75%    passed     99.75%
 286  hMpxV/Brazil/SP-IAL-102/2022|EPI_ISL_15419133|2022-09-02                         0.75%    passed     99.76%
 287  hMpxV/United_Kingdom/UKHSA-1bN2W6_9000258/2022|EPI_ISL_14934667|2022-08          0.56%    passed     99.99%
 288  hMpxV/United_Kingdom/UKHSA-9000142/2022|EPI_ISL_14278655|2022-06-15              0.55%    passed     99.99%
 289  hMpxV/United_Kingdom/UKHSA-45/2022|EPI_ISL_14439750|2022-06-15                   0.55%    passed     99.99%
 290  hMpxV/Brazil/SP-IAL-112/2022|EPI_ISL_15419143|2022-09-06                         0.77%    passed     99.89%
 291  hMpxV/Brazil/SP-IAL-115/2022|EPI_ISL_15419146|2022-09-09                         0.69%    passed     99.94%
 292  hMpxV/Brazil/SP-IAL-45/2022|EPI_ISL_14623704|2022-08-04                          0.78%    passed     99.87%
 293  hMpxV/France/un-IHU-00002/2022|EPI_ISL_14863050|2022-07-01                       0.56%    passed     99.98%
 294  hMpxV/Brazil/PR-IAL-54/2022|EPI_ISL_14625230|2022-08-03                          0.68%    passed     99.96%
 295  hMpxV/Brazil/SP-IAL-63/2022|EPI_ISL_14809096|2022-08-19                          0.74%    passed     99.85%
 296  hMpxV/USA/WA-UW-087689/2022|EPI_ISL_15367999|2022-08                             0.55%    passed     99.99%
 297  hMpxV/USA/WA-UW-088248/2022|EPI_ISL_15607980|2022-08                             0.55%    passed     99.99%
 298  hMpxV/USA/WA-UW-091051/2022|EPI_ISL_17118725|2022-09                             0.55%    passed    100.00%
 299  hMpxV/USA/WA-UW-094428/2022|EPI_ISL_17118726|2022-09                             0.55%    passed    100.00%
 300  hMpxV/USA/WA-UW-092912/2022|EPI_ISL_15608026|2022-09                             0.55%    passed     99.99%
 301  hMpxV/USA/NY-PV67626-CPS/2022|EPI_ISL_17424677|2022-07-07                        0.57%    passed     99.98%
 302  hMpxV/Ireland/D-NVRL-Z22IRL00215/2022|EPI_ISL_15763822|2022-07-04                0.60%    passed     99.92%
 303  hMpxV/Chile/RM-ISP-126851/2022|EPI_ISL_19345373|2022-11-04                       0.55%    passed    100.00%
 304  hMpxV/Brazil/SP-IAL-106/2022|EPI_ISL_15419137|2022-09-05                         0.77%    passed     99.87%
 305  hMpxV/USA/un-UW-102378/2022|EPI_ISL_15608045|2022-10                             0.55%    passed    100.00%
 306  hMpxV/France/un-IHU-00004/2022|EPI_ISL_14863052|2022-07-04                       0.57%    passed     99.98%
 307  hMpxV/USA/WA-UW-091026/2022|EPI_ISL_17118718|2022-09                             0.55%    passed     99.99%
 308  hMpxV/United_Kingdom/UKHSA-9000188/2022|EPI_ISL_14261016|2022-06-29              0.55%    passed    100.00%
 309  hMpxV/United_Kingdom/UKHSA-73/2022|EPI_ISL_14439778|2022-06-29                   0.55%    passed    100.00%
 310  hMpxV/USA/OH-UW-080114/2022|EPI_ISL_14910864|2022-08                             0.55%    passed     99.99%
 311  hMpxV/Mexico/DUR_InDRE_F268/2023|EPI_ISL_17672254|2023-02-02                     0.54%    passed    100.00%
 312  hMpxV/Mexico/TAM_InDRE_F5191/2022|EPI_ISL_17672212|2022-11-07                    0.54%    passed    100.00%
 313  hMpxV/Mexico/CMX_InDRE_F5430/2022|EPI_ISL_17703577|2022-11-28                    0.54%    passed    100.00%
 314  hMpxV/Mexico/JAL_InDRE_F5746/2022|EPI_ISL_17672234|2022-12-14                    0.54%    passed    100.00%
 315  hMpxV/Mexico/GRO_InDRE_F5238/2022|EPI_ISL_17672214|2022-11-10                    0.54%    passed    100.00%
 316  hMpxV/Mexico/BCN_InDRE_F5516/2022|EPI_ISL_17672223|2022-11-29                    0.54%    passed    100.00%
 317  hMpxV/Mexico/VER_InDRE_F254/2023|EPI_ISL_17672252|2023-01-31                     0.54%    passed    100.00%
 318  hMpxV/Mexico/VER_InDRE_F5457/2022|EPI_ISL_17672222|2022-11-29                    0.54%    passed    100.00%
 319  hMpxV/Mexico/QUE_InDRE_F4887/2022|EPI_ISL_17672208|2022-11-01                    0.54%    passed     99.99%
 320  hMpxV/Mexico/YUC_InDRE_F4966/2022|EPI_ISL_17672209|2022-11-04                    0.54%    passed     99.99%
 321  hMpxV/Mexico/PUE_InDRE_F5234/2022|EPI_ISL_17672213|2022-11-07                    0.54%    passed    100.00%
 322  hMpxV/Mexico/PUE_InDRE_F57/2023|EPI_ISL_17672236|2023-01-02                      0.54%    passed    100.00%
 323  hMpxV/Mexico/MEX_InDRE_F5758/2022|EPI_ISL_17672235|2022-12-30                    0.54%    passed     99.99%
 324  hMpxV/Mexico/MEX_InDRE_F1393/2022|EPI_ISL_17703564|2022-08-25                    0.54%    passed     99.99%
 325  hMpxV/Mexico/MEX_InDRE_F4031/2022|EPI_ISL_17703572|2022-10-10                    0.54%    passed    100.00%
 326  hMpxV/Mexico/CMX_InDRE_F4069/2022|EPI_ISL_17703573|2022-10-12                    0.54%    passed    100.00%
 327  hMpxV/Mexico/SLP_InDRE_F293/2023|EPI_ISL_17672255|2023-02-13                     0.54%    passed    100.00%
 328  hMpxV/Mexico/JAL_InDRE_F1522/2022|EPI_ISL_17703566|2022-08-29                    0.54%    passed     99.99%
 329  hMpxV/Mexico/CHH_InDRE_F43/2023|EPI_ISL_17703584|2023-01-02                      0.54%    passed    100.00%
 330  hMpxV/Mexico/CAM_InDRE_F5554/2022|EPI_ISL_17672225|2022-11-30                    0.54%    passed    100.00%
 331  hMpxV/Mexico/JAL_InDRE_F171/2023|EPI_ISL_17703593|2023-01-20                     0.54%    passed     99.99%
 332  hMpxV/Chile/RM-ISP-3703/2023|EPI_ISL_19345365|2023-01-13                         0.55%    passed    100.00%
 333  hMpxV/United_Kingdom/UKHSA-h9DUQg_9000203/2022|EPI_ISL_14934624|2022-07          0.55%    passed     99.99%
 334  hMpxV/United_Kingdom/UKHSA-J6xzTO_9000286/2022|EPI_ISL_14934686|2022-08          0.55%    passed     99.99%
 335  hMpxV/United_Kingdom/UKHSA-J6xzTO_9000287/2022|EPI_ISL_14934687|2022-08          0.55%    passed    100.00%
 336  hMpxV/Mexico/NLE_InDRE_F280/2023|EPI_ISL_17703601|2023-02-08                     0.54%    passed    100.00%
 337  hMpxV/Mexico/SIN_InDRE_F3670/2022|EPI_ISL_17703571|2022-09-29                    0.54%    passed     99.99%
 338  hMpxV/Mexico/NLE_InDRE_F311/2023|EPI_ISL_17703602|2023-02-15                     0.54%    passed    100.00%
 339  hMpxV/USA/WA-UW-104793/2022|EPI_ISL_15608057|2022-10                             0.55%    passed     99.99%
 340  hMpxV/Ireland/L-NVRL-Z22IRL00254/2022|EPI_ISL_15763814|2022-07-11                0.60%    passed     99.93%
 341  hMpxV/Mexico/MEX_InDRE_F1736/2022|EPI_ISL_17703567|2022-08-31                    0.54%    passed     99.97%
 342  hMpxV/USA/WA-UW-092397/2022|EPI_ISL_17118728|2022-09                             0.54%    passed     99.99%
 343  hMpxV/United_Kingdom/UKHSA-BhVKjm_9000232/2022|EPI_ISL_14934646|2022-07          0.57%    passed     99.98%
 344  hMpxV/Netherlands/NH-AUMC-0001/2023|EPI_ISL_17502583|2023-01-05                  0.60%    passed     99.98%
 345  hMpxV/Netherlands/NH-AUMC-0069/2022|EPI_ISL_15641603|2022-09-21                  0.61%    passed     99.98%
 346  hMpxV/Netherlands/NH-AUMC-0074/2022|EPI_ISL_15641608|2022-09-14                  0.61%    passed     99.96%
 347  hMpxV/Netherlands/NH-AUMC-0070/2022|EPI_ISL_15641604|2022-09-15                  0.61%    passed     99.95%
 348  hMpxV/Brazil/SP-IAL-103/2022|EPI_ISL_15419134|2022-09-06                         0.79%    passed     99.94%
 349  hMpxV/Brazil/SP-IAL-105/2022|EPI_ISL_15419136|2022-09-05                         0.77%    passed     99.96%
 350  hMpxV/Brazil/PR-IAL-55/2022|EPI_ISL_14625256|2022-08-05                          0.74%    passed     99.98%
 351  hMpxV/Brazil/SP-IAL-35/2022|EPI_ISL_14622055|2022-08-03                          0.90%    passed     99.94%
 352  hMpxV/Brazil/SP-IAL-24/2022|EPI_ISL_14070854|2022-07-19                          0.57%    passed     99.94%
 353  hMpxV/Brazil/SP-IAL-25/2022|EPI_ISL_14070855|2022-07-19                          0.56%    passed     99.95%
 354  hMpxV/Brazil/SP-IAL-38/2022|EPI_ISL_14622706|2022-08-04                          0.79%    passed     99.88%
 355  hMpxV/United_Kingdom/UKHSA-9000143/2022|EPI_ISL_14278037|2022-06-16              0.57%    passed     99.97%
 356  hMpxV/United_Kingdom/UKHSA-46/2022|EPI_ISL_14439751|2022-06-16                   0.57%    passed     99.97%
 357  hMpxV/USA/WA-UW-085359/2022|EPI_ISL_15608048|2022-08                             0.55%    passed     99.99%
 358  hMpxV/France/un-IHU-00009/2022|EPI_ISL_14863057|2022-07-07                       0.56%    passed     99.99%
 359  hMpxV/USA/WA-UW-082002/2022|EPI_ISL_15367965|2022-08                             0.55%    passed    100.00%
 360  hMpxV/USA/UW-WA-0045/2022|EPI_ISL_14315317|2022-07                               0.56%    passed     99.98%
 361  hMpxV/USA/WA-UW-0084/2022|EPI_ISL_14562490|2022-08                               0.56%    passed     99.98%
 362  hMpxV/USA/OH-UW-073319/2022|EPI_ISL_14476575|2022-08                             0.56%    passed     99.98%
 363  hMpxV/USA/OH-UW-076485/2022|EPI_ISL_15384401|2022-07                             0.56%    passed     99.98%
 364  hMpxV/USA/WA-UW-084331/2022|EPI_ISL_14997069|2022-08                             0.56%    passed     99.98%
 365  hMpxV/USA/WA-UW-0110/2022|EPI_ISL_14699932|2022-08                               0.56%    passed     99.98%
 366  hMpxV/USA/WA-UW-086841/2022|EPI_ISL_14620261|2022-08                             0.56%    passed     99.98%
 367  hMpxV/USA/WA-UW-0114/2022|EPI_ISL_14699936|2022-08                               0.56%    passed     99.98%
 368  hMpxV/USA/WA-UW-087301/2022|EPI_ISL_14620262|2022-08                             0.56%    passed     99.98%
 369  hMpxV/USA/WA-UW-0145/2022|EPI_ISL_14699953|2022-08                               0.56%    passed     99.98%
 370  hMpxV/USA/WA-UW-082497/2022|EPI_ISL_14620254|2022-08                             0.56%    passed     99.98%
 371  hMpxV/USA/WA-UW-0096/2022|EPI_ISL_14699958|2022-08                               0.56%    passed     99.98%
 372  hMpxV/USA/WA-UW-088152/2022|EPI_ISL_14620264|2022-08                             0.56%    passed     99.98%
 373  hMpxV/USA/WA-UW-089183/2022|EPI_ISL_14478212|2022-08                             0.56%    passed     99.99%
 374  hMpxV/USA/WA-UW-0097/2022|EPI_ISL_14562500|2022-08                               0.56%    passed     99.99%
 375  hMpxV/USA/WA-UW-0135/2022|EPI_ISL_14699949|2022-08                               0.56%    passed     99.98%
 376  hMpxV/USA/OH-UW-082225/2022|EPI_ISL_14620244|2022-08                             0.56%    passed     99.98%
 377  hMpxV/USA/OH-UW-082260/2022|EPI_ISL_14478094|2022-08                             0.56%    passed     99.97%
 378  hMpxV/USA/WA-UW-0086/2022|EPI_ISL_14562491|2022-08                               0.56%    passed     99.97%
 379  hMpxV/USA/OK-UN-134/2022|EPI_ISL_14804646|2022-08-08                             0.56%    passed     99.98%
 380  hMpxV/Brazil/SP-IAL-39/2022|EPI_ISL_14622707|2022-08-04                          0.73%    passed     99.88%
 381  hMpxV/Brazil/SP-IAL-75/2022|EPI_ISL_14995578|2022-08-27                          0.74%    passed     99.81%
 382  hMpxV/USA/CA-CDPH-000002/2022|EPI_ISL_13993735|2022-06-02                        0.54%    passed    100.00%
 383  hMpxV/Australia/VIC-UoM-42_C/2022|EPI_ISL_17981992|2022-06-22                    0.54%    passed    100.00%
 384  hMpxV/United_Kingdom/UKHSA-9000101/2022|EPI_ISL_14262584|2022-06-09              0.54%    passed    100.00%
 385  hMpxV/United_Kingdom/UKHSA-29/2022|EPI_ISL_14439734|2022-06-09                   0.54%    passed    100.00%
 386  hMpxV/United_Kingdom/UKHSA-9000072/2022|EPI_ISL_14276231|2022-06-09              0.54%    passed     99.99%
 387  hMpxV/United_Kingdom/UKHSA-18/2022|EPI_ISL_14439723|2022-06-09                   0.54%    passed     99.99%
 388  hMpxV/United_Kingdom/UKHSA-L0aaxP_9000335/2022|EPI_ISL_14934485|2022-08          0.54%    passed    100.00%
 389  hMpxV/United_Kingdom/UKHSA-9000195/2022|EPI_ISL_14276237|2022-07-06              0.54%    passed     99.99%
 390  hMpxV/United_Kingdom/UKHSA-80/2022|EPI_ISL_14439785|2022-07-06                   0.54%    passed     99.99%
 391  hMpxV/United_Kingdom/UKHSA-CJjutN_9000198/2022|EPI_ISL_14934620|2022-07          0.55%    passed     99.99%
 392  hMpxV/United_Kingdom/UKHSA-fZLVcc_9000227/2022|EPI_ISL_14934642|2022-07          0.54%    passed     99.99%
 393  hMpxV/United_Kingdom/UKHSA-gOirGi_9000215/2022|EPI_ISL_14934633|2022-07          0.55%    passed     99.99%
 394  hMpxV/United_Kingdom/UKHSA-fZLVcc_9000229/2022|EPI_ISL_14934644|2022-07          0.56%    passed     99.98%
 395  hMpxV/United_Kingdom/UKHSA-9000105/2022|EPI_ISL_14262243|2022-06-14              0.55%    passed    100.00%
 396  hMpxV/United_Kingdom/UKHSA-33/2022|EPI_ISL_14439738|2022-06-14                   0.55%    passed    100.00%
 397  hMpxV/United_Kingdom/UKHSA-UBm6ar_9000259/2022|EPI_ISL_14934668|2022-08          0.54%    passed    100.00%
 398  hMpxV/United_Kingdom/UKHSA-9000060/2022|EPI_ISL_14752284|2022-06-07              0.55%    passed    100.00%
 399  hMpxV/United_Kingdom/UKHSA-9000137/2022|EPI_ISL_14261013|2022-07-07              0.54%    passed    100.00%
 400  hMpxV/United_Kingdom/UKHSA-42/2022|EPI_ISL_14439747|2022-07-07                   0.54%    passed    100.00%
 401  hMpxV/United_Kingdom/UKHSA-eobXCZ_9000296/2022|EPI_ISL_14934691|2022-08          0.54%    passed    100.00%
 402  hMpxV/United_Kingdom/UKHSA-9000178/2022|EPI_ISL_14276242|2022-06-27              0.54%    passed    100.00%
 403  hMpxV/United_Kingdom/UKHSA-67/2022|EPI_ISL_14439772|2022-06-27                   0.54%    passed    100.00%
 404  hMpxV/USA/WA-UW-106624/2022|EPI_ISL_15608059|2022-10                             0.55%    passed    100.00%
 405  hMpxV/United_Kingdom/UKHSA-Fap1fz_9000235/2022|EPI_ISL_14934649|2022-07          0.54%    passed    100.00%
 406  hMpxV/USA/WA-UW-107595/2022|EPI_ISL_17118712|2022-10                             0.55%    passed    100.00%
 407  hMpxV/USA/un-UW-109319/2022|EPI_ISL_15608056|2022-10                             0.55%    passed    100.00%
 408  hMpxV/USA/WA-UW-098721/2022|EPI_ISL_15608034|2022-09                             0.55%    passed     99.99%
 409  hMpxV/USA/WA-UW-089051/2022|EPI_ISL_15607977|2022-08                             0.55%    passed    100.00%
 410  hMpxV/USA/WA-UW-087369/2022|EPI_ISL_15367994|2022-08                             0.55%    passed    100.00%
 411  hMpxV/USA/WA-UW-092798/2022|EPI_ISL_15607985|2022-09                             0.55%    passed    100.00%
 412  hMpxV/United_Kingdom/UKHSA-9000327/2022|EPI_ISL_14923902|2022-08                 0.55%    passed    100.00%
 413  hMpxV/United_Kingdom/UKHSA-7eECz2_9000326/2022|EPI_ISL_14934705|2022-08          0.54%    passed    100.00%
 414  hMpxV/United_Kingdom/UKHSA-9000158/2022|EPI_ISL_14277568|2022-07-07              0.54%    passed    100.00%
 415  hMpxV/United_Kingdom/UKHSA-56/2022|EPI_ISL_14439761|2022-07-07                   0.54%    passed    100.00%
 416  hMpxV/United_Kingdom/UKHSA-9000164/2022|EPI_ISL_14277569|2022-07-05              0.54%    passed    100.00%
 417  hMpxV/United_Kingdom/UKHSA-61/2022|EPI_ISL_14439766|2022-07-05                   0.54%    passed    100.00%
 418  hMpxV/United_Kingdom/UKHSA-oJ2Z6R_9000271/2022|EPI_ISL_14934677|2022-08          0.54%    passed    100.00%
 419  hMpxV/United_Kingdom/UKHSA-9000183/2022|EPI_ISL_14752290|2022-06-29              0.54%    passed    100.00%
 420  hMpxV/United_Kingdom/UKHSA-TcUINH_9000230/2022|EPI_ISL_14934645|2022-07          0.54%    passed    100.00%
 421  hMpxV/United_Kingdom/UKHSA-9000231/2022|EPI_ISL_14923900|2022-07                 0.54%    passed    100.00%
 422  hMpxV/United_Kingdom/UKHSA-cbQgLw_9000299/2022|EPI_ISL_14934693|2022-08          0.54%    passed    100.00%
 423  hMpxV/USA/WA-UW-095653/2022|EPI_ISL_15608053|2022-09                             0.55%    passed    100.00%
 424  hMpxV/USA/WA-UW-091890/2022|EPI_ISL_15608054|2022-09                             0.55%    passed     99.99%
 425  hMpxV/USA/WA-UW-098858/2022|EPI_ISL_17118722|2022-09                             0.55%    passed    100.00%
 426  hMpxV/USA/WA-UW-084166/2022|EPI_ISL_15367976|2022-07                             0.55%    passed    100.00%
 427  hMpxV/United_Kingdom/UKHSA-9000065/2022|EPI_ISL_14270838|2022-06-06              0.55%    passed     99.99%
 428  hMpxV/United_Kingdom/UKHSA-11/2022|EPI_ISL_14439716|2022-06-06                   0.55%    passed     99.99%
 429  hMpxV/Switzerland/ZH-UZH-IMV-3ba64538/2022|EPI_ISL_13251723|2022-06-02           0.55%    passed    100.00%
 430  hMpxV/USA/WA-UW-083053/2022|EPI_ISL_15367970|2022-08                             0.55%    passed     99.99%
 431  hMpxV/Brazil/SP-IAL-06/2022|EPI_ISL_13343718|2022-06-15                          0.51%    passed    100.00%
 432  hMpxV/United_Kingdom/UKHSA-9000289/2022|EPI_ISL_14923901|2022-08                 0.55%    passed    100.00%
 433  hMpxV/Mexico/VER_InDRE_F158/2023|EPI_ISL_17672246|2023-01-23                     0.54%    passed    100.00%
 434  hMpxV/Mexico/ROO_InDRE_F162/2023|EPI_ISL_17672247|2023-01-16                     0.54%    passed     99.99%
 435  hMpxV/Mexico/NLE_InDRE_F163/2023|EPI_ISL_17703592|2023-01-19                     0.54%    passed     99.99%
 436  hMpxV/Mexico/ROO_InDRE_F288/2023|EPI_ISL_17672257|2023-02-02                     0.54%    passed     99.99%
 437  hMpxV/Mexico/TAB_InDRE_F5365/2022|EPI_ISL_17672218|2022-11-08                    0.54%    passed     99.99%
 438  hMpxV/Mexico/ROO_InDRE_F5259/2022|EPI_ISL_17703576|2022-11-02                    0.54%    passed     99.99%
 439  hMpxV/Mexico/CMX_InDRE_F266/2023|EPI_ISL_17672253|2023-02-09                     0.54%    passed    100.00%
 440  hMpxV/Mexico/ROO_InDRE_F5733/2022|EPI_ISL_17672233|2022-12-19                    0.54%    passed    100.00%
 441  hMpxV/Mexico/ROO_InDRE_F5579/2022|EPI_ISL_17703579|2022-12-05                    0.54%    passed    100.00%
 442  hMpxV/Mexico/ROO_InDRE_F81/2023|EPI_ISL_17703588|2023-01-01                      0.54%    passed    100.00%
 443  hMpxV/Mexico/YUC_InDRE_F5465/2022|EPI_ISL_17703578|2022-11-22                    0.54%    passed    100.00%
 444  hMpxV/Mexico/YUC_InDRE_F45/2022|EPI_ISL_17703585|2022-12-20                      0.54%    passed    100.00%
 445  hMpxV/Mexico/CAM_InDRE_F58/2023|EPI_ISL_17672237|2023-01-03                      0.54%    passed    100.00%
 446  hMpxV/Mexico/ROO_InDRE_F263/2023|EPI_ISL_17703598|2023-01-30                     0.54%    passed    100.00%
 447  hMpxV/Mexico/MEX_InDRE_F75/2023|EPI_ISL_17672238|2023-01-09                      0.54%    passed    100.00%
 448  hMpxV/Mexico/NLE_InDRE_F77/2023|EPI_ISL_17703586|2023-01-06                      0.54%    passed    100.00%
 449  hMpxV/Mexico/NLE_InDRE_F78/2023|EPI_ISL_17703587|2023-01-09                      0.54%    passed    100.00%
 450  hMpxV/Mexico/NLE_InDRE_F410/2023|EPI_ISL_17703606|2023-03-13                     0.54%    passed    100.00%
 451  hMpxV/Mexico/ROO_InDRE_F97/2023|EPI_ISL_17703589|2023-01-06                      0.54%    passed     99.99%
 452  hMpxV/United_Kingdom/UKHSA-9000092/2022|EPI_ISL_14270836|2022-05-25              0.58%    passed     99.98%
 453  hMpxV/United_Kingdom/UKHSA-23/2022|EPI_ISL_14439728|2022-05-25                   0.58%    passed     99.98%
 454  hMpxV/United_Kingdom/UKHSA-26/2022|EPI_ISL_14439731|2022-06-06                   0.55%    passed    100.00%
 455  hMpxV/United_Kingdom/UKHSA-9000097/2022|EPI_ISL_14268144|2022-06-06              0.55%    passed    100.00%
 456  hMpxV/United_Kingdom/UKHSA-9000162/2022|EPI_ISL_14277499|2022-07-07              0.56%    passed     99.99%
 457  hMpxV/United_Kingdom/UKHSA-60/2022|EPI_ISL_14439765|2022-07-07                   0.56%    passed     99.99%
 458  hMpxV/USA/WA-UW-094968/2022|EPI_ISL_17118715|2022-09                             0.55%    passed     99.99%
 459  hMpxV/USA/WA-UW-090521/2022|EPI_ISL_17118727|2022-09                             0.55%    passed     99.99%
 460  hMpxV/USA/WA-UW-087484/2022|EPI_ISL_15367995|2022-08                             0.55%    passed     99.99%
 461  hMpxV/Brazil/SP-IAL-110/2022|EPI_ISL_15419141|2022-09-07                         0.88%    passed     99.94%
 462  hMpxV/Brazil/SP-IAL-124/2022|EPI_ISL_15419155|2022-09-10                         0.83%    passed     99.93%
 463  hMpxV/Brazil/SP-IAL-116/2022|EPI_ISL_15419147|2022-09-09                         0.84%    passed     99.95%
 464  hMpxV/Brazil/SP-IAL-123/2022|EPI_ISL_15419154|2022-09-09                         0.91%    passed     99.95%
 465  hMpxV/Brazil/SP-IAL-130/2022|EPI_ISL_15419161|2022-09-15                         0.90%    passed     99.92%
 466  hMpxV/Netherlands/un-EMC-NL055/2022|EPI_ISL_15269699|2022-05-24                  0.59%    passed     99.94%
 467  hMpxV/Brazil/SP-IAL-125/2022|EPI_ISL_15419156|2022-09-12                         0.76%    passed     99.80%
 468  hMpxV/Brazil/SP-IAL-131/2022|EPI_ISL_15419162|2022-09-14                         0.90%    passed     99.92%
 469  hMpxV/Ireland/D-NVRL-Z22IRL00547/2022|EPI_ISL_15763812|2022-08-26                0.60%    passed     99.94%
 470  hMpxV/Ireland/D-NVRL-Z22IRL00083/2022|EPI_ISL_15763815|2022-06-10                0.60%    passed     99.91%
 471  hMpxV/Ireland/D-NVRL-Z22IRL00556/2022|EPI_ISL_15763817|2022-08-29                0.60%    passed     99.92%
 472  hMpxV/Ireland/D-NVRL-Z22IRL00599/2022|EPI_ISL_15763818|2022-09-05                0.60%    passed     99.92%
 473  hMpxV/Ireland/D-NVRL-Z22IRL00600/2022|EPI_ISL_15763820|2022-09-05                0.60%    passed     99.92%
 474  hMpxV/Ireland/D-NVRL-Z22IRL00644/2022|EPI_ISL_15763831|2022-09-16                0.60%    passed     99.95%
 475  hMpxV/Ireland/D-NVRL-Z22IRL00462/2022|EPI_ISL_15763813|2022-08-15                0.60%    passed     99.95%
 476  hMpxV/Ireland/D-NVRL-Z22IRL00402/2022|EPI_ISL_15763826|2022-08-08                0.60%    passed     99.94%
 477  hMpxV/Ireland/D-NVRL-Z22IRL00680/2022|EPI_ISL_15763832|2022-09-23                0.61%    passed     99.93%
 478  hMpxV/Brazil/SP-IAL-114/2022|EPI_ISL_15419145|2022-09-08                         0.87%    passed     99.93%
 479  hMpxV/United_Kingdom/UKHSA-9000076/2022|EPI_ISL_14276233|2022-06-09              0.56%    passed     99.99%
 480  hMpxV/United_Kingdom/UKHSA-20/2022|EPI_ISL_14439725|2022-06-09                   0.56%    passed     99.99%
 481  hMpxV/United_Kingdom/UKHSA-9000066/2022|EPI_ISL_14261017|2022-06-07              0.56%    passed     99.99%
 482  hMpxV/United_Kingdom/UKHSA-12/2022|EPI_ISL_14439717|2022-06-07                   0.56%    passed     99.99%
 483  hMpxV/United_Kingdom/UKHSA-luLfgA_9000208/2022|EPI_ISL_14934629|2022-07          0.56%    passed    100.00%
 484  hMpxV/United_Kingdom/UKHSA-9000067/2022|EPI_ISL_14270843|2022-06-08              0.54%    passed    100.00%
 485  hMpxV/United_Kingdom/UKHSA-13/2022|EPI_ISL_14439718|2022-06-08                   0.54%    passed    100.00%
 486  hMpxV/United_Kingdom/UKHSA-9000106/2022|EPI_ISL_14261663|2022-06-14              0.54%    passed    100.00%
 487  hMpxV/United_Kingdom/UKHSA-34/2022|EPI_ISL_14439739|2022-06-14                   0.54%    passed    100.00%
 488  hMpxV/USA/WA-UW-012937/2023|EPI_ISL_17650030|2023-01                             0.55%    passed     99.99%
 489  hMpxV/USA/WA-UW-108047/2022|EPI_ISL_17118709|2022-10                             0.55%    passed    100.00%
 490  hMpxV/USA/WA-UW-107934/2022|EPI_ISL_17118710|2022-10                             0.55%    passed    100.00%
 491  hMpxV/USA/WA-UW-103817/2022|EPI_ISL_17118713|2022-10                             0.55%    passed    100.00%
 492  hMpxV/USA/WA-UW-087291/2022|EPI_ISL_15367992|2022-08                             0.55%    passed    100.00%
 493  hMpxV/USA/WA-UW-087697/2022|EPI_ISL_15368000|2022-08                             0.55%    passed     99.99%
 494  hMpxV/USA/WA-UW-100584/2022|EPI_ISL_17118714|2022-10                             0.55%    passed    100.00%
 495  hMpxV/USA/WA-UW-083401/2022|EPI_ISL_15367971|2022-08                             0.55%    passed     99.99%
 496  hMpxV/USA/WA-UW-086115/2022|EPI_ISL_15367987|2022-08                             0.55%    passed     99.99%
 497  hMpxV/USA/WA-UW-083760/2022|EPI_ISL_15367972|2022-08                             0.55%    passed     99.99%
 498  hMpxV/USA/WA-UW-086630/2022|EPI_ISL_15367989|2022-08                             0.55%    passed     99.99%
 499  hMpxV/USA/un-UW-093679/2022|EPI_ISL_15608058|2022-09                             0.55%    passed     99.99%
 500  hMpxV/USA/WA-UW-085462/2022|EPI_ISL_14910879|2022-08                             0.55%    passed    100.00%
 501  hMpxV/USA/WA-UW-102951/2022|EPI_ISL_15608042|2022-10                             0.55%    passed     99.99%
 502  hMpxV/USA/WA-UW-108647/2022|EPI_ISL_15608043|2022-10                             0.55%    passed     99.99%
 503  hMpxV/USA/WA-UW-108943/2022|EPI_ISL_15608046|2022-10                             0.55%    passed    100.00%
 504  hMpxV/USA/WA-UW-083698/2022|EPI_ISL_14997072|2022-08                             0.56%    passed     99.99%
 505  hMpxV/USA/un-UW-105322/2022|EPI_ISL_15608044|2022-10                             0.55%    passed    100.00%
 506  hMpxV/USA/WA-UW-096711/2022|EPI_ISL_15608039|2022-09                             0.55%    passed    100.00%
 507  hMpxV/USA/WA-UW-098055/2022|EPI_ISL_15368011|2022-09                             0.55%    passed    100.00%
 508  hMpxV/USA/WA-UW-080247/2022|EPI_ISL_15367957|2022-08                             0.55%    passed    100.00%
 509  hMpxV/Spain/GA-CHUVI-34917389/2022|EPI_ISL_16233786|2022-08-11                   0.54%    passed    100.00%
 510  hMpxV/Spain/GA-CHUVI-21947580/2022|EPI_ISL_16233788|2022-08-15                   0.54%    passed    100.00%
 511  hMpxV/USA/WA-UW-090727/2022|EPI_ISL_15368008|2022-09                             0.55%    passed    100.00%
 512  hMpxV/United_Kingdom/UKHSA-vBjMTK_9000255/2022|EPI_ISL_14934665|2022-08          0.55%    passed    100.00%
 513  hMpxV/USA/WA-UW-099700/2022|EPI_ISL_15608029|2022-09                             0.56%    passed     99.99%
 514  hMpxV/USA/WA-UW-119069/2022|EPI_ISL_17118704|2022-11                             0.56%    passed     99.99%
 515  hMpxV/USA/WA-UW-113327/2022|EPI_ISL_17118705|2022-11                             0.55%    passed    100.00%
 516  hMpxV/Brazil/SP-IAL-52/2022|EPI_ISL_14625157|2022-08-08                          0.90%    passed     99.92%
 517  hMpxV/United_Kingdom/UKHSA-9000149/2022|EPI_ISL_14277886|2022-06-14              0.57%    passed     99.98%
 518  hMpxV/United_Kingdom/UKHSA-52/2022|EPI_ISL_14439757|2022-06-14                   0.57%    passed     99.98%
 519  hMpxV/United_Kingdom/UKHSA-Fap1fz_9000234/2022|EPI_ISL_14934648|2022-07          0.55%    passed    100.00%
 520  hMpxV/USA/WA-UW-099102/2022|EPI_ISL_15607984|2022-09                             0.55%    passed     99.99%
 521  hMpxV/USA/NY-PV67604/2022|EPI_ISL_17424659|2022-07-07                            0.57%    passed     99.98%
 522  hMpxV/USA/WA-UW-096758/2022|EPI_ISL_17118723|2022-09                             0.55%    passed    100.00%
 523  hMpxV/Chile/AN-ISP-113219/2022|EPI_ISL_19345318|2022-09-20                       0.55%    passed    100.00%
 524  hMpxV/Chile/AN-ISP-115057/2022|EPI_ISL_19345396|2022-09-28                       0.55%    passed    100.00%
 525  hMpxV/Chile/RM-ISP-113799/2022|EPI_ISL_19345394|2022-09-26                       0.55%    passed    100.00%
 526  hMpxV/Brazil/SP-IAL-107/2022|EPI_ISL_15419138|2022-09-06                         0.90%    passed     99.84%
 527  hMpxV/Taiwan/CVDCDC-110-231642/2022|EPI_ISL_13632071|2022-06-27                  0.49%    passed     99.98%
 528  hMpxV/USA/FL-CDC-002/2022|EPI_ISL_13100619|2022-05                               0.56%    passed     99.98%
 529  hMpxV/USA/UT-CDC-001/2022|EPI_ISL_13100620|2022-05                               0.57%    passed     99.96%
 530  hMpxV/Brazil/SP-IAL-42/2022|EPI_ISL_14622960|2022-07-31                          0.58%    passed     99.94%
 531  hMpxV/Brazil/SP-IAL-122/2022|EPI_ISL_15419153|2022-09-11                         0.85%    passed     99.93%
 532  hMpxV/Brazil/SP-IAL-22/2022|EPI_ISL_14070493|2022-07-19                          0.55%    passed     99.98%
 533  hMpxV/Brazil/SP-IAL-23/2022|EPI_ISL_14070852|2022-07-19                          0.54%    passed     99.99%
 534  hMpxV/Netherlands/NH-AUMC-0067/2022|EPI_ISL_15641601|2022-10-06                  0.61%    passed     99.93%
 535  hMpxV/Netherlands/NH-AUMC-0057/2022|EPI_ISL_15641595|2022-07-23                  0.61%    passed     99.90%
 536  hMpxV/Netherlands/NH-AUMC-0071/2022|EPI_ISL_15641605|2022-09-16                  0.67%    passed     99.96%
 537  hMpxV/Netherlands/NH-AUMC-0058/2022|EPI_ISL_15641596|2022-08-04                  0.64%    passed     99.96%
 538  hMpxV/Netherlands/NH-AUMC-0072/2022|EPI_ISL_15641606|2022-09-14                  0.69%    passed     99.96%
 539  hMpxV/Netherlands/NH-AUMC-0063/2022|EPI_ISL_15641598|2022-05-06                  0.61%    passed     99.86%
 540  hMpxV/Netherlands/NH-AUMC-0064/2022|EPI_ISL_15641599|2022-05-13                  0.61%    passed     99.87%
 541  hMpxV/USA/UW-WA-0049/2022|EPI_ISL_14315320|2022-07                               0.56%    passed     99.98%
 542  hMpxV/USA/OH-UW-072752/2022|EPI_ISL_15384404|2022-07                             0.56%    passed     99.98%
 543  hMpxV/USA/WA-UW-0119/2022|EPI_ISL_14699938|2022-08                               0.56%    passed     99.99%
 544  hMpxV/USA/OH-UW-085556/2022|EPI_ISL_14620245|2022-08                             0.56%    passed     99.99%
 545  hMpxV/USA/WA-UW-0106/2022|EPI_ISL_14699929|2022-08                               0.56%    passed     99.98%
 546  hMpxV/USA/WA-UW-0111/2022|EPI_ISL_14699933|2022-08                               0.56%    passed     99.98%
 547  hMpxV/USA/WA-UW-083888/2022|EPI_ISL_14620258|2022-08                             0.56%    passed     99.98%
 548  hMpxV/USA/WA-UW-088656/2022|EPI_ISL_14620733|2022-08                             0.56%    passed     99.98%
 549  hMpxV/USA/un-UW-0034/2022|EPI_ISL_14216759|2022-07                               0.56%    passed     99.97%
 550  hMpxV/USA/WA-UW-076854/2022|EPI_ISL_14199048|2022-07                             0.56%    passed     99.97%
 551  hMpxV/USA/un-UW-0029/2022|EPI_ISL_14216754|2022-07                               0.56%    passed     99.98%
 552  hMpxV/USA/WA-UW-087424/2022|EPI_ISL_14478109|2022-08                             0.56%    passed     99.98%
 553  hMpxV/USA/WA-UW-0071/2022|EPI_ISL_14562483|2022-08                               0.56%    passed     99.98%
 554  hMpxV/USA/WA-UW-076225/2022|EPI_ISL_14199047|2022-07                             0.56%    passed     99.98%
 555  hMpxV/USA/WA-UW-0062/2022|EPI_ISL_14355211|2022-07                               0.56%    passed     99.98%
 556  hMpxV/USA/WA-UW-074988/2022|EPI_ISL_14328109|2022-07                             0.56%    passed     99.98%
 557  hMpxV/United_Kingdom/UKHSA-9000376/2022|EPI_ISL_15158409|2022-08                 0.55%    passed     99.99%
 558  hMpxV/Peru/LIM-INS-066/2022|EPI_ISL_14445140|2022-07-18                          0.55%    passed     99.98%
 559  hMpxV/Peru/LIM-INS-058/2022|EPI_ISL_14445134|2022-07-21                          0.55%    passed     99.98%
 560  hMpxV/Peru/LIM-INS-105/2022|EPI_ISL_14584283|2022-08-02                          0.55%    passed     99.99%
 561  hMpxV/Italy/un-IZSM-B4/2023|EPI_ISL_18846303|2023-05                             0.55%    passed     99.99%
 562  hMpxV/Italy/un-IZSM-A1/2023|EPI_ISL_18846305|2023-05                             0.55%    passed     99.99%
 563  hMpxV/Canada/un-NML-3909/2022|EPI_ISL_14050454|2022-06-27                        0.56%    passed     99.97%
 564  hMpxV/United_Kingdom/UKHSA-9000408/2022|EPI_ISL_15158437|2022-09                 0.55%    passed     99.99%
 565  hMpxV/USA/WA-UW-079141/2022|EPI_ISL_14004721|2022-07                             0.56%    passed     99.99%
 566  hMpxV/Canada/un-NML-3976/2022|EPI_ISL_14587546|2022-07-04                        0.56%    passed     99.99%
 567  hMpxV/United_Kingdom/UKHSA-9000384/2022|EPI_ISL_15158416|2022-08                 0.55%    passed     99.99%
 568  hMpxV/United_Kingdom/UKHSA-9000438/2022|EPI_ISL_15158460|2022-09                 0.55%    passed     99.99%
 569  hMpxV/Peru/LIM-INS-048/2022|EPI_ISL_14445125|2022-07-25                          0.55%    passed     99.98%
 570  hMpxV/Peru/LIM-INS-063/2022|EPI_ISL_14445137|2022-07-21                          0.55%    passed     99.98%
 571  hMpxV/Canada/un-NML-3907/2022|EPI_ISL_14050453|2022-06-27                        0.56%    passed     99.98%
 572  hMpxV/USA/OK-UNMC-277/2022|EPI_ISL_15458903|2022-09-07                           0.55%    passed     99.99%
 573  hMpxV/USA/OK-UNMC-301/2022|EPI_ISL_15332339|2022-09-15                           0.55%    passed     99.99%
 574  hMpxV/Peru/ICA-INS-193/2022|EPI_ISL_16104874|2022-08-22                          0.56%    passed     99.98%
 575  hMpxV/United_Kingdom/UKHSA-9000385/2022|EPI_ISL_15158417|2022-09                 0.55%    passed     99.99%
 576  hMpxV/United_Kingdom/UKHSA-9000451/2022|EPI_ISL_15158466|2022-09                 0.55%    passed     99.99%
 577  hMpxV/USA/NV-SNPHL-683273/2022|EPI_ISL_15608910|2022-10-10                       0.56%    passed     99.99%
 578  hMpxV/United_Kingdom/UKHSA-9000369/2022|EPI_ISL_15158403|2022-08                 0.55%    passed     99.99%
 579  hMpxV/USA/WA-UW-0113/2022|EPI_ISL_14699935|2022-08                               0.56%    passed     99.98%
 580  hMpxV/USA/WA-UW-083914/2022|EPI_ISL_14620259|2022-08                             0.56%    passed     99.98%
 581  hMpxV/Netherlands/NH-AUMC-0013/2022|EPI_ISL_15641551|2022-06-09                  0.65%    passed     99.74%
 582  hMpxV/Netherlands/NH-AUMC-0032/2022|EPI_ISL_15641570|2022-06-12                  0.65%    passed     99.73%
 583  hMpxV/Netherlands/NH-AUMC-0041/2022|EPI_ISL_15641579|2022-06-17                  0.60%    passed     99.90%
 584  hMpxV/Netherlands/NH-AUMC-0051/2022|EPI_ISL_15641589|2022-06-28                  0.60%    passed     99.91%
 585  hMpxV/Netherlands/NH-AUMC-0048/2022|EPI_ISL_15641586|2022-06-22                  0.60%    passed     99.90%
 586  hMpxV/Netherlands/NH-AUMC-0052/2022|EPI_ISL_15641590|2022-07-05                  0.60%    passed     99.90%
 587  hMpxV/Netherlands/NH-AUMC-0050/2022|EPI_ISL_15641588|2022-06-29                  0.60%    passed     99.90%
 588  hMpxV/Netherlands/NH-AUMC-0044/2022|EPI_ISL_15641582|2022-06-24                  0.61%    passed     99.93%
 589  hMpxV/Netherlands/NH-AUMC-0045/2022|EPI_ISL_15641583|2022-07-04                  0.61%    passed     99.90%
 590  hMpxV/Netherlands/NH-AUMC-0046/2022|EPI_ISL_15641584|2022-07-08                  0.61%    passed     99.91%
 591  hMpxV/Netherlands/NH-AUMC-0055/2022|EPI_ISL_15641593|2022-07-09                  0.61%    passed     99.89%
 592  hMpxV/Netherlands/NH-AUMC-0053/2022|EPI_ISL_15641591|2022-07-06                  0.61%    passed     99.91%
 593  hMpxV/United_Kingdom/UKHSA-9000417/2022|EPI_ISL_15158444|2022-08                 0.55%    passed     99.99%
 594  hMpxV/United_Kingdom/UKHSA-9000403/2022|EPI_ISL_15158432|2022-09                 0.55%    passed     99.99%
 595  hMpxV/United_Kingdom/UKHSA-9000395/2022|EPI_ISL_15158426|2022-08                 0.55%    passed     99.99%
 596  hMpxV/Thailand/CU-ID220059-FTL/2022|EPI_ISL_17187497|2022-07-27                  0.54%    passed     99.94%
 597  hMpxV/Thailand/CU-ID220059-TSV/2022|EPI_ISL_17187498|2022-07-27                  0.54%    passed     99.96%
 598  hMpxV/Thailand/CU-ID220097-LRV/2022|EPI_ISL_17187499|2022-08-03                  0.54%    passed     99.96%
 599  hMpxV/United_Kingdom/UKHSA-9000390/2022|EPI_ISL_15158421|2022-08                 0.55%    passed     99.99%
 600  hMpxV/Peru/LIM-INS-232/2022|EPI_ISL_16104913|2022-09-14                          0.55%    passed     99.98%
 601  hMpxV/Peru/TAC-INS-177/2022|EPI_ISL_16104858|2022-08-16                          0.55%    passed     99.98%
 602  hMpxV/Peru/ARE-INS-205/2022|EPI_ISL_16104886|2022-09-16                          0.55%    passed     99.99%
 603  hMpxV/United_Kingdom/UKHSA-9000404/2022|EPI_ISL_15158433|2022-08                 0.55%    passed    100.00%
 604  hMpxV/USA/OK-UN-69/2022|EPI_ISL_14804644|2022-07-22                              0.56%    passed     99.99%
 605  hMpxV/USA/OK-UNMC-273/2022|EPI_ISL_15458904|2022-09-07                           0.55%    passed     99.99%
 606  hMpxV/USA/TX-DHCPP-0059/2022|EPI_ISL_20325752|2022-06                            0.59%    passed     99.97%
 607  hMpxV/USA/NY-NYCPHL-001080/2022|EPI_ISL_17085926|2022-07-05                      0.90%    passed     99.96%
 608  hMpxV/Brazil/SP-IAL-49/2022|EPI_ISL_14624832|2022-08-04                          0.72%    passed     99.84%
 609  hMpxV/USA/UW-WA-0047/2022|EPI_ISL_14315319|2022-07                               0.56%    passed     99.98%
 610  hMpxV/USA/WA-UW-074184/2022|EPI_ISL_15384403|2022-07                             0.56%    passed     99.98%
 611  hMpxV/USA/UW-WA-0053/2022|EPI_ISL_14315324|2022-07                               0.56%    passed     99.98%
 612  hMpxV/USA/WA-UW-072839/2022|EPI_ISL_15384408|2022-07                             0.56%    passed     99.98%
 613  hMpxV/USA/WA-UW-0137/2022|EPI_ISL_14699950|2022-08                               0.56%    passed     99.98%
 614  hMpxV/USA/WA-UW-088764/2022|EPI_ISL_14620734|2022-08                             0.56%    passed     99.98%
 615  hMpxV/USA/WA-UW-0107/2022|EPI_ISL_14699930|2022-08                               0.56%    passed     99.99%
 616  hMpxV/USA/WA-UW-080185/2022|EPI_ISL_14620250|2022-08                             0.56%    passed     99.99%
 617  hMpxV/USA/WA-UW-0132/2022|EPI_ISL_14699947|2022-08                               0.56%    passed     99.99%
 618  hMpxV/USA/WA-UW-087349/2022|EPI_ISL_14620263|2022-08                             0.56%    passed     99.99%
 619  hMpxV/USA/WA-UW-0142/2022|EPI_ISL_14699952|2022-08                               0.56%    passed     99.98%
 620  hMpxV/USA/WA-UW-081272/2022|EPI_ISL_14478098|2022-08                             0.56%    passed     99.98%
 621  hMpxV/USA/WA-UW-0078/2022|EPI_ISL_14562486|2022-08                               0.56%    passed     99.98%
 622  hMpxV/USA/WA-UW-082810/2022|EPI_ISL_14620257|2022-08                             0.56%    passed     99.98%
 623  hMpxV/USA/WA-UW-0011/2022|EPI_ISL_14033204|2022-07                               0.56%    passed     99.98%
 624  hMpxV/USA/WA-UW-073909/2022|EPI_ISL_14004475|2022-07                             0.56%    passed     99.98%
 625  hMpxV/USA/WA-UW-0063/2022|EPI_ISL_14562478|2022-08                               0.56%    passed     99.98%
 626  hMpxV/USA/WA-UW-089015/2022|EPI_ISL_14478211|2022-08                             0.56%    passed     99.98%
 627  hMpxV/USA/WA-UW-0147/2022|EPI_ISL_14699954|2022-08                               0.56%    passed     99.99%
 628  hMpxV/USA/WA-UW-088973/2022|EPI_ISL_14620736|2022-08                             0.56%    passed     99.99%
 629  hMpxV/USA/WA-UW-0127/2022|EPI_ISL_14699943|2022-08                               0.56%    passed     99.99%
 630  hMpxV/USA/WA-UW-088213/2022|EPI_ISL_14620543|2022-08                             0.56%    passed     99.99%
 631  hMpxV/United_Kingdom/UKHSA-9000430/2022|EPI_ISL_15158455|2022-09                 0.55%    passed     99.99%
 632  hMpxV/USA/UW-WA-0051/2022|EPI_ISL_14315322|2022-07                               0.56%    passed     99.97%
 633  hMpxV/USA/WA-UW-071966/2022|EPI_ISL_15384406|2022-07                             0.56%    passed     99.97%
 634  hMpxV/USA/WA-UW-0128/2022|EPI_ISL_14699944|2022-08                               0.56%    passed     99.98%
 635  hMpxV/USA/WA-UW-086360/2022|EPI_ISL_14620260|2022-08                             0.56%    passed     99.98%
 636  hMpxV/USA/un-UW-0030/2022|EPI_ISL_14216755|2022-07                               0.56%    passed     99.98%
 637  hMpxV/USA/WA-UW-078870/2022|EPI_ISL_14199414|2022-07                             0.56%    passed     99.98%
 638  hMpxV/USA/WA-UW-080706/2022|EPI_ISL_14478096|2022-08                             0.56%    passed     99.98%
 639  hMpxV/USA/WA-UW-0088/2022|EPI_ISL_14562492|2022-08                               0.56%    passed     99.98%
 640  hMpxV/USA/WA-UW-0061/2022|EPI_ISL_14355210|2022-07                               0.56%    passed     99.98%
 641  hMpxV/USA/WA-UW-074932/2022|EPI_ISL_14328107|2022-07                             0.56%    passed     99.98%
 642  hMpxV/USA/UW-WA-0052/2022|EPI_ISL_14315323|2022-07                               0.56%    passed     99.98%
 643  hMpxV/USA/WA-UW-075687/2022|EPI_ISL_15384407|2022-07                             0.56%    passed     99.98%
 644  hMpxV/Australia/QLD-MX00004/2022|EPI_ISL_19539688|2022-09-20                     0.56%    passed     99.98%
 645  hMpxV/Australia/QLD-MX00005/2022|EPI_ISL_19539698|2022-09-20                     0.56%    passed     99.98%
 646  hMpxV/USA/WA-UW-0108/2022|EPI_ISL_14699931|2022-08                               0.56%    passed     99.98%
 647  hMpxV/USA/WA-UW-089266/2022|EPI_ISL_14620738|2022-08                             0.56%    passed     99.98%
 648  hMpxV/USA/NE-EAOH-31/2022|EPI_ISL_14326643|2022-07-04                            0.56%    passed     99.98%
 649  hMpxV/USA/NE-EAOH-25/2022|EPI_ISL_14326644|2022-06-25                            0.56%    passed     99.98%
 650  hMpxV/USA/NE-EAOH-75/2022|EPI_ISL_14326638|2022-07-25                            0.56%    passed     99.99%
 651  hMpxV/USA/NE-UNMC-211/2022|EPI_ISL_15332336|2022-08-24                           0.55%    passed     99.99%
 652  hMpxV/USA/NE-UNMC-152/2022|EPI_ISL_14752096|2022-08-11                           0.56%    passed     99.99%
 653  hMpxV/USA/NE-UNMC-199/2022|EPI_ISL_14977310|2022-08-20                           0.55%    passed     99.99%
 654  hMpxV/Austria/MUW_1527495/2022|EPI_ISL_13573943|2022-06-21                       0.55%    passed     99.99%
 655  hMpxV/South_Korea/KDCA-P002/2022|EPI_ISL_18147335|2022-09-02                     0.55%    passed     99.99%
 656  hMpxV/USA/un-UW-0033/2022|EPI_ISL_14216758|2022-07                               0.56%    passed     99.98%
 657  hMpxV/USA/WA-UW-073669/2022|EPI_ISL_14199045|2022-07                             0.56%    passed     99.98%
 658  hMpxV/USA/WA-UW-086040/2022|EPI_ISL_14478107|2022-08                             0.56%    passed     99.98%
 659  hMpxV/USA/WA-UW-0089/2022|EPI_ISL_14562493|2022-08                               0.56%    passed     99.98%
 660  hMpxV/USA/WA-UW-087619/2022|EPI_ISL_14478111|2022-08                             0.56%    passed     99.98%
 661  hMpxV/USA/WA-UW-0093/2022|EPI_ISL_14562497|2022-08                               0.56%    passed     99.98%
 662  hMpxV/USA/un-UW-0036/2022|EPI_ISL_14216762|2022-07                               0.56%    passed     99.98%
 663  hMpxV/USA/un-UW-0037/2022|EPI_ISL_14216764|2022-07                               0.56%    passed     99.98%
 664  hMpxV/USA/un-UW-0038/2022|EPI_ISL_14216767|2022-07                               0.56%    passed     99.98%
 665  hMpxV/USA/OH-UW-078654/2022|EPI_ISL_14199041|2022-07                             0.56%    passed     99.98%
 666  hMpxV/USA/OH-UW-071686/2022|EPI_ISL_14197520|2022-07                             0.56%    passed     99.98%
 667  hMpxV/USA/OH-UW-077163/2022|EPI_ISL_14197521|2022-07                             0.56%    passed     99.98%
 668  hMpxV/USA/WA-UW-0012/2022|EPI_ISL_14033205|2022-07                               0.56%    passed     99.98%
 669  hMpxV/USA/WA-UW-078327/2022|EPI_ISL_14004720|2022-07                             0.56%    passed     99.98%
 670  hMpxV/USA/WA-UW-0015/2022|EPI_ISL_14033207|2022-07                               0.56%    passed     99.98%
 671  hMpxV/USA/WA-UW-073599/2022|EPI_ISL_14004474|2022-07                             0.56%    passed     99.98%
 672  hMpxV/USA/WA-UW-0014/2022|EPI_ISL_14033206|2022-07                               0.56%    passed     99.98%
 673  hMpxV/USA/WA-UW-077794/2022|EPI_ISL_14004719|2022-07                             0.56%    passed     99.98%
 674  hMpxV/USA/WA-UW-0018/2022|EPI_ISL_14033209|2022-07                               0.56%    passed     99.98%
 675  hMpxV/USA/WA-UW-076991/2022|EPI_ISL_14004718|2022-07                             0.56%    passed     99.98%
 676  hMpxV/USA/WA-UW-076724/2022|EPI_ISL_14004717|2022-07                             0.56%    passed     99.98%
 677  hMpxV/USA/WA-UW-0059/2022|EPI_ISL_14355208|2022-07                               0.56%    passed     99.99%
 678  hMpxV/USA/WA-UW-074949/2022|EPI_ISL_14328108|2022-07                             0.56%    passed     99.99%
 679  hMpxV/United_Kingdom/UKHSA-9000365/2022|EPI_ISL_15158400|2022-08                 0.55%    passed     99.98%
 680  hMpxV/United_Kingdom/UKHSA-9000418/2022|EPI_ISL_15158445|2022-08                 0.55%    passed     99.99%
 681  hMpxV/USA/OH-UW-075598/2022|EPI_ISL_15384405|2022-07                             0.56%    passed     99.98%
 682  hMpxV/Italy/LOM-EM-004/2022|EPI_ISL_15942637|2022-07-26                          0.55%    passed     99.99%
 683  hMpxV/United_Kingdom/UKHSA-9000366/2022|EPI_ISL_15158401|2022-08                 0.55%    passed     99.98%
 684  hMpxV/United_Kingdom/UKHSA-9000377/2022|EPI_ISL_15158410|2022-08                 0.55%    passed     99.99%
 685  hMpxV/United_Kingdom/UKHSA-9000370/2022|EPI_ISL_15158404|2022-08                 0.55%    passed     99.99%
 686  hMpxV/United_Kingdom/UKHSA-9000364/2022|EPI_ISL_15158399|2022-08                 0.55%    passed     99.98%
 687  hMpxV/Italy/un-IZSM-D5/2023|EPI_ISL_18846311|2023-05                             0.55%    passed     99.99%
 688  hMpxV/United_Kingdom/UKHSA-9000426/2022|EPI_ISL_15158453|2022-08                 0.55%    passed     99.98%
 689  hMpxV/United_Kingdom/UKHSA-9000381/2022|EPI_ISL_15158413|2022-08                 0.55%    passed     99.98%
 690  hMpxV/South_Korea/NMC-P001/2022|EPI_ISL_18744048|2022-09-19                      0.55%    passed     99.99%
 691  hMpxV/United_Kingdom/UKHSA-9000400/2022|EPI_ISL_15158431|2022-09                 0.55%    passed     99.99%
 692  hMpxV/United_Kingdom/UKHSA-9000391/2022|EPI_ISL_15158422|2022-08                 0.55%    passed     99.99%
 693  hMpxV/United_Kingdom/UKHSA-9000415/2022|EPI_ISL_15158442|2022-08                 0.55%    passed    100.00%
 694  hMpxV/United_Kingdom/UKHSA-9000437/2022|EPI_ISL_15158459|2022-08                 0.56%    passed     99.97%
 695  hMpxV/USA/WA-UW-0060/2022|EPI_ISL_14355209|2022-07                               0.55%    passed     99.98%
 696  hMpxV/USA/WA-UW-076773/2022|EPI_ISL_14328110|2022-07                             0.55%    passed     99.98%
 697  hMpxV/USA/NE-UNMC-230/2022|EPI_ISL_15332337|2022-08-28                           0.54%    passed     99.99%
 698  hMpxV/USA/PA-CDC-0018/2022|EPI_ISL_19596674|2022-06                              0.54%    passed    100.00%
 699  hMpxV/USA/TX-DHCPP-0073/2022|EPI_ISL_20325768|2022-09                            0.52%    passed     99.99%
 700  hMpxV/USA/UW-WA-0043/2022|EPI_ISL_14315315|2022-07                               0.56%    passed     99.99%
 701  hMpxV/USA/OH-UW-070426/2022|EPI_ISL_14193605|2022-07                             0.56%    passed     99.99%
 702  hMpxV/USA/un-UW-0035/2022|EPI_ISL_14216761|2022-07                               0.56%    passed     99.99%
 703  hMpxV/USA/OH-UW-079847/2022|EPI_ISL_15384399|2022-07                             0.56%    passed     99.99%
 704  hMpxV/USA/WA-UW-0120/2022|EPI_ISL_14699939|2022-08                               0.56%    passed     99.99%
 705  hMpxV/USA/OH-UW-085701/2022|EPI_ISL_14620246|2022-08                             0.56%    passed     99.99%
 706  hMpxV/USA/WA-UW-0126/2022|EPI_ISL_14699942|2022-08                               0.56%    passed     99.99%
 707  hMpxV/USA/WA-UW-082670/2022|EPI_ISL_14620256|2022-08                             0.56%    passed     99.99%
 708  hMpxV/USA/UW-WA-0046/2022|EPI_ISL_14315318|2022-07                               0.56%    passed     99.99%
 709  hMpxV/USA/WA-UW-074224/2022|EPI_ISL_15384402|2022-07                             0.56%    passed     99.99%
 710  hMpxV/USA/WA-UW-0105/2022|EPI_ISL_14699928|2022-08                               0.56%    passed     99.99%
 711  hMpxV/USA/WA-UW-0116/2022|EPI_ISL_14699937|2022-08                               0.56%    passed     99.99%
 712  hMpxV/USA/WA-UW-0150/2022|EPI_ISL_14699955|2022-08                               0.56%    passed     99.99%
 713  hMpxV/USA/WA-UW-080617/2022|EPI_ISL_14620251|2022-08                             0.56%    passed     99.99%
 714  hMpxV/USA/WA-UW-088871/2022|EPI_ISL_14620735|2022-08                             0.56%    passed     99.99%
 715  hMpxV/USA/WA-UW-089152/2022|EPI_ISL_14620737|2022-08                             0.56%    passed     99.99%
 716  hMpxV/USA/un-UW-0026/2022|EPI_ISL_14216750|2022-07                               0.56%    passed     99.98%
 717  hMpxV/USA/WA-UW-084325/2022|EPI_ISL_14478102|2022-08                             0.56%    passed     99.98%
 718  hMpxV/USA/WA-UW-0092/2022|EPI_ISL_14562496|2022-08                               0.56%    passed     99.98%
 719  hMpxV/USA/WA-UW-0056/2022|EPI_ISL_14355206|2022-07                               0.56%    passed     99.98%
 720  hMpxV/USA/WA-UW-077622/2022|EPI_ISL_14199412|2022-07                             0.56%    passed     99.98%
 721  hMpxV/USA/WA-UW-079401/2022|EPI_ISL_14328112|2022-07                             0.56%    passed     99.98%
 722  hMpxV/USA/WA-UW-0131/2022|EPI_ISL_14699946|2022-08                               0.56%    passed     99.98%
 723  hMpxV/USA/WA-UW-0067/2022|EPI_ISL_14699957|2022-08                               0.56%    passed     99.98%
 724  hMpxV/USA/un-UW-0027/2022|EPI_ISL_14216752|2022-07                               0.56%    passed     99.98%
 725  hMpxV/USA/un-UW-0028/2022|EPI_ISL_14216753|2022-07                               0.56%    passed     99.98%
 726  hMpxV/USA/un-UW-0032/2022|EPI_ISL_14216757|2022-07                               0.56%    passed     99.98%
 727  hMpxV/USA/WA-UW-080268/2022|EPI_ISL_14478095|2022-08                             0.56%    passed     99.98%
 728  hMpxV/USA/WA-UW-081786/2022|EPI_ISL_14478099|2022-08                             0.56%    passed     99.98%
 729  hMpxV/USA/WA-UW-083578/2022|EPI_ISL_14478101|2022-08                             0.56%    passed     99.98%
 730  hMpxV/USA/WA-UW-084909/2022|EPI_ISL_14478104|2022-08                             0.56%    passed     99.96%
 731  hMpxV/USA/WA-UW-0065/2022|EPI_ISL_14562479|2022-08                               0.56%    passed     99.98%
 732  hMpxV/USA/WA-UW-0068/2022|EPI_ISL_14562480|2022-08                               0.56%    passed     99.96%
 733  hMpxV/USA/WA-UW-0069/2022|EPI_ISL_14562481|2022-08                               0.56%    passed     99.98%
 734  hMpxV/USA/WA-UW-0075/2022|EPI_ISL_14562484|2022-08                               0.56%    passed     99.98%
 735  hMpxV/USA/WA-UW-0094/2022|EPI_ISL_14562498|2022-08                               0.56%    passed     99.98%
 736  hMpxV/USA/WA-UW-089987/2022|EPI_ISL_14478213|2022-08                             0.56%    passed     99.98%
 737  hMpxV/USA/WA-UW-071246/2022|EPI_ISL_14199044|2022-07                             0.56%    passed     99.98%
 738  hMpxV/USA/WA-UW-076861/2022|EPI_ISL_14199049|2022-07                             0.56%    passed     99.98%
 739  hMpxV/USA/WA-UW-088225/2022|EPI_ISL_14620732|2022-08                             0.56%    passed     99.98%
 740  hMpxV/USA/WA-UW-089714/2022|EPI_ISL_14620740|2022-08                             0.56%    passed     99.98%
 741  hMpxV/USA/WA-UW-077836/2022|EPI_ISL_14199413|2022-07                             0.56%    passed     99.98%
 742  hMpxV/USA/WA-UW-0022/2022|EPI_ISL_14033212|2022-07                               0.56%    passed     99.98%
 743  hMpxV/USA/WA-UW-075986/2022|EPI_ISL_14004715|2022-07                             0.56%    passed     99.98%
 744  hMpxV/USA/un-UW-0031/2022|EPI_ISL_14216756|2022-07                               0.56%    passed     99.97%
 745  hMpxV/USA/WA-UW-071121/2022|EPI_ISL_14199043|2022-07                             0.56%    passed     99.97%
 746  hMpxV/USA/WA-UW-0124/2022|EPI_ISL_14699940|2022-08                               0.56%    passed     99.98%
 747  hMpxV/USA/WA-UW-082029/2022|EPI_ISL_14620253|2022-08                             0.56%    passed     99.98%
 748  hMpxV/USA/WA-UW-088081/2022|EPI_ISL_14478112|2022-08                             0.56%    passed     99.98%
 749  hMpxV/USA/WA-UW-0080/2022|EPI_ISL_14562488|2022-08                               0.56%    passed     99.98%
 750  hMpxV/USA/WA-UW-0016/2022|EPI_ISL_14033208|2022-07                               0.56%    passed     99.98%
 751  hMpxV/USA/WA-UW-085937/2022|EPI_ISL_14478106|2022-08                             0.56%    passed     99.99%
 752  hMpxV/USA/WA-UW-0079/2022|EPI_ISL_14562487|2022-08                               0.56%    passed     99.99%
 753  hMpxV/USA/WA-UW-0130/2022|EPI_ISL_14699945|2022-08                               0.56%    passed     99.99%
 754  hMpxV/USA/WA-UW-089437/2022|EPI_ISL_14620739|2022-08                             0.56%    passed     99.99%
 755  hMpxV/USA/UW-WA-0044/2022|EPI_ISL_14315316|2022-07                               0.56%    passed     99.98%
 756  hMpxV/USA/OH-UW-074058/2022|EPI_ISL_15384400|2022-07                             0.56%    passed     99.98%
 757  hMpxV/USA/WA-UW-0058/2022|EPI_ISL_14355207|2022-07                               0.56%    passed     99.98%
 758  hMpxV/USA/WA-UW-078603/2022|EPI_ISL_14328111|2022-07                             0.56%    passed     99.98%
 759  hMpxV/USA/NV-SNPHL-686071/2022|EPI_ISL_15608909|2022-10-17                       0.56%    passed     99.98%
 760  hMpxV/USA/WA-UW-0020/2022|EPI_ISL_14033210|2022-07                               0.56%    passed     99.99%
 761  hMpxV/USA/UW-WA-0050/2022|EPI_ISL_14315321|2022-07                               0.56%    passed     99.98%
 762  hMpxV/USA/OH-UW-070197/2022|EPI_ISL_14997063|2022-07                             0.56%    passed     99.99%
 763  hMpxV/USA/NE-EAOH-63/2022|EPI_ISL_14326639|2022-07-25                            0.55%    passed     99.99%
 764  hMpxV/USA/OK-UN-66/2022|EPI_ISL_14804641|2022-07-22                              0.55%    passed     99.99%
 765  hMpxV/USA/OK-UNMC-302/2022|EPI_ISL_15332340|2022-09-14                           0.55%    passed     99.99%
 766  hMpxV/USA/NE-EAOH-44/2022|EPI_ISL_14326641|2022-07-14                            0.56%    passed     99.99%
 767  hMpxV/USA/OK-UN-21/2022|EPI_ISL_14804638|2022-06-14                              0.56%    passed     99.99%
 768  hMpxV/USA/OK-UN-41/2022|EPI_ISL_14804639|2022-07-13                              0.56%    passed     99.99%
 769  hMpxV/USA/OK-UN-149/2022|EPI_ISL_14804647|2022-08-11                             0.56%    passed     99.97%
 770  hMpxV/Peru/LIM-INS-001/2022|EPI_ISL_13530881|2022-06-25                          0.55%    passed     99.99%
 771  hMpxV/USA/WA-UW-0134/2022|EPI_ISL_14699948|2022-08                               0.56%    passed     99.97%
 772  hMpxV/USA/OH-UW-089521/2022|EPI_ISL_14620248|2022-08                             0.56%    passed     99.97%
 773  hMpxV/USA/un-UW-0024/2022|EPI_ISL_14216746|2022-07                               0.56%    passed     99.98%
 774  hMpxV/USA/WA-UW-073974/2022|EPI_ISL_14199046|2022-07                             0.56%    passed     99.98%
 775  hMpxV/USA/WA-UW-084449/2022|EPI_ISL_14478103|2022-08                             0.56%    passed     99.99%
 776  hMpxV/USA/WA-UW-00101/2022|EPI_ISL_14562502|2022-08                              0.56%    passed     99.99%
 777  hMpxV/Peru/LIM-INS-224/2022|EPI_ISL_16104905|2022-09-13                          0.55%    passed     99.98%
 778  hMpxV/Peru/CAL-INS-214/2022|EPI_ISL_16104895|2022-09-16                          0.55%    passed     99.98%
 779  hMpxV/Peru/LIM-INS-088/2022|EPI_ISL_14584282|2022-07-26                          0.55%    passed     99.98%
 780  hMpxV/Peru/LIM-INS-238/2022|EPI_ISL_16104919|2022-09-14                          0.55%    passed     99.99%
 781  hMpxV/Peru/CAL-INS-172/2022|EPI_ISL_16104853|2022-08-19                          0.55%    passed     99.98%
 782  hMpxV/Peru/LAL-INS-178/2022|EPI_ISL_16104859|2022-08-16                          0.55%    passed     99.98%
 783  hMpxV/Peru/SAM-INS-243/2022|EPI_ISL_16116728|2022-09-22                          0.55%    passed     99.98%
 784  hMpxV/Peru/LIM-INS-015/2022|EPI_ISL_14207730|2022-07-09                          0.55%    passed     99.98%
 785  hMpxV/Peru/LIM-INS-018/2022|EPI_ISL_14207733|2022-07-09                          0.55%    passed     99.98%
 786  hMpxV/Peru/TAC-INS-023/2022|EPI_ISL_14207738|2022-07-12                          0.55%    passed     99.98%
 787  hMpxV/Peru/LIM-INS-050/2022|EPI_ISL_14445127|2022-07-23                          0.55%    passed     99.98%
 788  hMpxV/Peru/LIM-INS-052/2022|EPI_ISL_14445128|2022-07-19                          0.55%    passed     99.98%
 789  hMpxV/Peru/LIM-INS-053/2022|EPI_ISL_14445129|2022-07-19                          0.55%    passed     99.98%
 790  hMpxV/Peru/LIM-INS-064/2022|EPI_ISL_14445138|2022-07-17                          0.55%    passed     99.98%
 791  hMpxV/Peru/LIM-INS-065/2022|EPI_ISL_14445139|2022-07-18                          0.55%    passed     99.98%
 792  hMpxV/Peru/LIM-INS-067/2022|EPI_ISL_14445141|2022-07-19                          0.55%    passed     99.98%
 793  hMpxV/Peru/LIM-INS-127/2022|EPI_ISL_14818789|2022-08-11                          0.55%    passed     99.98%
 794  hMpxV/Peru/LIM-INS-130/2022|EPI_ISL_14818792|2022-08-12                          0.55%    passed     99.98%
 795  hMpxV/Peru/UCA-INS-142/2022|EPI_ISL_14818804|2022-08-08                          0.55%    passed     99.98%
 796  hMpxV/Peru/LIM-INS-003/2022|EPI_ISL_13651349|2022-06-27                          0.55%    passed     99.98%
 797  hMpxV/Peru/CAL-INS-095/2022|EPI_ISL_14584293|2022-07-26                          0.55%    passed     99.98%
 798  hMpxV/Peru/LIM-INS-092/2022|EPI_ISL_14584300|2022-07-31                          0.55%    passed     99.98%
 799  hMpxV/Peru/LIM-INS-103/2022|EPI_ISL_14584303|2022-08-02                          0.55%    passed     99.98%
 800  hMpxV/Peru/LIM-INS-005/2022|EPI_ISL_13833194|2022-07-01                          0.55%    passed     99.98%
 801  hMpxV/Peru/ARE-INS-265/2022|EPI_ISL_16116750|2022-09-01                          0.56%    passed     99.99%
 802  hMpxV/Peru/LIM-INS-123/2022|EPI_ISL_14818785|2022-08-10                          0.55%    passed     99.99%
 803  hMpxV/Peru/LAL-INS-062/2022|EPI_ISL_14445102|2022-07-22                          0.55%    passed     99.98%
 804  hMpxV/Peru/LIM-INS-012/2022|EPI_ISL_14207727|2022-07-06                          0.55%    passed     99.99%
 805  hMpxV/Peru/LAL-INS-025/2022|EPI_ISL_14207740|2022-07-15                          0.55%    passed     99.98%
 806  hMpxV/Peru/LIM-INS-045/2022|EPI_ISL_14445122|2022-07-18                          0.55%    passed     99.98%
 807  hMpxV/Peru/LIM-INS-046/2022|EPI_ISL_14445123|2022-07-18                          0.55%    passed     99.99%
 808  hMpxV/Peru/LIM-INS-107/2022|EPI_ISL_14584286|2022-08-03                          0.55%    passed     99.98%
 809  hMpxV/Peru/LAL-INS-204/2022|EPI_ISL_16104885|2022-09-06                          0.55%    passed     99.98%
 810  hMpxV/Peru/LIM-INS-026/2022|EPI_ISL_14207741|2022-07-15                          0.55%    passed     99.99%
 811  hMpxV/Peru/LIM-INS-129/2022|EPI_ISL_14818791|2022-08-12                          0.55%    passed     99.98%
 812  hMpxV/Peru/CAL-INS-173/2022|EPI_ISL_16104854|2022-08-15                          0.55%    passed     99.99%
 813  hMpxV/Peru/LIM-INS-071/2022|EPI_ISL_14445144|2022-07-20                          0.55%    passed     99.98%
 814  hMpxV/Peru/CAL-INS-083/2022|EPI_ISL_14584294|2022-07-26                          0.55%    passed     99.98%
 815  hMpxV/Peru/LIM-INS-222/2022|EPI_ISL_16104903|2022-09-10                          0.55%    passed     99.98%
 816  hMpxV/Peru/LIM-INS-086/2022|EPI_ISL_14584279|2022-08-03                          0.55%    passed     99.98%
 817  hMpxV/Peru/LIM-INS-258/2022|EPI_ISL_16116743|2022-09-19                          0.55%    passed     99.98%
 818  hMpxV/Peru/LIM-INS-160/2022|EPI_ISL_14818822|2022-08-08                          0.55%    passed     99.98%
 819  hMpxV/Peru/LIM-INS-043/2022|EPI_ISL_14445120|2022-07-15                          0.55%    passed     99.99%
 820  hMpxV/Peru/LIM-INS-047/2022|EPI_ISL_14445124|2022-07-21                          0.55%    passed     99.99%
 821  hMpxV/Peru/LIM-INS-165/2022|EPI_ISL_16104846|2022-08-16                          0.55%    passed     99.99%
 822  hMpxV/Peru/LIM-INS-070/2022|EPI_ISL_14445143|2022-07-24                          0.55%    passed     99.99%
 823  hMpxV/Peru/LIM-INS-267/2022|EPI_ISL_16116752|2022-08-23                          0.55%    passed     99.98%
 824  hMpxV/Peru/CAL-INS-161/2022|EPI_ISL_16104842|2022-08-16                          0.55%    passed     99.98%
 825  hMpxV/Peru/ARE-INS-175/2022|EPI_ISL_16104856|2022-08-18                          0.55%    passed     99.99%
 826  hMpxV/Peru/LIM-INS-106/2022|EPI_ISL_14584298|2022-07-26                          0.55%    passed     99.99%
 827  hMpxV/Peru/LIM-INS-021/2022|EPI_ISL_14207736|2022-07-12                          0.55%    passed     99.98%
 828  hMpxV/Peru/LIM-INS-260/2022|EPI_ISL_16116745|2022-10-04                          0.55%    passed     99.98%
 829  hMpxV/Peru/LAL-INS-216/2022|EPI_ISL_16104897|2022-09-12                          0.55%    passed     99.98%
 830  hMpxV/Peru/LIM-INS-251/2022|EPI_ISL_16116736|2022-09-22                          0.55%    passed     99.98%
 831  hMpxV/Peru/LIM-INS-158/2022|EPI_ISL_14818820|2022-08-09                          0.56%    passed     99.98%
 832  hMpxV/Peru/LIM-INS-016/2022|EPI_ISL_14207731|2022-07-09                          0.55%    passed     99.98%
 833  hMpxV/Peru/LIM-INS-020/2022|EPI_ISL_14207735|2022-07-12                          0.55%    passed     99.99%
 834  hMpxV/Peru/LAL-INS-060/2022|EPI_ISL_14445101|2022-07-22                          0.55%    passed     99.99%
 835  hMpxV/Peru/CAL-INS-167/2022|EPI_ISL_16104848|2022-08-19                          0.55%    passed     99.99%
 836  hMpxV/Peru/LIM-INS-250/2022|EPI_ISL_16116735|2022-09-26                          0.55%    passed     99.99%
 837  hMpxV/Peru/LIM-INS-014/2022|EPI_ISL_14207729|2022-07-09                          0.55%    passed     99.99%
 838  hMpxV/Peru/LIM-INS-044/2022|EPI_ISL_14445121|2022-07-16                          0.55%    passed     99.99%
 839  hMpxV/Peru/LIM-INS-240/2022|EPI_ISL_16104921|2022-09-16                          0.55%    passed     99.98%
 840  hMpxV/Peru/LIM-INS-085/2022|EPI_ISL_14584295|2022-07-26                          0.55%    passed     99.99%
 841  hMpxV/Peru/LIM-INS-159/2022|EPI_ISL_14818821|2022-08-08                          0.55%    passed     99.98%
 842  hMpxV/Peru/LAL-INS-218/2022|EPI_ISL_16104899|2022-09-12                          0.55%    passed     99.98%
 843  hMpxV/Peru/LIM-INS-057/2022|EPI_ISL_14445133|2022-07-19                          0.55%    passed     99.98%
 844  hMpxV/Peru/HUC-INS-121/2022|EPI_ISL_14818783|2022-08-09                          0.55%    passed     99.98%
 845  hMpxV/Peru/LIM-INS-198/2022|EPI_ISL_16104879|2022-09-06                          0.55%    passed     99.99%
 846  hMpxV/Peru/LOR-INS-274/2022|EPI_ISL_16116759|2022-09-26                          0.55%    passed     99.99%
 847  hMpxV/Peru/UCA-INS-275/2022|EPI_ISL_16116760|2022-09-27                          0.56%    passed     99.99%
 848  hMpxV/Peru/CAL-INS-219/2022|EPI_ISL_16104900|2022-09-10                          0.55%    passed     99.99%
 849  hMpxV/Peru/CAL-INS-248/2022|EPI_ISL_16116733|2022-09-22                          0.55%    passed     99.99%
 850  hMpxV/Peru/LAL-INS-210/2022|EPI_ISL_16104891|2022-09-16                          0.55%    passed     99.99%
 851  hMpxV/Peru/LIM-INS-017/2022|EPI_ISL_14207732|2022-07-08                          0.55%    passed     99.99%
 852  hMpxV/Peru/LIM-INS-253/2022|EPI_ISL_16116738|2022-09-20                          0.55%    passed     99.99%
 853  hMpxV/Peru/LIM-INS-164/2022|EPI_ISL_16104845|2022-08-19                          0.55%    passed     99.99%
 854  hMpxV/Peru/LIM-INS-128/2022|EPI_ISL_14818790|2022-08-11                          0.55%    passed     99.99%
 855  hMpxV/Peru/LIM-INS-211/2022|EPI_ISL_16104892|2022-09-12                          0.55%    passed     99.99%
 856  hMpxV/Peru/LIM-INS-235/2022|EPI_ISL_16104916|2022-09-14                          0.55%    passed     99.99%
 857  hMpxV/Peru/LIM-INS-256/2022|EPI_ISL_16116741|2022-09-23                          0.55%    passed     99.99%
 858  hMpxV/Peru/LIM-INS-084/2022|EPI_ISL_14584297|2022-07-25                          0.55%    passed     99.99%
 859  hMpxV/Peru/LOR-INS-087/2022|EPI_ISL_14584274|2022-08-01                          0.55%    passed     99.99%
 860  hMpxV/Peru/LIM-INS-132/2022|EPI_ISL_14818794|2022-08-12                          0.55%    passed     99.99%
 861  hMpxV/Peru/LIM-INS-195/2022|EPI_ISL_16104876|2022-09-05                          0.55%    passed     99.99%
 862  hMpxV/Peru/LIM-INS-264/2022|EPI_ISL_16116749|2022-08-02                          0.55%    passed     99.99%
 863  hMpxV/Italy/un-IZSM-B8/2023|EPI_ISL_18846310|2023-05                             0.55%    passed     99.98%
 864  hMpxV/Italy/un-IZSM-A2/2023|EPI_ISL_18846290|2023-05                             0.55%    passed     99.99%
 865  hMpxV/Italy/un-IZSM-C3/2023|EPI_ISL_18846289|2023-05                             0.55%    passed     99.99%
 866  hMpxV/Peru/LIM-INS-131/2022|EPI_ISL_14818793|2022-08-12                          0.55%    passed     99.98%
 867  hMpxV/Peru/LIM-INS-227/2022|EPI_ISL_16104908|2022-09-12                          0.55%    passed     99.98%
 868  hMpxV/Peru/LIM-INS-261/2022|EPI_ISL_16116746|2022-10-05                          0.55%    passed     99.98%
 869  hMpxV/Peru/LIM-INS-252/2022|EPI_ISL_16116737|2022-09-28                          0.55%    passed     99.99%
 870  hMpxV/Peru/LIM-INS-255/2022|EPI_ISL_16116740|2022-09-21                          0.55%    passed     99.98%
 871  hMpxV/Peru/LIM-INS-094/2022|EPI_ISL_14584308|2022-08-04                          0.55%    passed     99.99%
 872  hMpxV/Peru/LIM-INS-010/2022|EPI_ISL_14207725|2022-07-02                          0.55%    passed     99.98%
 873  hMpxV/Peru/LIM-INS-008/2022|EPI_ISL_13833197|2022-07-01                          0.55%    passed     99.98%
 874  hMpxV/Peru/LIM-INS-013/2022|EPI_ISL_14207728|2022-07-08                          0.55%    passed     99.98%
 875  hMpxV/Peru/LIM-INS-196/2022|EPI_ISL_16104877|2022-09-06                          0.55%    passed     99.98%
 876  hMpxV/Peru/LAL-INS-100/2022|EPI_ISL_14584302|2022-08-03                          0.55%    passed     99.98%
 877  hMpxV/Peru/LIM-INS-096/2022|EPI_ISL_14584291|2022-08-05                          0.55%    passed     99.99%
 878  hMpxV/United_Kingdom/UKHSA-9000387/2022|EPI_ISL_15158418|2022-08                 0.55%    passed     99.99%
 879  hMpxV/Peru/CAL-INS-069/2022|EPI_ISL_14445098|2022-07-22                          0.55%    passed     99.99%
 880  hMpxV/Peru/LIM-INS-153/2022|EPI_ISL_14818815|2022-08-11                          0.55%    passed     99.99%
 881  hMpxV/Peru/LIM-INS-237/2022|EPI_ISL_16104918|2022-09-12                          0.55%    passed     99.98%
 882  hMpxV/Peru/LIM-INS-181/2022|EPI_ISL_16104862|2022-08-17                          0.55%    passed     99.98%
 883  hMpxV/United_Kingdom/UKHSA-9000374/2022|EPI_ISL_15158407|2022-08                 0.55%    passed     99.99%
 884  hMpxV/Peru/LIM-INS-239/2022|EPI_ISL_16104920|2022-09-12                          0.55%    passed     99.99%
 885  hMpxV/Peru/LIM-INS-104/2022|EPI_ISL_14584290|2022-07-27                          0.55%    passed     99.99%
 886  hMpxV/Peru/LAL-INS-022/2022|EPI_ISL_14207737|2022-07-12                          0.55%    passed     99.98%
 887  hMpxV/Peru/LIM-INS-056/2022|EPI_ISL_14445132|2022-07-18                          0.55%    passed     99.99%
 888  hMpxV/Peru/LIM-INS-148/2022|EPI_ISL_14818810|2022-08-13                          0.55%    passed     99.98%
 889  hMpxV/Peru/LAL-INS-162/2022|EPI_ISL_16104843|2022-08-16                          0.55%    passed     99.98%
 890  hMpxV/Peru/LIM-INS-093/2022|EPI_ISL_14584304|2022-08-02                          0.55%    passed     99.99%
 891  hMpxV/Peru/LAL-INS-272/2022|EPI_ISL_16116757|2022-10-05                          0.55%    passed     99.99%
 892  hMpxV/Peru/CAL-INS-220/2022|EPI_ISL_16104901|2022-09-10                          0.55%    passed     99.99%
 893  hMpxV/Peru/LIM-INS-262/2022|EPI_ISL_16116747|2022-10-06                          0.55%    passed     99.99%
 894  hMpxV/Italy/un-IZSM-D6/2023|EPI_ISL_18846301|2023-05                             0.55%    passed     99.99%
 895  hMpxV/Peru/LIM-INS-109/2022|EPI_ISL_14584310|2022-07-25                          0.55%    passed     99.99%
 896  hMpxV/Italy/un-IZSM-E8/2023|EPI_ISL_18846285|2023-05                             0.55%    passed     99.99%
 897  hMpxV/Italy/un-IZSM-D4/2023|EPI_ISL_18846315|2023-05                             0.55%    passed     99.99%
 898  hMpxV/Italy/un-IZSM-B3/2023|EPI_ISL_18846280|2023-05                             0.55%    passed     99.99%
 899  hMpxV/Italy/un-IZSM-B2/2023|EPI_ISL_18846288|2023-05                             0.55%    passed     99.99%
 900  hMpxV/Peru/LIM-INS-197/2022|EPI_ISL_16104878|2022-09-05                          0.55%    passed     99.98%
 901  hMpxV/Peru/LAL-INS-180/2022|EPI_ISL_16104861|2022-08-18                          0.56%    passed     99.98%
 902  hMpxV/Peru/LIM-INS-278/2022|EPI_ISL_16116763|2022-10-03                          0.56%    passed     99.99%
 903  hMpxV/Peru/LIM-INS-137/2022|EPI_ISL_14818799|2022-08-12                          0.55%    passed     99.98%
 904  hMpxV/Peru/LIM-INS-122/2022|EPI_ISL_14818784|2022-08-10                          0.55%    passed     99.99%
 905  hMpxV/Peru/LAL-INS-097/2022|EPI_ISL_14584278|2022-08-02                          0.56%    passed     99.99%
 906  hMpxV/Peru/LAL-INS-171/2022|EPI_ISL_16104852|2022-08-18                          0.55%    passed     99.98%
 907  hMpxV/Peru/LAL-INS-124/2022|EPI_ISL_14818786|2022-08-10                          0.55%    passed     99.98%
 908  hMpxV/Peru/LIM-INS-166/2022|EPI_ISL_16104847|2022-08-15                          0.55%    passed     99.99%
 909  hMpxV/Italy/un-IZSM-D11/2023|EPI_ISL_18846313|2023-05                            0.56%    passed     99.98%
 910  hMpxV/Peru/LIM-INS-229/2022|EPI_ISL_16104910|2022-09-13                          0.55%    passed     99.99%
 911  hMpxV/Peru/LIM-INS-126/2022|EPI_ISL_14818788|2022-08-11                          0.55%    passed     99.99%
 912  hMpxV/USA/OK-UNMC-288/2022|EPI_ISL_15332338|2022-09-12                           0.55%    passed    100.00%
 913  hMpxV/USA/IL-IDPH-001/2022|EPI_ISL_15158315|2022-07-23                           0.61%    passed     99.99%
 914  hMpxV/USA/IL-IDPH-002/2022|EPI_ISL_15158316|2022-08-04                           0.61%    passed     99.98%
 915  hMpxV/United_Kingdom/UKHSA-9000368/2022|EPI_ISL_15158402|2022-08                 0.55%    passed     99.98%
 916  hMpxV/United_Kingdom/UKHSA-9000419/2022|EPI_ISL_15158446|2022-08                 0.55%    passed     99.98%
 917  hMpxV/United_Kingdom/UKHSA-9000397/2022|EPI_ISL_15158428|2022-08                 0.55%    passed     99.99%
 918  hMpxV/United_Kingdom/UKHSA-9000388/2022|EPI_ISL_15158419|2022-08                 0.55%    passed     99.99%
 919  hMpxV/United_Kingdom/UKHSA-9000399/2022|EPI_ISL_15158430|2022-09                 0.55%    passed     99.98%
 920  hMpxV/United_Kingdom/UKHSA-9000452/2022|EPI_ISL_15158467|2022-09                 0.55%    passed     99.98%
 921  hMpxV/Peru/ARE-INS-136/2022|EPI_ISL_14818798|2022-08-11                          0.55%    passed     99.98%
 922  hMpxV/Peru/LIM-INS-226/2022|EPI_ISL_16104907|2022-09-14                          0.55%    passed     99.98%
 923  hMpxV/Peru/LIM-INS-182/2022|EPI_ISL_16104863|2022-08-15                          0.55%    passed     99.98%
 924  hMpxV/Peru/MDD-INS-200/2022|EPI_ISL_16104881|2022-09-03                          0.56%    passed     99.98%
 925  hMpxV/Peru/LAM-INS-143/2022|EPI_ISL_14818805|2022-08-10                          0.55%    passed     99.99%
 926  hMpxV/Italy/un-IZSM-C12/2023|EPI_ISL_18846294|2023-05                            0.55%    passed     99.98%
 927  hMpxV/United_Kingdom/UKHSA-9000448/2022|EPI_ISL_15158464|2022-09                 0.55%    passed     99.98%
 928  hMpxV/Peru/PIU-INS-212/2022|EPI_ISL_16104893|2022-09-12                          0.55%    passed     99.99%
 929  hMpxV/Peru/ARE-INS-176/2022|EPI_ISL_16104857|2022-08-16                          0.55%    passed     99.98%
 930  hMpxV/Peru/LIM-INS-049/2022|EPI_ISL_14445126|2022-07-22                          0.55%    passed     99.98%
 931  hMpxV/Peru/LIM-INS-054/2022|EPI_ISL_14445130|2022-07-20                          0.55%    passed     99.98%
 932  hMpxV/Peru/LIM-INS-030/2022|EPI_ISL_14445109|2022-07-11                          0.55%    passed     99.98%
 933  hMpxV/Peru/LIM-INS-004/2022|EPI_ISL_13651350|2022-06-29                          0.55%    passed     99.98%
 934  hMpxV/USA/WA-UW-080976/2022|EPI_ISL_14478097|2022-08                             0.56%    passed     99.97%
 935  hMpxV/USA/WA-UW-0095/2022|EPI_ISL_14562499|2022-08                               0.56%    passed     99.97%
 936  hMpxV/Peru/PIU-INS-190/2022|EPI_ISL_16104871|2022-08-24                          0.55%    passed     99.98%
 937  hMpxV/Peru/ARE-INS-208/2022|EPI_ISL_16104889|2022-09-12                          0.55%    passed     99.98%
 938  hMpxV/Peru/ARE-INS-192/2022|EPI_ISL_16104873|2022-08-23                          0.55%    passed     99.98%
 939  hMpxV/Peru/LIM-INS-101/2022|EPI_ISL_14584296|2022-07-25                          0.55%    passed     99.98%
 940  hMpxV/Peru/PIU-INS-144/2022|EPI_ISL_14818806|2022-08-09                          0.55%    passed     99.98%
 941  hMpxV/Peru/LIM-INS-141/2022|EPI_ISL_14818803|2022-08-12                          0.55%    passed     99.98%
 942  hMpxV/Peru/LIM-INS-055/2022|EPI_ISL_14445131|2022-07-18                          0.55%    passed     99.98%
 943  hMpxV/Austria/MUW_1531254/2022|EPI_ISL_13842548|2022-07-04                       0.55%    passed     99.99%
 944  hMpxV/Australia/QLD-MX00003/2022|EPI_ISL_19539679|2022-08-08                     0.55%    passed     99.99%
 945  hMpxV/Peru/LIM-INS-254/2022|EPI_ISL_16116739|2022-09-29                          0.55%    passed     99.99%
 946  hMpxV/Peru/LIM-INS-099/2022|EPI_ISL_14584289|2022-07-26                          0.55%    passed     99.99%
 947  hMpxV/USA/WA-UW-0070/2022|EPI_ISL_14562482|2022-08                               0.56%    passed     99.97%
 948  hMpxV/USA/WA-UW-088432/2022|EPI_ISL_14478210|2022-08                             0.56%    passed     99.97%
 949  hMpxV/United_Kingdom/UKHSA-9000380/2022|EPI_ISL_15158412|2022-08                 0.55%    passed     99.98%
 950  hMpxV/United_Kingdom/UKHSA-9000389/2022|EPI_ISL_15158420|2022-08                 0.55%    passed     99.99%
 951  hMpxV/United_Kingdom/UKHSA-9000422/2022|EPI_ISL_15158449|2022-08                 0.55%    passed     99.98%
 952  hMpxV/Peru/LIM-INS-225/2022|EPI_ISL_16104906|2022-09-14                          0.55%    passed     99.99%
 953  hMpxV/Peru/LAM-INS-269/2022|EPI_ISL_16116754|2022-10-04                          0.56%    passed     99.99%
 954  hMpxV/Peru/LIM-INS-061/2022|EPI_ISL_14445136|2022-07-23                          0.55%    passed     99.99%
 955  hMpxV/Peru/LIM-INS-168/2022|EPI_ISL_16104849|2022-08-15                          0.55%    passed     99.99%
 956  hMpxV/Peru/LIM-INS-007/2022|EPI_ISL_13833196|2022-07-01                          0.55%    passed     99.98%
 957  hMpxV/Italy/un-IZSM-A12/2023|EPI_ISL_18846295|2023-05                            0.55%    passed     99.98%
 958  hMpxV/Peru/LIM-INS-151/2022|EPI_ISL_14818813|2022-08-14                          0.55%    passed     99.98%
 959  hMpxV/Peru/LIM-INS-110/2022|EPI_ISL_14584311|2022-07-26                          0.56%    passed     99.98%
 960  hMpxV/Canada/BC-PHL-172/2022|EPI_ISL_19028760|2022-11                            3.83%    passed     79.98%
 961  hMpxV/Canada/BC-PHL-169/2022|EPI_ISL_19028792|2022-11                            3.84%    passed     79.68%
 962  hMpxV/Canada/BC-PHL-171/2022|EPI_ISL_19028680|2022-11                            3.83%    passed     79.95%
 963  hMpxV/Canada/BC-PHL-168/2022|EPI_ISL_19028727|2022-10                            3.83%    passed     79.83%
 964  hMpxV/Canada/BC-PHL-1/2022|EPI_ISL_19028761|2022-06                              3.84%    passed     80.94%
 965  hMpxV/Canada/BC-PHL-116/2022|EPI_ISL_19028754|2022-08                            3.84%    passed     81.00%
 966  hMpxV/Canada/BC-PHL-91/2022|EPI_ISL_19028735|2022-08                             3.84%    passed     80.87%
 967  hMpxV/Canada/BC-PHL-85/2022|EPI_ISL_19028756|2022-08                             3.84%    passed     80.18%
 968  hMpxV/Canada/BC-PHL-146/2022|EPI_ISL_19028776|2022-09                            3.84%    passed     80.22%
 969  hMpxV/Canada/BC-PHL-98/2022|EPI_ISL_19028786|2022-08                             3.84%    passed     80.16%
 970  hMpxV/Canada/BC-PHL-141/2022|EPI_ISL_19028762|2022-09                            3.84%    passed     81.09%
 971  hMpxV/Canada/BC-PHL-128/2022|EPI_ISL_19028697|2022-08                            3.84%    passed     79.51%
 972  hMpxV/Canada/BC-PHL-82/2022|EPI_ISL_19028757|2022-08                             3.84%    passed     80.35%
 973  hMpxV/Canada/BC-PHL-9/2022|EPI_ISL_19028695|2022-06                              3.83%    passed     80.83%
 974  hMpxV/Canada/BC-PHL-2/2022|EPI_ISL_19028698|2022-06                              3.83%    passed     81.22%
 975  hMpxV/Canada/BC-PHL-14/2022|EPI_ISL_19028683|2022-07                             3.83%    passed     81.21%
 976  hMpxV/Canada/BC-PHL-11/2022|EPI_ISL_19028685|2022-06                             3.83%    passed     81.03%
 977  hMpxV/Canada/BC-PHL-12/2022|EPI_ISL_19028700|2022-06                             3.83%    passed     81.14%
 978  hMpxV/Canada/BC-PHL-5/2022|EPI_ISL_19028696|2022-06                              3.83%    passed     81.23%
 979  hMpxV/Canada/BC-PHL-23/2022|EPI_ISL_19028679|2022-07                             3.83%    passed     81.03%
 980  hMpxV/Canada/BC-PHL-28/2022|EPI_ISL_19028742|2022-07                             3.83%    passed     80.97%
 981  hMpxV/Canada/BC-PHL-17/2022|EPI_ISL_19028686|2022-07                             3.83%    passed     80.89%
 982  hMpxV/Canada/BC-PHL-26/2022|EPI_ISL_19028715|2022-07                             3.83%    passed     81.09%
 983  hMpxV/Canada/BC-PHL-36/2022|EPI_ISL_19028717|2022-07                             3.83%    passed     81.13%
 984  hMpxV/Canada/BC-PHL-29/2022|EPI_ISL_19028736|2022-07                             3.83%    passed     81.23%
 985  hMpxV/Canada/BC-PHL-34/2022|EPI_ISL_19028729|2022-07                             3.83%    passed     81.17%
 986  hMpxV/Canada/BC-PHL-19/2022|EPI_ISL_19028689|2022-07                             3.83%    passed     80.61%
 987  hMpxV/Canada/BC-PHL-24/2022|EPI_ISL_19028740|2022-07                             3.84%    passed     80.85%
 988  hMpxV/Canada/BC-PHL-38/2022|EPI_ISL_19028709|2022-07                             3.83%    passed     80.57%
 989  hMpxV/Canada/BC-PHL-15/2022|EPI_ISL_19028688|2022-07                             3.83%    passed     80.52%
 990  hMpxV/Canada/BC-PHL-41/2022|EPI_ISL_19028707|2022-07                             3.83%    passed     80.16%
 991  hMpxV/Canada/BC-PHL-21/2022|EPI_ISL_19028684|2022-07                             3.84%    passed     81.30%
 992  hMpxV/Canada/BC-PHL-46/2022|EPI_ISL_19028733|2022-07                             3.84%    passed     81.48%
 993  hMpxV/Canada/BC-PHL-135/2022|EPI_ISL_19028763|2022-08                            3.83%    passed     79.81%
 994  hMpxV/Canada/BC-PHL-199/2022|EPI_ISL_19028764|2022-06                            3.83%    passed     80.73%
 995  hMpxV/Canada/BC-PHL-155/2022|EPI_ISL_19028739|2022-09                            3.83%    passed     80.60%
 996  hMpxV/Canada/BC-PHL-156/2022|EPI_ISL_19028778|2022-09                            3.83%    passed     80.86%
 997  hMpxV/Canada/BC-PHL-117/2022|EPI_ISL_19028690|2022-08                            3.83%    passed     80.73%
 998  hMpxV/Canada/BC-PHL-154/2022|EPI_ISL_19028722|2022-09                            3.83%    passed     81.16%
 999  hMpxV/Canada/BC-PHL-104/2022|EPI_ISL_19028759|2022-08                            3.83%    passed     80.96%
1000  hMpxV/Canada/BC-PHL-99/2022|EPI_ISL_19028788|2022-08                             3.83%    passed     80.97%
1001  hMpxV/Canada/BC-PHL-167/2022|EPI_ISL_19028708|2022-10                            3.83%    passed     80.55%
1002  hMpxV/Canada/BC-PHL-164/2022|EPI_ISL_19028744|2022-10                            3.83%    passed     80.34%
1003  hMpxV/Canada/BC-PHL-145/2022|EPI_ISL_19028775|2022-09                            3.83%    passed     80.69%
1004  hMpxV/Canada/BC-PHL-3/2022|EPI_ISL_19028785|2022-06                              3.83%    passed     80.73%
1005  hMpxV/Canada/BC-PHL-157/2022|EPI_ISL_19028723|2022-09                            3.83%    passed     80.26%
1006  hMpxV/Canada/BC-PHL-122/2022|EPI_ISL_19028694|2022-08                            3.83%    passed     80.33%
1007  hMpxV/Canada/BC-PHL-124/2022|EPI_ISL_19028748|2022-08                            3.83%    passed     80.42%
1008  hMpxV/Canada/BC-PHL-115/2022|EPI_ISL_19028701|2022-08                            3.83%    passed     80.56%
1009  hMpxV/Canada/BC-PHL-121/2022|EPI_ISL_19028753|2022-08                            3.83%    passed     80.29%
1010  hMpxV/Canada/BC-PHL-175/2022|EPI_ISL_19028743|2022-11                            3.83%    passed     80.69%
1011  hMpxV/Canada/BC-PHL-176/2022|EPI_ISL_19028738|2022-12                            3.83%    passed     80.24%
1012  hMpxV/Canada/BC-PHL-165/2022|EPI_ISL_19028747|2022-10                            3.83%    passed     80.01%
1013  hMpxV/Canada/BC-PHL-69/2022|EPI_ISL_19028726|2022-07                             3.83%    passed     79.48%
1014  hMpxV/Canada/BC-PHL-84/2022|EPI_ISL_19028772|2022-08                             3.83%    passed     80.56%
1015  hMpxV/Canada/BC-PHL-76/2022|EPI_ISL_19028724|2022-07                             3.83%    passed     80.01%
1016  hMpxV/Canada/BC-PHL-90/2022|EPI_ISL_19028787|2022-08                             3.83%    passed     80.32%
1017  hMpxV/Canada/BC-PHL-120/2022|EPI_ISL_19028702|2022-08                            3.83%    passed     79.51%
1018  hMpxV/Canada/BC-PHL-96/2022|EPI_ISL_19028745|2022-08                             3.83%    passed     80.53%
1019  hMpxV/Canada/BC-PHL-150/2022|EPI_ISL_19028725|2022-09                            3.83%    passed     80.69%
1020  hMpxV/Canada/BC-PHL-159/2022|EPI_ISL_19028711|2022-09                            3.83%    passed     80.69%
1021  hMpxV/Canada/BC-PHL-102/2022|EPI_ISL_19028765|2022-08                            3.83%    passed     79.76%
1022  hMpxV/Canada/BC-PHL-143/2022|EPI_ISL_19028784|2022-09                            3.83%    passed     80.52%
1023  hMpxV/Canada/BC-PHL-112/2022|EPI_ISL_19028682|2022-08                            3.83%    passed     80.24%
1024  hMpxV/Canada/BC-PHL-130/2022|EPI_ISL_19028749|2022-08                            3.83%    passed     80.66%
1025  hMpxV/Canada/BC-PHL-81/2022|EPI_ISL_19028713|2022-08                             3.83%    passed     80.34%
1026  hMpxV/Canada/BC-PHL-140/2022|EPI_ISL_19028751|2022-09                            3.83%    passed     79.83%
1027  hMpxV/Canada/BC-PHL-153/2022|EPI_ISL_19028777|2022-09                            3.83%    passed     79.81%
1028  hMpxV/Canada/BC-PHL-158/2022|EPI_ISL_19028752|2022-09                            3.83%    passed     79.66%
1029  hMpxV/Canada/BC-PHL-138/2022|EPI_ISL_19028767|2022-09                            3.83%    passed     79.35%
1030  hMpxV/Canada/BC-PHL-127/2022|EPI_ISL_19028770|2022-08                            3.83%    passed     79.36%
1031  hMpxV/Canada/BC-PHL-7/2022|EPI_ISL_19028693|2022-06                              3.83%    passed     81.13%
1032  hMpxV/Canada/BC-PHL-27/2022|EPI_ISL_19028681|2022-07                             3.83%    passed     80.78%
1033  hMpxV/Canada/BC-PHL-42/2022|EPI_ISL_19028710|2022-07                             3.83%    passed     81.22%
1034  hMpxV/Canada/BC-PHL-79/2022|EPI_ISL_19028730|2022-08                             3.84%    passed     79.46%
1035  hMpxV/Canada/BC-PHL-87/2022|EPI_ISL_19028728|2022-08                             3.84%    passed     79.50%
1036  hMpxV/Canada/BC-PHL-185/2023|EPI_ISL_19028781|2023-05                            3.83%    passed     79.56%
1037  hMpxV/Canada/BC-PHL-184/2023|EPI_ISL_19028750|2023-05                            3.83%    passed     79.71%
1038  hMpxV/Canada/BC-PHL-123/2022|EPI_ISL_19028706|2022-08                            3.84%    passed     80.99%
1039  hMpxV/Canada/BC-PHL-107/2022|EPI_ISL_19028721|2022-08                            3.84%    passed     80.50%
1040  hMpxV/Canada/BC-PHL-92/2022|EPI_ISL_19028783|2022-08                             3.83%    passed     79.55%
1041  hMpxV/Canada/BC-PHL-147/2022|EPI_ISL_19028703|2022-09                            3.83%    passed     79.98%
1042  hMpxV/Canada/BC-PHL-37/2022|EPI_ISL_19028734|2022-07                             3.83%    passed     80.57%
1043  hMpxV/Canada/BC-PHL-178/2023|EPI_ISL_19028687|2023-02                            3.83%    passed     78.22%
1044  hMpxV/Canada/BC-PHL-181/2023|EPI_ISL_19028692|2023-02                            3.83%    passed     78.23%
1045  hMpxV/Canada/BC-PHL-132/2022|EPI_ISL_19028718|2022-08                            3.84%    passed     81.07%
1046  hMpxV/Canada/BC-PHL-186/2023|EPI_ISL_19028714|2023-05                            3.83%    passed     80.12%
1047  hMpxV/Canada/BC-PHL-110/2022|EPI_ISL_19028771|2022-08                            3.84%    passed     80.38%
1048  hMpxV/Canada/BC-PHL-75/2022|EPI_ISL_19028732|2022-07                             3.83%    passed     80.22%
1049  hMpxV/Canada/BC-PHL-74/2022|EPI_ISL_19028720|2022-07                             3.83%    passed     80.08%
1050  hMpxV/Canada/BC-PHL-55/2022|EPI_ISL_19028712|2022-07                             3.84%    passed     80.95%
1051  hMpxV/Canada/BC-PHL-134/2022|EPI_ISL_19028790|2022-08                            3.84%    passed     80.99%
1052  hMpxV/Canada/BC-PHL-83/2022|EPI_ISL_19028716|2022-08                             3.84%    passed     79.99%
1053  hMpxV/Canada/BC-PHL-133/2022|EPI_ISL_19028719|2022-08                            3.84%    passed     80.08%
1054  hMpxV/Canada/BC-PHL-188/2023|EPI_ISL_19028766|2023-09                            3.83%    passed     78.75%
1055  hMpxV/Canada/BC-PHL-189/2023|EPI_ISL_19028768|2023-09                            3.83%    passed     78.99%
1056  hMpxV/Canada/BC-PHL-187/2023|EPI_ISL_19028774|2023-09                            3.83%    passed     78.47%
1057  hMpxV/Canada/BC-PHL-119/2022|EPI_ISL_19028691|2022-08                            3.83%    passed     80.56%
1058  hMpxV/Canada/BC-PHL-163/2022|EPI_ISL_19028699|2022-10                            3.83%    passed     80.29%
1059  hMpxV/Canada/BC-PHL-161/2022|EPI_ISL_19028741|2022-09                            3.83%    passed     80.62%
1060  hMpxV/Canada/BC-PHL-152/2022|EPI_ISL_19028755|2022-09                            3.83%    passed     80.29%
1061  hMpxV/Canada/BC-PHL-170/2022|EPI_ISL_19028704|2022-11                            3.83%    passed     80.24%
1062  hMpxV/Canada/BC-PHL-160/2022|EPI_ISL_19028705|2022-09                            3.83%    passed     80.51%
1063  hMpxV/Canada/BC-PHL-77/2022|EPI_ISL_19028746|2022-07                             3.83%    passed     79.22%
1064  hMpxV/Canada/BC-PHL-142/2022|EPI_ISL_19028731|2022-09                            3.83%    passed     79.48%
1065  hMpxV/Canada/BC-PHL-93/2022|EPI_ISL_19028737|2022-08                             3.83%    passed     79.34%
1066  hMpxV/Canada/BC-PHL-177/2023|EPI_ISL_19028758|2023-02                            3.83%    passed     79.80%
1067  hMpxV/Peru/LIM-INS-011/2022|EPI_ISL_14207726|2022-07-04                          0.56%    passed     99.99%
1068  hMpxV/United_Kingdom/UKHSA-9000378/2022|EPI_ISL_15158411|2022-08                 0.55%    passed     99.98%
1069  hMpxV/United_Kingdom/UKHSA-9000383/2022|EPI_ISL_15158415|2022-08                 0.55%    passed     99.98%
1070  hMpxV/United_Kingdom/UKHSA-9000392/2022|EPI_ISL_15158423|2022-08                 0.55%    passed     99.99%
1071  hMpxV/United_Kingdom/UKHSA-9000445/2022|EPI_ISL_15158463|2022-08                 0.55%    passed     99.99%
1072  hMpxV/United_Kingdom/UKHSA-9000421/2022|EPI_ISL_15158448|2022-08                 0.55%    passed     99.98%
1073  hMpxV/Peru/LIM-INS-006/2022|EPI_ISL_13833195|2022-07-01                          0.55%    passed     99.98%
1074  hMpxV/Peru/PIU-INS-051/2022|EPI_ISL_14445153|2022-07-12                          0.55%    passed     99.98%
1075  hMpxV/Peru/LIM-INS-241/2022|EPI_ISL_16104922|2022-09-12                          0.55%    passed     99.98%
1076  hMpxV/Peru/ARE-INS-139/2022|EPI_ISL_14818801|2022-08-10                          0.55%    passed     99.98%
1077  hMpxV/Italy/un-IZSM-B1/2023|EPI_ISL_18846316|2023-05                             0.55%    passed     99.98%
1078  hMpxV/Peru/ICA-INS-188/2022|EPI_ISL_16104869|2022-08-29                          0.55%    passed     99.98%
1079  hMpxV/Peru/CUS-INS-280/2022|EPI_ISL_16116765|2022-10-26                          0.55%    passed     99.98%
1080  hMpxV/Peru/ARE-INS-135/2022|EPI_ISL_14818797|2022-08-11                          0.55%    passed     99.98%
1081  hMpxV/Peru/ARE-INS-140/2022|EPI_ISL_14818802|2022-08-10                          0.55%    passed     99.98%
1082  hMpxV/Peru/LIM-INS-108/2022|EPI_ISL_14584309|2022-08-01                          0.55%    passed     99.98%
1083  hMpxV/Peru/LAL-INS-209/2022|EPI_ISL_16104890|2022-09-13                          0.56%    passed     99.99%
1084  hMpxV/Peru/LAL-INS-242/2022|EPI_ISL_16116727|2022-09-21                          0.55%    passed     99.98%
1085  hMpxV/Italy/un-IZSM-D7/2023|EPI_ISL_18846304|2023-05                             0.55%    passed     99.99%
1086  hMpxV/United_Kingdom/UKHSA-9000453/2022|EPI_ISL_15158468|2022-09                 0.55%    passed     99.99%
1087  hMpxV/Peru/LIM-INS-163/2022|EPI_ISL_16104844|2022-08-20                          0.55%    passed     99.99%
1088  hMpxV/Peru/LIM-INS-259/2022|EPI_ISL_16116744|2022-10-01                          0.55%    passed     99.99%
1089  hMpxV/Australia/QLD-MX00002/2022|EPI_ISL_19539669|2022-08-04                     0.55%    passed     99.99%
1090  hMpxV/United_Kingdom/UKHSA-9000442/2022|EPI_ISL_15158461|2022-08                 0.55%    passed     99.99%
1091  hMpxV/United_Kingdom/UKHSA-9000444/2022|EPI_ISL_15158462|2022-08                 0.55%    passed     99.99%
1092  hMpxV/Peru/LAL-INS-221/2022|EPI_ISL_16104902|2022-09-10                          0.55%    passed     99.99%
1093  hMpxV/USA/OK-UN-67/2022|EPI_ISL_14804642|2022-07-19                              0.55%    passed     99.99%
1094  hMpxV/Italy/un-IZSM-D10/2023|EPI_ISL_18846319|2023-05                            0.55%    passed     99.99%
1095  hMpxV/USA/OH-UW-071048/2022|EPI_ISL_14997065|2022-07                             0.56%    passed     99.98%
1096  hMpxV/USA/NE-EAOH-43/2022|EPI_ISL_14326642|2022-07-14                            0.56%    passed     99.98%
1097  hMpxV/Peru/LIM-INS-155/2022|EPI_ISL_14818817|2022-08-09                          0.55%    passed     99.99%
1098  hMpxV/Canada/BC-PHL-149/2022|EPI_ISL_19028779|2022-09                            3.83%    passed     79.74%
1099  hMpxV/Canada/BC-PHL-166/2022|EPI_ISL_19028780|2022-10                            3.83%    passed     80.16%
1100  hMpxV/Italy/un-IZSM-E1/2023|EPI_ISL_18846279|2023-05                             0.55%    passed     99.98%
1101  hMpxV/United_Kingdom/UKHSA-9000375/2022|EPI_ISL_15158408|2022-08                 0.55%    passed     99.99%
1102  hMpxV/Peru/LIM-INS-276/2022|EPI_ISL_16116761|2022-10-03                          0.55%    passed    100.00%
1103  hMpxV/Brazil/SP-IAL-3280/2023|EPI_ISL_19446284|2023-10-09                        0.56%    passed     99.98%
1104  hMpxV/Brazil/SP-IAL-3284/2023|EPI_ISL_19446288|2023-12-18                        0.56%    passed     99.98%
1105  hMpxV/Brazil/SP-IAL-3281/2023|EPI_ISL_19446285|2023-10-09                        0.55%    passed     99.99%
1106  hMpxV/Brazil/SP-IAL-3282/2023|EPI_ISL_19446286|2023-10-11                        0.55%    passed     99.99%
1107  hMpxV/Brazil/SP-IAL-357399029/2023|EPI_ISL_19446287|2023-11-29                   0.55%    passed     99.98%
1108  hMpxV/USA/NC-UNC-0003/2022|EPI_ISL_15076180|2022-08-04                           0.55%    passed    100.00%
1109  hMpxV/Italy/un-IZSM-E9/2023|EPI_ISL_18846296|2023-05                             0.56%    passed     99.99%
1110  hMpxV/United_Kingdom/UKHSA-9000423/2022|EPI_ISL_15158450|2022-08                 0.55%    passed     99.98%
1111  hMpxV/United_Kingdom/UKHSA-9000398/2022|EPI_ISL_15158429|2022-09                 0.55%    passed     99.99%
1112  hMpxV/Thailand/NIC-251/2022|EPI_ISL_14153982|2022-07-27                          0.61%    passed     99.83%
1113  hMpxV/United_Kingdom/UKHSA-9000407/2022|EPI_ISL_15158436|2022-09                 0.56%    passed     99.99%
1114  hMpxV/South_Korea/KDCA-P22/2023|EPI_ISL_18540494|2023-08-03                      0.55%    passed     99.99%
1115  hMpxV/South_Korea/KDCA-P24/2023|EPI_ISL_18542115|2023-08-28                      0.55%    passed    100.00%
1116  hMpxV/South_Korea/KDCA-P23/2023|EPI_ISL_18542118|2023-08-28                      0.55%    passed    100.00%
1117  hMpxV/South_Korea/KDCA-P11/2023|EPI_ISL_18540495|2023-07-05                      0.55%    passed     99.99%
1118  hMpxV/South_Korea/KDCA-P007/2023|EPI_ISL_18147345|2023-04-10                     0.55%    passed     99.99%
1119  hMpxV/South_Korea/KDCA-P016/2023|EPI_ISL_18147356|2023-04-18                     0.55%    passed     99.99%
1120  hMpxV/South_Korea/KDCA-P018/2023|EPI_ISL_18147348|2023-04-18                     0.55%    passed     99.99%
1121  hMpxV/South_Korea/KDCA-P08/2023|EPI_ISL_18542108|2023-07-05                      0.55%    passed     99.99%
1122  hMpxV/South_Korea/KDCA-P024/2023|EPI_ISL_18147351|2023-04-21                     0.55%    passed     99.99%
1123  hMpxV/South_Korea/KDCA-P05/2023|EPI_ISL_18542117|2023-06-23                      0.55%    passed     99.99%
1124  hMpxV/Italy/un-IZSM-C2/2023|EPI_ISL_18846284|2023-05                             0.55%    passed     99.99%
1125  hMpxV/South_Korea/NMC-P003/2023|EPI_ISL_18744050|2023-05-03                      0.55%    passed     99.99%
1126  hMpxV/Thailand/MU-V241/2023|EPI_ISL_19336739|2023-09                             0.56%    passed     99.99%
1127  hMpxV/South_Korea/KDCA-P03/2023|EPI_ISL_18541890|2023-06-23                      0.55%    passed     99.99%
1128  hMpxV/South_Korea/KDCA-P04/2023|EPI_ISL_18542110|2023-09-15                      0.55%    passed    100.00%
1129  hMpxV/South_Korea/KDCA-P07/2023|EPI_ISL_18540666|2023-07-05                      0.55%    passed     99.99%
1130  hMpxV/South_Korea/KDCA-P022/2023|EPI_ISL_18147353|2023-04-21                     0.55%    passed     99.99%
1131  hMpxV/South_Korea/KDCA-P011/2023|EPI_ISL_18147340|2023-04-14                     0.55%    passed    100.00%
1132  hMpxV/South_Korea/KDCA-P019/2023|EPI_ISL_18147344|2023-04-19                     0.55%    passed     99.99%
1133  hMpxV/South_Korea/KDCA-P029/2023|EPI_ISL_18147362|2023-04-23                     0.55%    passed     99.99%
1134  hMpxV/South_Korea/KDCA-P032/2023|EPI_ISL_18147337|2023-04-25                     0.55%    passed     99.99%
1135  hMpxV/South_Korea/KDCA-P030/2023|EPI_ISL_18147339|2023-04-23                     0.55%    passed     99.99%
1136  hMpxV/South_Korea/KDCA-P021/2023|EPI_ISL_18147343|2023-04-21                     0.55%    passed     99.99%
1137  hMpxV/South_Korea/KDCA-P028/2023|EPI_ISL_18147336|2023-04-22                     0.55%    passed    100.00%
1138  hMpxV/South_Korea/KDCA-P020/2023|EPI_ISL_18147341|2023-04-19                     0.55%    passed     99.99%
1139  hMpxV/South_Korea/KDCA-P008/2023|EPI_ISL_18147360|2023-04-11                     0.55%    passed     99.99%
1140  hMpxV/South_Korea/KDCA-P010/2023|EPI_ISL_18147334|2023-04-13                     0.55%    passed     99.99%
1141  hMpxV/South_Korea/KDCA-P006/2023|EPI_ISL_18147338|2023-04-06                     0.55%    passed     99.99%
1142  hMpxV/South_Korea/KDCA-P012/2023|EPI_ISL_18147342|2023-04-15                     0.55%    passed     99.99%
1143  hMpxV/South_Korea/KDCA-P013/2023|EPI_ISL_18147352|2023-04-15                     0.55%    passed     99.99%
1144  hMpxV/South_Korea/KDCA-P027/2023|EPI_ISL_18147349|2023-04-22                     0.55%    passed     99.99%
1145  hMpxV/South_Korea/KDCA-P009/2023|EPI_ISL_18147359|2023-04-12                     0.55%    passed     99.99%
1146  hMpxV/South_Korea/KDCA-P005/2023|EPI_ISL_18147355|2023-03-13                     0.55%    passed     99.99%
1147  hMpxV/South_Korea/KDCA-P015/2023|EPI_ISL_18147358|2023-04-18                     0.55%    passed    100.00%
1148  hMpxV/South_Korea/KDCA-P09/2023|EPI_ISL_18542104|2023-07-05                      0.55%    passed    100.00%
1149  hMpxV/South_Korea/KDCA-P13/2023|EPI_ISL_18542112|2023-07-05                      0.55%    passed    100.00%
1150  hMpxV/South_Korea/KDCA-P14/2023|EPI_ISL_18542105|2023-07-05                      0.55%    passed    100.00%
1151  hMpxV/South_Korea/KDCA-P17/2023|EPI_ISL_18542114|2023-07-12                      0.55%    passed     99.99%
1152  hMpxV/South_Korea/KDCA-P16/2023|EPI_ISL_18542107|2023-09-15                      0.55%    passed     99.99%
1153  hMpxV/South_Korea/KDCA-P18/2023|EPI_ISL_18541180|2023-09-15                      0.55%    passed    100.00%
1154  hMpxV/South_Korea/KDCA-P15/2023|EPI_ISL_18542109|2023-07-05                      0.55%    passed     99.99%
1155  hMpxV/South_Korea/KDCA-P02/2023|EPI_ISL_18542113|2023-06-01                      0.56%    passed     99.99%
1156  hMpxV/South_Korea/KDCA-P01/2023|EPI_ISL_18542106|2023-05-03                      0.56%    passed     99.99%
1157  hMpxV/South_Korea/KDCA-P10/2023|EPI_ISL_18542116|2023-09-15                      0.55%    passed    100.00%
1158  hMpxV/South_Korea/KDCA-P20/2023|EPI_ISL_18541891|2023-09-15                      0.55%    passed     99.99%
1159  hMpxV/South_Korea/KDCA-P21/2023|EPI_ISL_18541892|2023-09-15                      0.55%    passed     99.99%
1160  hMpxV/South_Korea/KDCA-P12/2023|EPI_ISL_18540665|2023-07-05                      0.55%    passed     99.99%
1161  hMpxV/South_Korea/KDCA-P19/2023|EPI_ISL_18542119|2023-07-12                      0.55%    passed     99.99%
1162  hMpxV/Thailand/KCMH-295/2023|EPI_ISL_19437772|2023-07-03                         0.54%    passed    100.00%
1163  hMpxV/Thailand/KCMH-283/2023|EPI_ISL_19437779|2023-06-28                         0.54%    passed    100.00%
1164  hMpxV/Thailand/KCMH-465/2023|EPI_ISL_19437776|2023-12-28                         0.54%    passed    100.00%
1165  hMpxV/Thailand/KCMH-294/2023|EPI_ISL_19437774|2023-07-03                         0.54%    passed    100.00%
1166  hMpxV/Thailand/KCMH-296/2023|EPI_ISL_19437778|2023-07-03                         0.54%    passed    100.00%
1167  hMpxV/Thailand/KCMH-462/2023|EPI_ISL_19437780|2023-12-22                         0.56%    passed     99.99%
1168  hMpxV/Indonesia/JB-NIHRD-MP255/2023|EPI_ISL_18798840|2023-11-20                  0.56%    passed     99.98%
1169  hMpxV/Indonesia/JK-Biokes-MP011/2024|EPI_ISL_19159116|2024-01-22                 0.56%    passed     99.99%
1170  hMpxV/Indonesia/JK-NIHRD-MP012/2023|EPI_ISL_18463159|2023-10-20                  0.55%    passed     99.98%
1171  hMpxV/Indonesia/JK-NIHRD-MP276/2023|EPI_ISL_18798841|2023-11-29                  0.55%    passed     99.98%
1172  hMpxV/Indonesia/JB-Biokes-MP295/2023|EPI_ISL_19159110|2023-12-09                 0.55%    passed     99.98%
1173  hMpxV/Thailand/KCMH-455/2023|EPI_ISL_19437773|2023-12-01                         0.56%    passed     99.99%
1174  hMpxV/Indonesia/JK-NIHRD-MP156/2023|EPI_ISL_18642360|2023-11-04                  0.55%    passed     99.99%
1175  hMpxV/Thailand/KCMH-026/2023|EPI_ISL_19437777|2023-05-12                         0.56%    passed     99.99%
1176  hMpxV/Indonesia/JK-NIHRD-MP036/2023|EPI_ISL_18467800|2023-10-25                  0.55%    passed     99.99%
1177  hMpxV/Indonesia/JK-NIHRD-MP039/2023|EPI_ISL_18467801|2023-10-25                  0.55%    passed     99.98%
1178  hMpxV/Indonesia/JK-NIHRD-MP159/2023|EPI_ISL_18798834|2023-11-06                  0.55%    passed     99.99%
1179  hMpxV/Indonesia/JB-NIHRD-MP254/2023|EPI_ISL_18798839|2023-11-20                  0.55%    passed     99.99%
1180  hMpxV/Indonesia/JK-NIHRD-MP218/2023|EPI_ISL_18642364|2023-11-14                  0.55%    passed     99.99%
1181  hMpxV/Indonesia/JK-NIHRD-MP085/2023|EPI_ISL_18467803|2023-10-30                  0.55%    passed     99.98%
1182  hMpxV/Indonesia/BT-NIHRD-MP059/2023|EPI_ISL_18467794|2023-10-27                  0.55%    passed     99.98%
1183  hMpxV/Indonesia/JK-NIHRD-MP008/2023|EPI_ISL_18463158|2023-10-18                  0.55%    passed     99.98%
1184  hMpxV/Indonesia/JK-NIHRD-MP023/2023|EPI_ISL_18467795|2023-10-23                  0.55%    passed     99.98%
1185  hMpxV/Indonesia/BT-Biokes-MP303/2023|EPI_ISL_19159112|2023-12-12                 0.55%    passed     99.98%
1186  hMpxV/Indonesia/JK-NIHRD-MP015/2023|EPI_ISL_18463160|2023-10-20                  0.55%    passed     99.98%
1187  hMpxV/Indonesia/JK-NIHRD-MP025/2023|EPI_ISL_18467796|2023-10-23                  0.55%    passed     99.98%
1188  hMpxV/Indonesia/JK-NIHRD-MP235/2023|EPI_ISL_18798836|2023-11-16                  0.55%    passed     99.99%
1189  hMpxV/Indonesia/JK-NIHRD-MP022/2023|EPI_ISL_18467799|2023-10-23                  0.55%    passed     99.99%
1190  hMpxV/Indonesia/JK-NIHRD-MP225/2023|EPI_ISL_18798835|2023-11-16                  0.55%    passed     99.99%
1191  hMpxV/Indonesia/JK-NIHRD-MP246/2023|EPI_ISL_18798837|2023-11-20                  0.55%    passed     99.99%
1192  hMpxV/Indonesia/JK-NIHRD-MP080/2023|EPI_ISL_18467806|2023-10-28                  0.55%    passed     99.99%
1193  hMpxV/Indonesia/JK-NIHRD-MP279/2023|EPI_ISL_18798842|2023-11-30                  0.55%    passed     99.99%
1194  hMpxV/Indonesia/JK-Biokes-MP310/2023|EPI_ISL_19159113|2023-12-15                 0.55%    passed     99.99%
1195  hMpxV/Indonesia/JK-NIHRD-MP081/2023|EPI_ISL_18467798|2023-10-27                  0.55%    passed     99.99%
1196  hMpxV/Indonesia/JB-NIHRD-MP205/2023|EPI_ISL_18642362|2023-11-10                  0.55%    passed     99.99%
1197  hMpxV/Indonesia/JK-NIHRD-MP017/2023|EPI_ISL_18463161|2023-10-21                  0.55%    passed     99.98%
1198  hMpxV/Indonesia/JK-NIHRD-MP114/2023|EPI_ISL_18642357|2023-11-01                  0.55%    passed     99.98%
1199  hMpxV/Indonesia/JK-Biokes-MP010/2024|EPI_ISL_19159115|2024-01-22                 0.55%    passed     99.99%
1200  hMpxV/Indonesia/JK-Biokes-MP020/2024|EPI_ISL_19159119|2024-02-17                 0.55%    passed     99.99%
1201  hMpxV/Indonesia/JB-NIHRD-MP041/2023|EPI_ISL_18467808|2023-10-25                  0.55%    passed     99.99%
1202  hMpxV/Indonesia/JK-NIHRD-MP109/2023|EPI_ISL_18642356|2023-10-31                  0.55%    passed     99.98%
1203  hMpxV/Indonesia/JK-NIHRD-MP209/2023|EPI_ISL_18642363|2023-11-13                  0.55%    passed     99.98%
1204  hMpxV/Indonesia/JK-NIHRD-MP118/2023|EPI_ISL_18642358|2023-11-01                  0.55%    passed     99.98%
1205  hMpxV/Indonesia/BT-NIHRD-MP231/2023|EPI_ISL_18642365|2023-11-16                  0.54%    passed     99.99%
1206  hMpxV/Japan/NCGHM-001/2024|EPI_ISL_19293742|2024-03-03                           0.56%    passed     99.99%
1207  hMpxV/Italy/un-IZSM-C8/2023|EPI_ISL_18846307|2023-05                             0.56%    passed     99.99%
1208  hMpxV/Italy/un-IZSM-F1/2023|EPI_ISL_18846314|2023-05                             0.55%    passed     99.99%
1209  hMpxV/Thailand/KCMH-459/2023|EPI_ISL_19437775|2023-12-12                         0.54%    passed    100.00%
1210  hMpxV/Japan/TMIPH-0454/2025|EPI_ISL_20333658|2025-09-29                          0.56%    passed     99.99%
1211  hMpxV/Japan/TMIPH-0506/2025|EPI_ISL_20333660|2025-10-24                          0.56%    passed     99.99%
1212  hMpxV/Japan/TMIPH-0504/2025|EPI_ISL_20333659|2025-10-24                          0.55%    passed     99.99%
1213  hMpxV/Japan/TMIPH-0547/2025|EPI_ISL_20333664|2025-12-02                          0.56%    passed     99.99%
1214  hMpxV/United_Kingdom/UKHSA-9000409/2022|EPI_ISL_15158438|2022-09                 0.55%    passed     99.99%
1215  hMpxV/South_Korea/KDCA-P034/2023|EPI_ISL_18147346|2023-04-25                     0.55%    passed     99.99%
1216  hMpxV/South_Korea/KDCA-P06/2023|EPI_ISL_18542111|2023-07-05                      0.55%    passed    100.00%
1217  hMpxV/Japan/NIID-013-01/2022|EPI_ISL_19886119|2022-07-25                         0.54%    passed    100.00%
1218  hMpxV/Japan/NIID-002-02/2022|EPI_ISL_19886120|2022-07-25                         0.54%    passed    100.00%
1219  hMpxV/Japan/NIID-002-01/2022|EPI_ISL_19886114|2022-07-25                         0.54%    passed    100.00%
1220  hMpxV/Japan/NIID-001-02/2022|EPI_ISL_19886115|2022-07-25                         0.54%    passed    100.00%
1221  hMpxV/Japan/NIID-002-03/2023|EPI_ISL_19879594|2023                               0.54%    passed    100.00%
1222  hMpxV/Japan/NIID-002-03-P0/2023|EPI_ISL_19566441|2023                            0.54%    passed    100.00%
1223  hMpxV/Japan/NIID-003-01-P0/2023|EPI_ISL_19566442|2023                            0.54%    passed    100.00%
1224  hMpxV/Japan/NIID-020-01/2023|EPI_ISL_19879606|2023                               0.54%    passed    100.00%
1225  hMpxV/Japan/NIID-020-1-P0/2023|EPI_ISL_19566451|2023                             0.54%    passed    100.00%
1226  hMpxV/Japan/NIID-015-01/2023|EPI_ISL_19879602|2023                               0.54%    passed    100.00%
1227  hMpxV/Japan/NIID-015-1-P0/2023|EPI_ISL_19566448|2023                             0.54%    passed    100.00%
1228  hMpxV/Japan/OU-0009/2023|EPI_ISL_20060183|2023                                   0.54%    passed    100.00%
1229  hMpxV/Japan/NIID-005-02/2023|EPI_ISL_19879597|2023                               0.54%    passed    100.00%
1230  hMpxV/Japan/NIID-009-01/2023|EPI_ISL_19879600|2023                               0.54%    passed    100.00%
1231  hMpxV/Japan/NIID-005-02-P0/2023|EPI_ISL_19566444|2023                            0.54%    passed    100.00%
1232  hMpxV/Japan/OU-0002/2023|EPI_ISL_20060184|2023                                   0.54%    passed    100.00%
1233  hMpxV/Japan/NIID-019-01/2023|EPI_ISL_19879605|2023                               0.54%    passed    100.00%
1234  hMpxV/Japan/NIID-019-1-P0/2023|EPI_ISL_19566450|2023                             0.54%    passed    100.00%
1235  hMpxV/Japan/NIID-008-01/2023|EPI_ISL_19879599|2023                               0.54%    passed    100.00%
1236  hMpxV/Japan/NIID-008-1-P0/2023|EPI_ISL_19566446|2023                             0.54%    passed    100.00%
1237  hMpxV/Japan/NIID-014-02/2023|EPI_ISL_19879601|2023                               0.54%    passed    100.00%
1238  hMpxV/Japan/NIID-014-2-P0/2023|EPI_ISL_19566447|2023                             0.54%    passed    100.00%
1239  hMpxV/Australia/VIC-VIDRL-2390/2024|EPI_ISL_19459734|2024-04-18                  0.55%    passed    100.00%
1240  hMpxV/Australia/VIC-VIDRL-2389/2024|EPI_ISL_19459797|2024-04-18                  0.55%    passed    100.00%
1241  hMpxV/Japan/NIID-017-01/2023|EPI_ISL_19879604|2023                               0.54%    passed    100.00%
1242  hMpxV/Japan/NIID-022-02/2023|EPI_ISL_19879608|2023                               0.54%    passed    100.00%
1243  hMpxV/Japan/NIID-022-2-P0/2023|EPI_ISL_19602774|2023                             0.54%    passed    100.00%
1244  hMpxV/Japan/NIID-003-01/2023|EPI_ISL_19879595|2023                               0.54%    passed    100.00%
1245  hMpxV/Japan/NIID-023-01/2023|EPI_ISL_19879609|2023                               0.54%    passed    100.00%
1246  hMpxV/Japan/NIID-023-1-P0/2023|EPI_ISL_19602775|2023                             0.54%    passed    100.00%
1247  hMpxV/Japan/NIID-028-01/2023|EPI_ISL_19879612|2023                               0.54%    passed    100.00%
1248  hMpxV/Japan/NIID-028-01-P0/2023|EPI_ISL_19602777|2023                            0.54%    passed    100.00%
1249  hMpxV/Japan/NIID-025-01/2023|EPI_ISL_19879610|2023                               0.54%    passed    100.00%
1250  hMpxV/Japan/NIID-025-01-P0/2023|EPI_ISL_19602776|2023                            0.54%    passed    100.00%
1251  hMpxV/Japan/NIID-002-01/2023|EPI_ISL_19886121|2023-12-04                         0.55%    passed    100.00%
1252  hMpxV/Japan/NIID-004-01/2023|EPI_ISL_19879596|2023                               0.55%    passed    100.00%
1253  hMpxV/Japan/NIID-004-03-P0/2023|EPI_ISL_19566443|2023                            0.55%    passed    100.00%
1254  hMpxV/Japan/NIID-016-01/2023|EPI_ISL_19879603|2023                               0.55%    passed    100.00%
1255  hMpxV/Japan/NIID-016-1-P0/2023|EPI_ISL_19566449|2023                             0.55%    passed    100.00%
1256  hMpxV/Japan/NIID-026-01/2023|EPI_ISL_19879611|2023                               0.55%    passed     99.99%
1257  hMpxV/Japan/NIID-006-02/2023|EPI_ISL_19879598|2023                               0.54%    passed    100.00%
1258  hMpxV/Japan/NIID-006-02-P0/2023|EPI_ISL_19566445|2023                            0.54%    passed    100.00%
1259  hMpxV/USA/WA-UW-092809/2023|EPI_ISL_18414668|2023-09                             0.55%    passed     99.99%
1260  hMpxV/South_Korea/KDCA-P026/2023|EPI_ISL_18147347|2023-04-22                     0.55%    passed     99.99%
1261  hMpxV/Japan/Osaka-OMU001-A3/2023|EPI_ISL_19022858|2023-05-08                     0.58%    passed     99.99%
1262  hMpxV/Japan/Osaka-OMU001-C5/2023|EPI_ISL_19022860|2023-05-08                     0.58%    passed     99.99%
1263  hMpxV/Japan/Osaka-OMU001-D3/2023|EPI_ISL_19022862|2023-05-08                     0.58%    passed     99.99%
1264  hMpxV/USA/WA-UW-68928/2025|EPI_ISL_20256266|2025-10-22                           0.56%    passed     99.99%
1265  hMpxV/USA/WA-UW-40591/2025|EPI_ISL_20256268|2025-10-16                           0.56%    passed     99.99%
1266  hMpxV/USA/WA-UW-89335/2025|EPI_ISL_19890346|2025-04-28                           0.56%    passed     99.99%
1267  hMpxV/Taiwan/109-005210/2023|EPI_ISL_17152842|2023-02                            0.59%    passed     99.95%
1268  hMpxV/Japan/TMIPH-0117/2023|EPI_ISL_17817239|2023-05-15                          0.58%    passed     99.98%
1269  hMpxV/Japan/TMIPH-0171/2023|EPI_ISL_18352302|2023-06-06                          0.58%    passed     99.98%
1270  hMpxV/Japan/TMIPH-0138/2023|EPI_ISL_17817240|2023-05-19                          0.58%    passed     99.99%
1271  hMpxV/Japan/TMIPH-0144/2023|EPI_ISL_17817241|2023-05-20                          0.58%    passed     99.98%
1272  hMpxV/Japan/TMIPH-0310/2023|EPI_ISL_17008293|2023-01-25                          0.58%    passed     99.97%
1273  hMpxV/Japan/TMIPH-0318/2023|EPI_ISL_17008294|2023-01-25                          0.58%    passed     99.97%
1274  hMpxV/Japan/TMIPH-220516/2023|EPI_ISL_17592669|2023-03-29                        0.58%    passed     99.97%
1275  hMpxV/Japan/TMIPH-220524/2023|EPI_ISL_17445517|2023-03-30                        0.58%    passed     99.97%
1276  hMpxV/Japan/TMIPH-0325/2023|EPI_ISL_17008295|2023-01-30                          0.58%    passed     99.97%
1277  hMpxV/Japan/TMIPH-0342/2023|EPI_ISL_17008296|2023-02-09                          0.58%    passed     99.97%
1278  hMpxV/Japan/TMIPH-0047/2023|EPI_ISL_17665626|2023-04-19                          0.58%    passed     99.97%
1279  hMpxV/Japan/TMIPH-0126/2023|EPI_ISL_17762484|2023-05-15                          0.58%    passed     99.97%
1280  hMpxV/Japan/TMIPH-230002/2023|EPI_ISL_17445519|2023-03-31                        0.58%    passed     99.97%
1281  hMpxV/Japan/TMIPH-0072/2023|EPI_ISL_17692268|2023-04-28                          0.58%    passed     99.98%
1282  hMpxV/Japan/TMIPH-0174/2023|EPI_ISL_17837267|2023-06-12                          0.58%    passed     99.98%
1283  hMpxV/Japan/FKTMIPH-220304/2023|EPI_ISL_17246657|2023-01-23                      0.58%    passed     99.98%
1284  hMpxV/Japan/TMIPH-220512/2023|EPI_ISL_17445516|2023-03-28                        0.58%    passed     99.98%
1285  hMpxV/Japan/TMIPH-0029/2023|EPI_ISL_17665624|2023-04-17                          0.58%    passed     99.98%
1286  hMpxV/Japan/TMIPH-220323/2023|EPI_ISL_17445514|2023-01-30                        0.58%    passed     99.98%
1287  hMpxV/Japan/TMIPH-220357/2023|EPI_ISL_17445515|2023-02-20                        0.58%    passed     99.98%
1288  hMpxV/Japan/TMIPH-0017/2023|EPI_ISL_17592667|2023-04-06                          0.58%    passed     99.98%
1289  hMpxV/Japan/TMIPH-220510/2023|EPI_ISL_17592668|2023-03-28                        0.58%    passed     99.98%
1290  hMpxV/Japan/TMIPH-0055/2023|EPI_ISL_17665627|2023-04-21                          0.58%    passed     99.99%
1291  hMpxV/Japan/TMIPH-0085/2023|EPI_ISL_18075507|2023-05-01                          0.58%    passed     99.98%
1292  hMpxV/Japan/TMIPH-0223/2023|EPI_ISL_18075508|2023-07-07                          0.58%    passed     99.98%
1293  hMpxV/Japan/TMIPH-0012/2023|EPI_ISL_17592666|2023-04-04                          0.58%    passed     99.98%
1294  hMpxV/Japan/TMIPH-0165/2022|EPI_ISL_16905442|2022-09                             0.58%    passed     99.96%
1295  hMpxV/Japan/TMIPH-0176/2022|EPI_ISL_16905443|2022-10                             0.58%    passed     99.96%
1296  hMpxV/Japan/TMIPH-0187/2022|EPI_ISL_16905444|2022-10                             0.58%    passed     99.96%
1297  hMpxV/Japan/TMIPH-0129/2023|EPI_ISL_17762485|2023-05-17                          0.58%    passed     99.98%
1298  hMpxV/Japan/TMIPH-0112/2023|EPI_ISL_17959215|2023-05-11                          0.58%    passed     99.98%
1299  hMpxV/Japan/TMIPH-0037/2023|EPI_ISL_17665625|2023-04-18                          0.58%    passed     99.98%
1300  hMpxV/Japan/TMIPH-0007/2023|EPI_ISL_17592665|2023-04-03                          0.58%    passed     99.99%
1301  hMpxV/Japan/TMIPH-220531/2023|EPI_ISL_17445518|2023-03-31                        0.58%    passed     99.98%
1302  hMpxV/Japan/TMIPH-0076/2023|EPI_ISL_17692269|2023-04-28                          0.58%    passed     99.98%
1303  hMpxV/Japan/OIPH-001/2023|EPI_ISL_17518107|2023-03-17                            0.58%    passed     99.98%
1304  hMpxV/Japan/TMIPH-0258/2023|EPI_ISL_18352304|2023-09-14                          0.58%    passed     99.98%
1305  hMpxV/Japan/TMIPH-0012/2024|EPI_ISL_19803263|2024-05-14                          0.58%    passed     99.98%
1306  hMpxV/Japan/TMIPH-0019/2023|EPI_ISL_17592670|2023-04-11                          0.58%    passed     99.97%
1307  hMpxV/Japan/TMIPH-0082/2023|EPI_ISL_18075506|2023-05-01                          0.58%    passed     99.98%
1308  hMpxV/Japan/TMIPH-0100/2023|EPI_ISL_17722468|2023-05-06                          0.58%    passed     99.98%
1309  hMpxV/Japan/TMIPH-0267/2023|EPI_ISL_18557816|2023-09-22                          0.58%    passed     99.98%
1310  hMpxV/Japan/TMIPH-0288/2023|EPI_ISL_18557817|2023-10-11                          0.58%    passed     99.98%
1311  hMpxV/Japan/TMIPH-0336/2023|EPI_ISL_18739594|2023-11-29                          0.58%    passed     99.98%
1312  hMpxV/Japan/TMIPH-0337/2023|EPI_ISL_18739595|2023-12-01                          0.58%    passed     99.98%
1313  hMpxV/Japan/TMIPH-0304/2023|EPI_ISL_18557818|2023-10-25                          0.58%    passed     99.99%
1314  hMpxV/Japan/TMIPH-0204/2023|EPI_ISL_18055899|2023-06-26                          0.58%    passed     99.98%
1315  hMpxV/Japan/TMIPH-0206/2023|EPI_ISL_18055900|2023-06-26                          0.58%    passed     99.99%
1316  hMpxV/Japan/TMIPH-0087/2023|EPI_ISL_18097375|2023-05-02                          0.58%    passed     99.99%
1317  hMpxV/Japan/TMIPH-0109/2023|EPI_ISL_17959214|2023-05-11                          0.58%    passed     99.98%
1318  hMpxV/Germany/un-RKI-251/2022|EPI_ISL_14515157|2022-08                           0.58%    passed     99.96%
1319  hMpxV/Germany/un-RKI-270/2022|EPI_ISL_14515172|2022-08                           0.58%    passed     99.97%
1320  hMpxV/Germany/un-RKI-405/2022|EPI_ISL_15116294|2022-09                           0.58%    passed     99.95%
1321  hMpxV/Germany/un-RKI-220/2022|EPI_ISL_14515134|2022-08                           0.58%    passed     99.96%
1322  hMpxV/Germany/un-RKI-392/2022|EPI_ISL_15116281|2022-09                           0.58%    passed     99.96%
1323  hMpxV/Japan/TMIPH-0162/2023|EPI_ISL_17837266|2023-06-02                          0.58%    passed     99.98%
1324  hMpxV/Japan/TMIPH-0176/2023|EPI_ISL_17837268|2023-06-09                          0.58%    passed     99.98%
1325  hMpxV/Japan/TMIPH-0007/2024|EPI_ISL_19803262|2024-05-01                          0.58%    passed     99.99%
1326  hMpxV/Germany/un-RKI-718/2023|EPI_ISL_17008383|2023-01                           0.58%    passed     99.99%
1327  hMpxV/Germany/un-RKI-719/2023|EPI_ISL_17008384|2023-01                           0.58%    passed     99.99%
1328  hMpxV/Japan/TMIPH-0113/2023|EPI_ISL_17959216|2023-05-12                          0.58%    passed     99.98%
1329  hMpxV/Taiwan/CDC-240031000030/2023|EPI_ISL_17428283|2023-03                      0.57%    passed     99.99%
1330  hMpxV/France/un-VGEMI-HCL0001/2022|EPI_ISL_13052287|2022-05-22                   0.59%    passed     99.94%
1331  hMpxV/United_Kingdom/UKHSA-9000393/2022|EPI_ISL_15158424|2022-08                 0.55%    passed     99.99%
1332  hMpxV/United_Kingdom/UKHSA-9000424/2022|EPI_ISL_15158451|2022-08                 0.55%    passed     99.99%
1333  hMpxV/United_Kingdom/UKHSA-9000413/2022|EPI_ISL_15158441|2022-08                 0.55%    passed     99.99%
1334  hMpxV/United_Kingdom/UKHSA-9000396/2022|EPI_ISL_15158427|2022-09                 0.55%    passed     99.99%
1335  hMpxV/United_Kingdom/UKHSA-9000435/2022|EPI_ISL_15158458|2022-07                 0.55%    passed     99.99%
1336  hMpxV/United_Kingdom/UKHSA-9000406/2022|EPI_ISL_15158435|2022-09                 0.55%    passed     99.99%
1337  hMpxV/Switzerland/un-HUG-38235549/2022|EPI_ISL_19618896|2022-05                  0.55%    passed     99.99%
1338  hMpxV/Scotland/CVR-1d/2022|EPI_ISL_13409180|2022-05-15                           0.58%    passed     99.95%
1339  hMpxV/Scotland/CVR-1e/2022|EPI_ISL_13409181|2022-05-15                           0.58%    passed     99.94%
1340  hMpxV/Scotland/CVR-1b/2022|EPI_ISL_13409178|2022-05-15                           0.58%    passed     99.94%
1341  hMpxV/Scotland/CVR-1c/2022|EPI_ISL_13409179|2022-05-15                           0.58%    passed     99.95%
1342  hMpxV/United_Kingdom/UKHSA-OSmnPq_9000278/2022|EPI_ISL_14934680|2022-08          0.59%    passed     99.94%
1343  hMpxV/Mexico/COA_InDRE_F114/2023|EPI_ISL_17672240|2023-01-16                     0.54%    passed    100.00%
1344  hMpxV/Mexico/NLE_InDRE_F130/2023|EPI_ISL_17672242|2023-01-17                     0.54%    passed    100.00%
1345  hMpxV/Mexico/NLE_InDRE_F309/2023|EPI_ISL_17672256|2023-02-17                     0.54%    passed    100.00%
1346  hMpxV/Mexico/NLE_InDRE_F276/2023|EPI_ISL_17703600|2023-02-07                     0.54%    passed    100.00%
1347  hMpxV/Mexico/COA_InDRE_F5645/2022|EPI_ISL_17672229|2022-12-14                    0.54%    passed    100.00%
1348  hMpxV/Mexico/GUA_InDRE_F244/2023|EPI_ISL_17672251|2023-02-04                     0.54%    passed    100.00%
1349  hMpxV/Mexico/NLE_InDRE_F14/2022|EPI_ISL_17703582|2022-12-27                      0.54%    passed    100.00%
1350  hMpxV/Mexico/CMX_InDRE_F378/2023|EPI_ISL_17672259|2023-03-10                     0.54%    passed    100.00%
1351  hMpxV/Mexico/NLE_InDRE_F321/2023|EPI_ISL_17703603|2023-02-21                     0.54%    passed    100.00%
1352  hMpxV/Mexico/VER_InDRE_F379/2023|EPI_ISL_17672260|2023-03-08                     0.54%    passed    100.00%
1353  hMpxV/Mexico/NLE_InDRE_F472/2023|EPI_ISL_17703612|2023-03-31                     0.54%    passed    100.00%
1354  hMpxV/Mexico/NLE_InDRE_F264/2023|EPI_ISL_17703599|2023-02-07                     0.54%    passed    100.00%
1355  hMpxV/Mexico/JAL_InDRE_F242/2023|EPI_ISL_17703594|2023-01-24                     0.54%    passed    100.00%
1356  hMpxV/Mexico/NLE_InDRE_F252/2023|EPI_ISL_17703597|2023-02-02                     0.54%    passed    100.00%
1357  hMpxV/Mexico/YUC_InDRE_F5709/2022|EPI_ISL_17672232|2022-12-05                    0.54%    passed    100.00%
1358  hMpxV/Mexico/CAM_InDRE_F123/2023|EPI_ISL_17703591|2023-01-05                     0.54%    passed    100.00%
1359  hMpxV/Mexico/NLE_InDRE_F250/2023|EPI_ISL_17703595|2023-02-03                     0.54%    passed    100.00%
1360  hMpxV/Mexico/NLE_InDRE_F251/2023|EPI_ISL_17703596|2023-02-01                     0.54%    passed    100.00%
1361  hMpxV/Mexico/QUE_InDRE_F144/2023|EPI_ISL_17672243|2023-01-16                     0.54%    passed     99.98%
1362  hMpxV/Mexico/QUE_InDRE_F18/2022|EPI_ISL_17672248|2022-12-30                      0.54%    passed    100.00%
1363  hMpxV/Mexico/MEX_InDRE_F98/2023|EPI_ISL_17703590|2023-01-11                      0.54%    passed     99.99%
1364  hMpxV/Mexico/CMX_InDRE_F3511/2022|EPI_ISL_17703570|2022-10-03                    0.54%    passed    100.00%
1365  hMpxV/Mexico/MEX_InDRE_F4060/2022|EPI_ISL_17672206|2022-10-11                    0.54%    passed     99.99%
1366  hMpxV/Mexico/TAM_InDRE_F5537/2022|EPI_ISL_17672224|2022-11-29                    0.54%    passed    100.00%
1367  hMpxV/Mexico/HID_InDRE_F5581/2022|EPI_ISL_17672226|2022-12-07                    0.54%    passed    100.00%
1368  hMpxV/Mexico/CHP_InDRE_F5684/2022|EPI_ISL_17672231|2022-12-18                    0.54%    passed    100.00%
1369  hMpxV/Mexico/CHP_InDRE_F108/2023|EPI_ISL_17672239|2023-01-11                     0.54%    passed    100.00%
1370  hMpxV/Mexico/TLA_InDRE_F448/2023|EPI_ISL_17703611|2023-03-21                     0.54%    passed    100.00%
1371  hMpxV/Mexico/HID_InDRE_F152/2023|EPI_ISL_17672244|2023-01-23                     0.54%    passed    100.00%
1372  hMpxV/Mexico/TAB_InDRE_F5681/2022|EPI_ISL_17672230|2022-12-13                    0.54%    passed     99.99%
1373  hMpxV/Chile/RM-ISP-128551/2022|EPI_ISL_19345321|2022-11-14                       0.55%    passed    100.00%
1374  hMpxV/Chile/RM-ISP-128119/2022|EPI_ISL_19345377|2022-11-14                       0.54%    passed    100.00%
1375  hMpxV/Chile/RM-ISP-135491/2022|EPI_ISL_19345346|2022-12-09                       0.55%    passed    100.00%
1376  hMpxV/Chile/RM-ISP-135958/2022|EPI_ISL_19345348|2022-12-04                       0.54%    passed    100.00%
1377  hMpxV/Chile/RM-ISP-140628/2022|EPI_ISL_19345358|2022-12-28                       0.55%    passed    100.00%
1378  hMpxV/Chile/RM-ISP-134481/2022|EPI_ISL_19345342|2022-12-06                       0.55%    passed     99.99%
1379  hMpxV/Chile/RM-ISP-7794/2023|EPI_ISL_19345371|2023-01-30                         0.55%    passed     99.99%
1380  hMpxV/Chile/RM-ISP-116543/2022|EPI_ISL_19345391|2022-09-28                       0.54%    passed    100.00%
1381  hMpxV/Chile/RM-ISP-122325/2022|EPI_ISL_19345380|2022-10-19                       0.55%    passed    100.00%
1382  hMpxV/Chile/VS-ISP-189/2022|EPI_ISL_19345361|2022-12-30                          0.54%    passed    100.00%
1383  hMpxV/Chile/VS-ISP-4661/2023|EPI_ISL_19345366|2023-01-17                         0.55%    passed    100.00%
1384  hMpxV/Chile/AP-ISP-125234/2022|EPI_ISL_19345383|2022-11-01                       0.55%    passed    100.00%
1385  hMpxV/United_Kingdom/UKHSA-9000160/2022|EPI_ISL_14277501|2022-07-05              0.54%    passed    100.00%
1386  hMpxV/United_Kingdom/UKHSA-58/2022|EPI_ISL_14439763|2022-07-05                   0.54%    passed    100.00%
1387  hMpxV/United_Kingdom/UKHSA-42KDT6_9000240/2022|EPI_ISL_14934654|2022-07          0.54%    passed    100.00%
1388  hMpxV/United_Kingdom/UKHSA-42KDT6_9000241/2022|EPI_ISL_14934655|2022-08          0.54%    passed    100.00%
1389  hMpxV/USA/WA-UW-086295/2022|EPI_ISL_15607979|2022-08                             0.55%    passed    100.00%
1390  hMpxV/Chile/RM-ISP-126852/2022|EPI_ISL_19345374|2022-11-04                       0.55%    passed    100.00%
1391  hMpxV/Brazil/SP-USP-IMT-0711161/2022|EPI_ISL_17703744|2022-10-31                 0.56%    passed    100.00%
1392  hMpxV/Brazil/SP-USP-IMT-0811161/2022|EPI_ISL_17703746|2022-10-31                 0.56%    passed    100.00%
1393  hMpxV/Chile/RM-ISP-133151/2022|EPI_ISL_19345336|2022-11-30                       0.55%    passed     99.99%
1394  hMpxV/Chile/VS-ISP-138625/2022|EPI_ISL_19345356|2022-12-19                       0.55%    passed    100.00%
1395  hMpxV/United_Kingdom/UKHSA-xSF5DR_9000295/2022|EPI_ISL_14934690|2022-08          0.55%    passed     99.99%
1396  hMpxV/Mexico/ROO_InDRE_F5025/2022|EPI_ISL_17672210|2022-10-27                    0.54%    passed     99.98%
1397  hMpxV/Mexico/YUC_InDRE_F5757/2022|EPI_ISL_17703581|2022-12-16                    0.54%    passed     99.99%
1398  hMpxV/Brazil/SP-USP-IMT-0511161/2022|EPI_ISL_17703745|2022-10-31                 0.56%    passed    100.00%
1399  hMpxV/Mexico/NLE_InDRE_F382/2023|EPI_ISL_17703604|2023-03-10                     0.54%    passed     99.99%
1400  hMpxV/Chile/RM-ISP-129697/2022|EPI_ISL_19345324|2022-11-18                       0.56%    passed    100.00%
1401  hMpxV/Chile/RM-ISP-129922/2022|EPI_ISL_19345327|2022-11-19                       0.55%    passed    100.00%
1402  hMpxV/Spain/GA-CHUVI-34920128/2022|EPI_ISL_16233784|2022-08-17                   0.54%    passed    100.00%
1403  hMpxV/Spain/GA-CHUVI-51937309/2022|EPI_ISL_16233781|2022-08-19                   0.54%    passed    100.00%
1404  hMpxV/Mexico/HID_InDRE_F5268/2022|EPI_ISL_17672216|2022-11-17                    0.54%    passed     99.99%
1405  hMpxV/Mexico/ROO_InDRE_F2559/2022|EPI_ISL_17703568|2022-09-10                    0.54%    passed     99.98%
1406  hMpxV/Mexico/ROO_InDRE_F354/2023|EPI_ISL_17672258|2023-02-28                     0.54%    passed     99.99%
1407  hMpxV/USA/WA-UW-082215/2022|EPI_ISL_14910871|2022-08                             0.55%    passed    100.00%
1408  hMpxV/Brazil/SP-IAL-18/2022|EPI_ISL_13732932|2022-07-06                          0.54%    passed     99.99%
1409  hMpxV/Australia/VIC-VIDRL-2388/2024|EPI_ISL_19459749|2024-04-18                  0.55%    passed    100.00%
1410  hMpxV/Mexico/TLA_InDRE_F5432/2022|EPI_ISL_17672220|2022-11-30                    0.54%    passed     99.96%
1411  hMpxV/Slovakia/CUSP-36754/2022|EPI_ISL_14666780|2022-08-15                       0.60%    passed     99.91%
1412  hMpxV/Slovakia/CUSP-37735/2022|EPI_ISL_14961090|2022-08-31                       0.59%    passed     99.90%
1413  hMpxV/Slovakia/PHA-CU-0802_33533/2022|EPI_ISL_14211644|2022-07-13                0.59%    passed     99.90%
1414  hMpxV/Slovakia/CUSP-36426/2022|EPI_ISL_14586688|2022-08-09                       0.59%    passed     99.88%
1415  hMpxV/Slovakia/PHA-CU-0802_34042/2022|EPI_ISL_14211645|2022-07-20                0.60%    passed     99.88%
1416  hMpxV/Slovakia/CUSP-35370/2022|EPI_ISL_14541654|2022-08-01                       0.59%    passed     99.93%
1417  hMpxV/Slovakia/CUSP-34541/2022|EPI_ISL_14541647|2022-07-25                       0.61%    passed     99.87%
1418  hMpxV/Slovakia/CUSP-35368/2022|EPI_ISL_14541652|2022-08-01                       0.59%    passed     99.90%
1419  hMpxV/Slovakia/CUSP-34623/2022|EPI_ISL_14541649|2022-07-25                       0.59%    passed     99.90%
1420  hMpxV/Slovakia/CUSP-37653/2022|EPI_ISL_14961089|2022-08-26                       0.59%    passed     99.88%
1421  hMpxV/Mexico/NLE-InDRE-F755-E493/2022|EPI_ISL_15992098|2022-08-11                0.55%    passed     99.99%
1422  hMpxV/Mexico/TLA-InDRE-F3415-E4622/2022|EPI_ISL_15992101|2022-09-28              0.55%    passed     99.99%
1423  hMpxV/Mexico/MEX-InDRE-F80-E33/2022|EPI_ISL_15992095|2022-06-15                  0.55%    passed     99.99%
1424  hMpxV/Mexico/HID-InDRE-F1410-E1400/2022|EPI_ISL_15992099|2022-08-28              0.56%    passed     99.99%
1425  hMpxV/Mexico/SLP-InDRE-F4024-E5596/2022|EPI_ISL_15992103|2022-10-10              0.56%    passed     99.99%
1426  hMpxV/Mexico/CAM-InDRE-F2031-E2309/2022|EPI_ISL_15992100|2022-09-05              0.55%    passed     99.99%
1427  hMpxV/Mexico/SLP-InDRE-F4932-E6992/2022|EPI_ISL_15992104|2022-10-31              0.55%    passed     99.99%
1428  hMpxV/Mexico/JAL-InDRE-F96-E45/2022|EPI_ISL_15992096|2022-06-22                  0.55%    passed     99.99%
1429  hMpxV/Germany/un-RKI-715/2022|EPI_ISL_17008380|2022-10                           0.58%    passed     99.94%
1430  hMpxV/Germany/un-RKI-219/2022|EPI_ISL_14515102|2022-08                           0.58%    passed     99.92%
1431  hMpxV/Germany/un-RKI-199/2022|EPI_ISL_14515123|2022-08                           0.58%    passed     99.93%
1432  hMpxV/Germany/un-RKI-168/2022|EPI_ISL_13908352|2022-07                           0.58%    passed     99.93%
1433  hMpxV/Germany/un-RKI-379/2022|EPI_ISL_15116268|2022-09                           0.58%    passed     99.93%
1434  hMpxV/Germany/un-RKI-385/2022|EPI_ISL_15116274|2022-09                           0.58%    passed     99.93%
1435  hMpxV/Germany/un-RKI-409/2022|EPI_ISL_15116298|2022-09                           0.58%    passed     99.93%
1436  hMpxV/Germany/un-RKI-195/2022|EPI_ISL_14515121|2022-08                           0.58%    passed     99.93%
1437  hMpxV/Germany/un-RKI-224/2022|EPI_ISL_14515104|2022-08                           0.58%    passed     99.94%
1438  hMpxV/Germany/un-RKI-250/2022|EPI_ISL_14515113|2022-08                           0.58%    passed     99.95%
1439  hMpxV/Germany/un-RKI-170/2022|EPI_ISL_13908353|2022-07                           0.58%    passed     99.94%
1440  hMpxV/Germany/un-RKI-265/2022|EPI_ISL_14515168|2022-08                           0.58%    passed     99.95%
1441  hMpxV/Germany/un-RKI-267/2022|EPI_ISL_14515170|2022-08                           0.58%    passed     99.95%
1442  hMpxV/Germany/un-RKI-432/2022|EPI_ISL_15283601|2022-09                           0.58%    passed     99.95%
1443  hMpxV/Germany/un-RKI-591/2022|EPI_ISL_15802741|2022-06-01                        0.58%    passed     99.94%
1444  hMpxV/Germany/un-RKI-242/2022|EPI_ISL_14515111|2022-08                           0.58%    passed     99.96%
1445  hMpxV/Germany/un-RKI-362/2022|EPI_ISL_15076152|2022-09                           0.58%    passed     99.96%
1446  hMpxV/Germany/un-RKI-384/2022|EPI_ISL_15116273|2022-09                           0.58%    passed     99.93%
1447  hMpxV/Germany/un-RKI-198/2022|EPI_ISL_14445159|2022-08                           0.58%    passed     99.96%
1448  hMpxV/Germany/un-RKI-209/2022|EPI_ISL_14445163|2022-08                           0.58%    passed     99.96%
1449  hMpxV/Germany/un-RKI-128/2022|EPI_ISL_13734260|2022-07                           0.58%    passed     99.94%
1450  hMpxV/Germany/un-RKI-136/2022|EPI_ISL_13734268|2022-07                           0.58%    passed     99.94%
1451  hMpxV/Germany/un-RKI-071a/2022|EPI_ISL_13734235|2022-07                          0.58%    passed     99.94%
1452  hMpxV/Germany/un-RKI-110/2022|EPI_ISL_13734245|2022-07                           0.58%    passed     99.94%
1453  hMpxV/Germany/un-RKI-112/2022|EPI_ISL_13734247|2022-07                           0.58%    passed     99.94%
1454  hMpxV/Germany/un-RKI-114/2022|EPI_ISL_13734249|2022-07                           0.58%    passed     99.94%
1455  hMpxV/Germany/un-RKI-172/2022|EPI_ISL_13908355|2022-07                           0.58%    passed     99.94%
1456  hMpxV/Germany/un-RKI-277/2022|EPI_ISL_14562508|2022-08                           0.58%    passed     99.94%
1457  hMpxV/Germany/un-RKI-139/2022|EPI_ISL_13744906|2022-07                           0.58%    passed     99.94%
1458  hMpxV/Germany/un-RKI-144/2022|EPI_ISL_13744913|2022-07                           0.58%    passed     99.94%
1459  hMpxV/Germany/un-RKI-146/2022|EPI_ISL_13744914|2022-07                           0.58%    passed     99.94%
1460  hMpxV/Germany/un-RKI-147/2022|EPI_ISL_13744915|2022-07                           0.58%    passed     99.94%
1461  hMpxV/Germany/un-RKI-149/2022|EPI_ISL_13744917|2022-07                           0.58%    passed     99.94%
1462  hMpxV/Germany/un-RKI-407/2022|EPI_ISL_15116296|2022-09                           0.58%    passed     99.94%
1463  hMpxV/Germany/un-RKI-142/2022|EPI_ISL_13744911|2022-07                           0.58%    passed     99.93%
1464  hMpxV/Germany/un-RKI-255/2022|EPI_ISL_14515154|2022-08                           0.58%    passed     99.94%
1465  hMpxV/Germany/un-RKI-360/2022|EPI_ISL_15076150|2022-09                           0.58%    passed     99.94%
1466  hMpxV/Germany/un-RKI-262/2022|EPI_ISL_14515165|2022-08                           0.58%    passed     99.94%
1467  hMpxV/Germany/un-RKI-264/2022|EPI_ISL_14515167|2022-08                           0.58%    passed     99.94%
1468  hMpxV/Germany/un-RKI-194/2022|EPI_ISL_14515120|2022-08                           0.58%    passed     99.94%
1469  hMpxV/Germany/un-RKI-210/2022|EPI_ISL_14515130|2022-08                           0.58%    passed     99.94%
1470  hMpxV/Germany/un-RKI-390/2022|EPI_ISL_15116279|2022-09                           0.58%    passed     99.94%
1471  hMpxV/Germany/un-RKI-592/2022|EPI_ISL_15802742|2022-10-01                        0.58%    passed     99.94%
1472  hMpxV/Germany/un-RKI-276/2022|EPI_ISL_14562507|2022-08                           0.58%    passed     99.94%
1473  hMpxV/Germany/un-RKI-280/2022|EPI_ISL_14562511|2022-08                           0.58%    passed     99.94%
1474  hMpxV/Germany/un-RKI-151/2022|EPI_ISL_13744919|2022-07                           0.58%    passed     99.93%
1475  hMpxV/Germany/un-RKI-207/2022|EPI_ISL_14515128|2022-08                           0.58%    passed     99.94%
1476  hMpxV/Germany/un-RKI-121/2022|EPI_ISL_13734253|2022-07                           0.58%    passed     99.94%
1477  hMpxV/Germany/un-RKI-191/2022|EPI_ISL_14515117|2022-08                           0.58%    passed     99.94%
1478  hMpxV/Germany/un-RKI-256/2022|EPI_ISL_14515159|2022-08                           0.58%    passed     99.95%
1479  hMpxV/Germany/un-RKI-235/2022|EPI_ISL_14515108|2022-08                           0.58%    passed     99.95%
1480  hMpxV/Germany/un-RKI-353/2022|EPI_ISL_15076143|2022-09                           0.58%    passed     99.95%
1481  hMpxV/Germany/un-RKI-354/2022|EPI_ISL_15076144|2022-09                           0.58%    passed     99.95%
1482  hMpxV/Germany/un-RKI-161/2022|EPI_ISL_13744928|2022-07                           0.58%    passed     99.95%
1483  hMpxV/Germany/un-RKI-244/2022|EPI_ISL_14515148|2022-08                           0.58%    passed     99.94%
1484  hMpxV/Germany/un-RKI-138/2022|EPI_ISL_13744909|2022-07                           0.58%    passed     99.94%
1485  hMpxV/Germany/un-RKI-269/2022|EPI_ISL_14515155|2022-08                           0.58%    passed     99.95%
1486  hMpxV/Germany/un-RKI-236/2022|EPI_ISL_14515144|2022-08                           0.58%    passed     99.96%
1487  hMpxV/Germany/un-RKI-246/2022|EPI_ISL_14515150|2022-08                           0.58%    passed     99.96%
1488  hMpxV/Germany/un-RKI-332/2022|EPI_ISL_15390499|2022-09                           0.58%    passed     99.95%
1489  hMpxV/Germany/un-RKI-290/2022|EPI_ISL_14752265|2022-08                           0.58%    passed     99.96%
1490  hMpxV/Germany/un-RKI-266/2022|EPI_ISL_14515169|2022-08                           0.58%    passed     99.95%
1491  hMpxV/Germany/un-RKI-433/2022|EPI_ISL_15283603|2022-09                           0.58%    passed     99.96%
1492  hMpxV/Germany/un-RKI-294/2022|EPI_ISL_14752272|2022-08                           0.58%    passed     99.95%
1493  hMpxV/Germany/un-RKI-295/2022|EPI_ISL_14752274|2022-08                           0.58%    passed     99.95%
1494  hMpxV/Germany/un-RKI-373/2022|EPI_ISL_15076163|2022-09                           0.58%    passed     99.95%
1495  hMpxV/Germany/un-RKI-279/2022|EPI_ISL_14562510|2022-08                           0.58%    passed     99.96%
1496  hMpxV/Germany/un-RKI-155/2022|EPI_ISL_13744923|2022-07                           0.58%    passed     99.96%
1497  hMpxV/Germany/un-RKI-158/2022|EPI_ISL_13744926|2022-07                           0.58%    passed     99.95%
1498  hMpxV/Germany/un-RKI-631/2022|EPI_ISL_16360909|2022-10                           0.58%    passed     99.97%
1499  hMpxV/Germany/un-RKI-252/2022|EPI_ISL_14515153|2022-08                           0.58%    passed     99.96%
1500  hMpxV/Germany/un-RKI-131/2022|EPI_ISL_13734263|2022-07                           0.58%    passed     99.95%
1501  hMpxV/Germany/un-RKI-171/2022|EPI_ISL_13908354|2022-07                           0.58%    passed     99.95%
1502  hMpxV/Germany/un-RKI-173/2022|EPI_ISL_13908356|2022-07                           0.58%    passed     99.94%
1503  hMpxV/Germany/un-RKI-239/2022|EPI_ISL_14515147|2022-08                           0.58%    passed     99.96%
1504  hMpxV/Germany/un-RKI-176/2022|EPI_ISL_13908359|2022-07                           0.58%    passed     99.95%
1505  hMpxV/Japan/TKY-TMIPH-0091/2022|EPI_ISL_14394060|2022-07                         0.58%    passed     99.95%
1506  hMpxV/Germany/un-RKI-578/2022|EPI_ISL_15802728|2022-06-01                        0.58%    passed     99.92%
1507  hMpxV/Germany/un-RKI-148/2022|EPI_ISL_13744916|2022-07                           0.58%    passed     99.94%
1508  hMpxV/Germany/un-RKI-150/2022|EPI_ISL_13744918|2022-07                           0.58%    passed     99.95%
1509  hMpxV/Ireland/D-NVRL-ZIRL00183/2022|EPI_ISL_17179640|2022-06-28                  0.58%    passed     99.98%
1510  hMpxV/Ireland/D-NVRL-Z22IRL00261/2022|EPI_ISL_16012507|2022-07-12                0.56%    passed    100.00%
1511  hMpxV/Germany/un-RKI-716/2022|EPI_ISL_17008381|2022-10                           0.58%    passed     99.97%
1512  hMpxV/Germany/un-RKI-717/2022|EPI_ISL_17008382|2022-11                           0.58%    passed     99.97%
1513  hMpxV/Germany/un-RKI-196/2022|EPI_ISL_14445158|2022-08                           0.58%    passed     99.96%
1514  hMpxV/Germany/un-RKI-281/2022|EPI_ISL_14562512|2022-08                           0.58%    passed     99.96%
1515  hMpxV/Germany/un-RKI-119/2022|EPI_ISL_13734251|2022-07                           0.58%    passed     99.95%
1516  hMpxV/Germany/un-RKI-254/2022|EPI_ISL_14515158|2022-08                           0.58%    passed     99.97%
1517  hMpxV/Germany/un-RKI-120/2022|EPI_ISL_13734252|2022-07                           0.58%    passed     99.96%
1518  hMpxV/Germany/un-RKI-160/2022|EPI_ISL_13744905|2022-07                           0.58%    passed     99.95%
1519  hMpxV/Germany/un-RKI-193/2022|EPI_ISL_14515119|2022-08                           0.58%    passed     99.95%
1520  hMpxV/Germany/un-RKI-380/2022|EPI_ISL_15116269|2022-09                           0.58%    passed     99.94%
1521  hMpxV/Germany/un-RKI-347/2022|EPI_ISL_15076137|2022-09                           0.58%    passed     99.95%
1522  hMpxV/Germany/un-RKI-153/2022|EPI_ISL_13744921|2022-07                           0.58%    passed     99.95%
1523  hMpxV/Germany/un-RKI-145/2022|EPI_ISL_13744904|2022-07                           0.58%    passed     99.96%
1524  hMpxV/Germany/un-RKI-141/2022|EPI_ISL_13744910|2022-07                           0.58%    passed     99.95%
1525  hMpxV/Germany/un-RKI-212/2022|EPI_ISL_14445164|2022-08                           0.58%    passed     99.95%
1526  hMpxV/Germany/un-RKI-133/2022|EPI_ISL_13734265|2022-07                           0.58%    passed     99.94%
1527  hMpxV/Germany/un-RKI-410/2022|EPI_ISL_15116299|2022-09                           0.58%    passed     99.95%
1528  hMpxV/Germany/un-RKI-187/2022|EPI_ISL_14515114|2022-08                           0.58%    passed     99.96%
1529  hMpxV/Germany/un-RKI-157/2022|EPI_ISL_13744925|2022-07                           0.58%    passed     99.96%
1530  hMpxV/Germany/un-RKI-165/2022|EPI_ISL_13744907|2022-07                           0.58%    passed     99.95%
1531  hMpxV/Germany/un-RKI-278/2022|EPI_ISL_14562509|2022-08                           0.58%    passed     99.96%
1532  hMpxV/Germany/un-RKI-137/2022|EPI_ISL_13744908|2022-07                           0.58%    passed     99.94%
1533  hMpxV/Germany/un-RKI-162/2022|EPI_ISL_13744929|2022-07                           0.58%    passed     99.94%
1534  hMpxV/Germany/un-RKI-156/2022|EPI_ISL_13744924|2022-07                           0.58%    passed     99.95%
1535  hMpxV/Germany/un-RKI-159/2022|EPI_ISL_13744927|2022-07                           0.58%    passed     99.96%
1536  hMpxV/Germany/un-RKI-230/2022|EPI_ISL_14515141|2022-08                           0.58%    passed     99.97%
1537  hMpxV/Germany/un-RKI-226/2022|EPI_ISL_14515138|2022-08                           0.58%    passed     99.95%
1538  hMpxV/Germany/un-RKI-258/2022|EPI_ISL_14515161|2022-08                           0.58%    passed     99.97%
1539  hMpxV/Germany/un-RKI-201/2022|EPI_ISL_14515125|2022-08                           0.58%    passed     99.96%
1540  hMpxV/Germany/un-RKI-582/2022|EPI_ISL_15802732|2022-06-01                        0.58%    passed     99.95%
1541  hMpxV/Germany/un-RKI-361/2022|EPI_ISL_15076151|2022-09                           0.58%    passed     99.96%
1542  hMpxV/Germany/un-RKI-140/2022|EPI_ISL_13744903|2022-07                           0.58%    passed     99.96%
1543  hMpxV/Germany/un-RKI-240/2022|EPI_ISL_14515109|2022-08                           0.58%    passed     99.96%
1544  hMpxV/Germany/un-RKI-249/2022|EPI_ISL_14515112|2022-08                           0.58%    passed     99.95%
1545  hMpxV/Germany/un-RKI-408/2022|EPI_ISL_15116297|2022-09                           0.58%    passed     99.94%
1546  hMpxV/Germany/un-RKI-333/2022|EPI_ISL_15390500|2022-09                           0.58%    passed     99.96%
1547  hMpxV/Germany/un-RKI-297/2022|EPI_ISL_14752278|2022-08                           0.58%    passed     99.96%
1548  hMpxV/Germany/un-RKI-585/2022|EPI_ISL_15802735|2022-06-01                        0.58%    passed     99.96%
1549  hMpxV/Germany/un-RKI-164/2022|EPI_ISL_13744931|2022-07                           0.58%    passed     99.96%
1550  hMpxV/Germany/un-RKI-134/2022|EPI_ISL_13734266|2022-07                           0.58%    passed     99.96%
1551  hMpxV/Germany/un-RKI-109/2022|EPI_ISL_13734244|2022-07                           0.58%    passed     99.96%
1552  hMpxV/Germany/un-RKI-124/2022|EPI_ISL_13734256|2022-07                           0.58%    passed     99.95%
1553  hMpxV/Germany/un-RKI-103/2022|EPI_ISL_13734238|2022-07                           0.58%    passed     99.96%
1554  hMpxV/Germany/un-RKI-177/2022|EPI_ISL_13908360|2022-07                           0.58%    passed     99.96%
1555  hMpxV/Germany/un-RKI-202/2022|EPI_ISL_14445160|2022-08                           0.58%    passed     99.95%
1556  hMpxV/Germany/un-RKI-357/2022|EPI_ISL_15076147|2022-09                           0.58%    passed     99.95%
1557  hMpxV/Germany/un-RKI-185/2022|EPI_ISL_13908365|2022-07                           0.58%    passed     99.94%
1558  hMpxV/Germany/un-RKI-223/2022|EPI_ISL_14515103|2022-08                           0.58%    passed     99.94%
1559  hMpxV/Germany/un-RKI-406/2022|EPI_ISL_15116295|2022-09                           0.58%    passed     99.94%
1560  hMpxV/Germany/un-RKI-070a/2022|EPI_ISL_13734234|2022-07                          0.58%    passed     99.94%
1561  hMpxV/Germany/un-RKI-169/2022|EPI_ISL_13908346|2022-07                           0.58%    passed     99.94%
1562  hMpxV/Germany/un-RKI-285/2022|EPI_ISL_14587555|2022-08                           0.58%    passed     99.96%
1563  hMpxV/Germany/un-RKI-167/2022|EPI_ISL_13908351|2022-07                           0.58%    passed     99.96%
1564  hMpxV/Germany/un-RKI-203/2022|EPI_ISL_14445161|2022-08                           0.58%    passed     99.96%
1565  hMpxV/Germany/un-RKI-190/2022|EPI_ISL_14515116|2022-08                           0.58%    passed     99.96%
1566  hMpxV/Germany/un-RKI-284/2022|EPI_ISL_14587554|2022-08                           0.58%    passed     99.96%
1567  hMpxV/Germany/un-RKI-260/2022|EPI_ISL_14515163|2022-08                           0.58%    passed     99.96%
1568  hMpxV/Germany/un-RKI-440/2022|EPI_ISL_15283614|2022-09                           0.59%    passed     99.93%
1569  hMpxV/Germany/un-RKI-275/2022|EPI_ISL_14562506|2022-08                           0.58%    passed     99.97%
1570  hMpxV/Germany/un-RKI-178/2022|EPI_ISL_13908361|2022-07                           0.58%    passed     99.96%
1571  hMpxV/Germany/un-RKI-175/2022|EPI_ISL_13908358|2022-07                           0.58%    passed     99.96%
1572  hMpxV/Germany/un-RKI-296/2022|EPI_ISL_14752276|2022-08                           0.58%    passed     99.98%
1573  hMpxV/Germany/un-RKI-135/2022|EPI_ISL_13734267|2022-07                           0.58%    passed     99.95%
1574  hMpxV/Italy/LOM-AMC-2205251-DS/2022|EPI_ISL_13302316|2022-05-25                  0.54%    passed     99.99%
1575  hMpxV/Netherlands/NH-AUMC-0001/2022|EPI_ISL_13728303|2022-06-21                  0.64%    passed     99.62%
1576  hMpxV/Netherlands/NH-AUMC-0015/2022|EPI_ISL_15641553|2022-06-09                  0.65%    passed     99.64%
1577  hMpxV/Netherlands/NH-AUMC-0028/2022|EPI_ISL_15641566|2022-06-12                  0.65%    passed     99.64%
1578  hMpxV/Netherlands/NH-AUMC-0030/2022|EPI_ISL_15641568|2022-06-12                  0.65%    passed     99.68%
1579  hMpxV/Netherlands/NH-AUMC-0036/2022|EPI_ISL_15641574|2022-06-13                  0.65%    passed     99.68%
1580  hMpxV/Netherlands/NH-AUMC-0033/2022|EPI_ISL_15641571|2022-06-13                  0.65%    passed     99.71%
1581  hMpxV/Netherlands/NH-AUMC-0024/2022|EPI_ISL_15641562|2022-06-10                  0.65%    passed     99.70%
1582  hMpxV/Netherlands/NH-AUMC-0017/2022|EPI_ISL_15641555|2022-06-09                  0.65%    passed     99.71%
1583  hMpxV/Netherlands/NH-AUMC-0004/2022|EPI_ISL_15641543|2022-06-06                  0.65%    passed     99.67%
1584  hMpxV/Netherlands/NH-AUMC-0012/2022|EPI_ISL_15641550|2022-06-09                  0.65%    passed     99.69%
1585  hMpxV/Netherlands/NH-AUMC-0034/2022|EPI_ISL_15641572|2022-06-13                  0.65%    passed     99.75%
1586  hMpxV/Netherlands/NH-AUMC-0022/2022|EPI_ISL_15641560|2022-06-10                  0.65%    passed     99.74%
1587  hMpxV/Netherlands/NH-AUMC-0026/2022|EPI_ISL_15641564|2022-06-12                  0.65%    passed     99.70%
1588  hMpxV/Portugal/INSA-PT0024/2022|EPI_ISL_13056904|2022-05-19                      0.55%    passed    100.00%
1589  hMpxV/Portugal/INSA-PT0014/2022|EPI_ISL_13056908|2022-05-23                      0.55%    passed    100.00%
1590  hMpxV/Spain/CT-HUVH-60425/2022|EPI_ISL_13363142|2022-06-10                       0.56%    passed    100.00%
1591  hMpxV/South_Africa/NICD-SVPL223/2022|EPI_ISL_13498265|2022-06-20                 0.54%    passed    100.00%
1592  hMpxV/Canada/un-NML-3611/2022|EPI_ISL_13908339|2022-06-09                        0.55%    passed    100.00%
1593  hMpxV/USA/TX-DHCPP-0084/2022|EPI_ISL_20325789|2022-12                            0.54%    passed    100.00%
1594  hMpxV/Philippines/RITM-002/2022|EPI_ISL_15380492|2022-08-16                      0.59%    passed     99.92%
1595  hMpxV/USA/CA-CDC-001/2022|EPI_ISL_13100618|2022-05                               0.60%    passed     99.85%
1596  hMpxV/USA/UT-CDC-002/2022|EPI_ISL_13100719|2022-05                               0.66%    passed     99.74%
1597  hMpxV/Germany/un-RKI-129/2022|EPI_ISL_13734261|2022-07                           0.58%    passed     99.96%
1598  hMpxV/Germany/un-RKI-108/2022|EPI_ISL_13734243|2022-07                           0.58%    passed     99.94%
1599  hMpxV/Germany/un-RKI-248/2022|EPI_ISL_14515152|2022-08                           0.58%    passed     99.95%
1600  hMpxV/Germany/un-RKI-227/2022|EPI_ISL_14515139|2022-08                           0.58%    passed     99.94%
1601  hMpxV/Germany/un-RKI-351/2022|EPI_ISL_15076141|2022-09                           0.58%    passed     99.96%
1602  hMpxV/Germany/un-RKI-072a/2022|EPI_ISL_13734236|2022-07                          0.58%    passed     99.96%
1603  hMpxV/Germany/un-RKI-581/2022|EPI_ISL_15802731|2022-06-01                        0.58%    passed     99.96%
1604  hMpxV/Germany/un-RKI-205/2022|EPI_ISL_14515126|2022-08                           0.58%    passed     99.97%
1605  hMpxV/Germany/un-RKI-232/2022|EPI_ISL_14515142|2022-08                           0.58%    passed     99.96%
1606  hMpxV/Germany/un-RKI-130/2022|EPI_ISL_13734262|2022-07                           0.58%    passed     99.96%
1607  hMpxV/Germany/un-RKI-125/2022|EPI_ISL_13734257|2022-07                           0.58%    passed     99.96%
1608  hMpxV/Germany/un-RKI-113/2022|EPI_ISL_13734248|2022-07                           0.58%    passed     99.94%
1609  hMpxV/Germany/un-RKI-386/2022|EPI_ISL_15116275|2022-09                           0.58%    passed     99.93%
1610  hMpxV/Germany/un-RKI-350/2022|EPI_ISL_15076140|2022-09                           0.58%    passed     99.95%
1611  hMpxV/Germany/un-RKI-402/2022|EPI_ISL_15116290|2022-09                           0.58%    passed     99.95%
1612  hMpxV/Germany/un-RKI-340/2022|EPI_ISL_15076132|2022-09                           0.58%    passed     99.94%
1613  hMpxV/Germany/un-RKI-282/2022|EPI_ISL_14587552|2022-08                           0.59%    passed     99.93%
1614  hMpxV/Germany/un-RKI-378/2022|EPI_ISL_15116267|2022-09                           0.58%    passed     99.95%
1615  hMpxV/Germany/un-RKI-328/2022|EPI_ISL_15390495|2022-09                           0.58%    passed     99.95%
1616  hMpxV/Germany/un-RKI-183/2022|EPI_ISL_13908349|2022-07                           0.58%    passed     99.96%
1617  hMpxV/Germany/un-RKI-289/2022|EPI_ISL_14752264|2022-08                           0.58%    passed     99.95%
1618  hMpxV/Germany/un-RKI-247/2022|EPI_ISL_14515151|2022-08                           0.58%    passed     99.96%
1619  hMpxV/Germany/un-RKI-215/2022|EPI_ISL_14515132|2022-08                           0.58%    passed     99.96%
1620  hMpxV/Germany/un-RKI-403/2022|EPI_ISL_15116291|2022-09                           0.58%    passed     99.96%
1621  hMpxV/Germany/un-RKI-184/2022|EPI_ISL_13908364|2022-07                           0.58%    passed     99.96%
1622  hMpxV/Germany/un-RKI-259/2022|EPI_ISL_14515162|2022-08                           0.58%    passed     99.96%
1623  hMpxV/Germany/un-RKI-154/2022|EPI_ISL_13744922|2022-07                           0.58%    passed     99.96%
1624  hMpxV/Germany/un-RKI-163/2022|EPI_ISL_13744930|2022-07                           0.58%    passed     99.96%
1625  hMpxV/Germany/un-RKI-388/2022|EPI_ISL_15116277|2022-09                           0.58%    passed     99.97%
1626  hMpxV/Germany/un-RKI-106/2022|EPI_ISL_13734241|2022-07                           0.58%    passed     99.96%
1627  hMpxV/Germany/un-RKI-222/2022|EPI_ISL_14515136|2022-08                           0.58%    passed     99.97%
1628  hMpxV/Germany/un-RKI-274/2022|EPI_ISL_14562504|2022-08                           0.58%    passed     99.96%
1629  hMpxV/Germany/un-RKI-253/2022|EPI_ISL_14515156|2022-08                           0.59%    passed     99.96%
1630  hMpxV/South_Korea/KDCPA-001/2022|EPI_ISL_14494949|2022-08                        0.55%    passed     99.99%
1631  hMpxV/USA/WA-UW-317387/2024|EPI_ISL_19696947|2024-12-19                          0.57%    passed    100.00%
1632  hMpxV/USA/WA-UW-42237/2025|EPI_ISL_19860178|2025-01-17                           0.57%    passed    100.00%
1633  hMpxV/USA/WA-UW-429625/2024|EPI_ISL_19243972|2024-05-28                          0.55%    passed    100.00%
1634  hMpxV/USA/WA-UW-490338/2024|EPI_ISL_19243973|2024-05-30                          0.55%    passed    100.00%
1635  hMpxV/USA/WA-UW-012709/2024|EPI_ISL_19420219|2024-09-02                          0.55%    passed    100.00%
1636  hMpxV/USA/WA-UW-032044/2024|EPI_ISL_19420223|2024-09-03                          0.55%    passed    100.00%
1637  hMpxV/USA/WA-UW-425252/2024|EPI_ISL_19420222|2024-08-27                          0.55%    passed    100.00%
1638  hMpxV/USA/WA-UW-036483/2024|EPI_ISL_19420224|2024-09-03                          0.55%    passed    100.00%
1639  hMpxV/USA/WA-UW-032125/2024|EPI_ISL_19420225|2024-09-03                          0.55%    passed    100.00%
1640  hMpxV/USA/WA-UW-247031/2024|EPI_ISL_19524787|2024-01-16                          0.55%    passed    100.00%
1641  hMpxV/USA/WA-UW-458295/2024|EPI_ISL_19420220|2024-08-29                          0.55%    passed    100.00%
1642  hMpxV/USA/WA-UW-121517/2023|EPI_ISL_18846321|2023-12                             0.57%    passed    100.00%
1643  hMpxV/USA/WA-UW-112457/2023|EPI_ISL_18668238|2023-11                             0.55%    passed    100.00%
1644  hMpxV/USA/WA-UW-100335/2023|EPI_ISL_18539008|2023-10                             0.55%    passed    100.00%
1645  hMpxV/USA/WA-UW-106488/2023|EPI_ISL_18539009|2023-10                             0.55%    passed    100.00%
1646  hMpxV/USA/WA-UW-108756/2023|EPI_ISL_18539007|2023-10                             0.56%    passed    100.00%
1647  hMpxV/USA/WA-UW-101148/2023|EPI_ISL_18539011|2023-10                             0.55%    passed    100.00%
1648  hMpxV/USA/WA-UW-109028/2023|EPI_ISL_18539016|2023-10                             0.55%    passed    100.00%
1649  hMpxV/USA/WA-UW-251694/2024|EPI_ISL_19131279|2024-04-16                          0.55%    passed    100.00%
1650  hMpxV/USA/WA-UW-185727/2024|EPI_ISL_19336734|2024-07-11                          0.55%    passed    100.00%
1651  hMpxV/USA/un-UW-276161/2024|EPI_ISL_19502000|2024-09-18                          0.55%    passed    100.00%
1652  hMpxV/USA/WA-UW-123668/2023|EPI_ISL_18846323|2023-12                             0.55%    passed    100.00%
1653  hMpxV/Australia/VIC-VIDRL-0493/2024|EPI_ISL_19459731|2024-06-24                  0.55%    passed    100.00%
1654  hMpxV/Australia/VIC-VIDRL-8314/2024|EPI_ISL_19459777|2024-06-15                  0.55%    passed    100.00%
1655  hMpxV/Australia/VIC-VIDRL-0239/2024|EPI_ISL_19459737|2024-05-16                  0.55%    passed    100.00%
1656  hMpxV/Australia/QLD-MX000011/2024|EPI_ISL_19539662|2024-05-16                    0.55%    passed    100.00%
1657  hMpxV/Australia/QLD-MX000013/2024|EPI_ISL_19539664|2024-05-21                    0.55%    passed    100.00%
1658  hMpxV/Australia/QLD-MX000019/2024|EPI_ISL_19539668|2024-05-22                    0.55%    passed    100.00%
1659  hMpxV/Australia/QLD-MX000022/2024|EPI_ISL_19539672|2024-05-28                    0.55%    passed    100.00%
1660  hMpxV/Australia/QLD-MX000032/2024|EPI_ISL_19539682|2024-06-24                    0.55%    passed    100.00%
1661  hMpxV/Australia/QLD-MX000021/2024|EPI_ISL_19539671|2024-05-23                    0.55%    passed    100.00%
1662  hMpxV/Australia/QLD-MX000014/2024|EPI_ISL_19539665|2024-05-21                    0.55%    passed    100.00%
1663  hMpxV/Australia/VIC-VIDRL-2984/2024|EPI_ISL_19459723|2024-05-27                  0.55%    passed    100.00%
1664  hMpxV/Australia/VIC-VIDRL-3765/2024|EPI_ISL_19459727|2024-05-29                  0.55%    passed    100.00%
1665  hMpxV/Australia/VIC-VIDRL-0369/2024|EPI_ISL_19459704|2024-05-16                  0.55%    passed    100.00%
1666  hMpxV/Australia/VIC-VIDRL-6937/2024|EPI_ISL_19459780|2024-06-11                  0.55%    passed    100.00%
1667  hMpxV/Australia/VIC-VIDRL-6445/2024|EPI_ISL_19459705|2024-06-07                  0.55%    passed    100.00%
1668  hMpxV/Australia/QLD-MX000024/2024|EPI_ISL_19539674|2024-05-28                    0.55%    passed    100.00%
1669  hMpxV/Australia/VIC-VIDRL-8603/2024|EPI_ISL_19459759|2024-06-17                  0.55%    passed    100.00%
1670  hMpxV/Australia/VIC-VIDRL-8560/2024|EPI_ISL_19459783|2024-06-17                  0.55%    passed    100.00%
1671  hMpxV/Australia/QLD-MX000034/2024|EPI_ISL_19539684|2024-06-27                    0.55%    passed    100.00%
1672  hMpxV/Australia/VIC-VIDRL-8557/2024|EPI_ISL_19459781|2024-06-17                  0.55%    passed    100.00%
1673  hMpxV/Australia/VIC-VIDRL-9661/2024|EPI_ISL_19459771|2024-06-20                  0.55%    passed    100.00%
1674  hMpxV/Australia/QLD-MX000033/2024|EPI_ISL_19539683|2024-06-24                    0.55%    passed    100.00%
1675  hMpxV/Australia/VIC-VIDRL-8778/2024|EPI_ISL_19459766|2024-06-17                  0.55%    passed    100.00%
1676  hMpxV/Australia/VIC-VIDRL-4354/2024|EPI_ISL_19459779|2024-07-08                  0.55%    passed    100.00%
1677  hMpxV/Australia/VIC-VIDRL-7036/2024|EPI_ISL_19459785|2024-06                     0.55%    passed    100.00%
1678  hMpxV/Australia/VIC-VIDRL-6170/2024|EPI_ISL_19459761|2024-07-15                  0.55%    passed    100.00%
1679  hMpxV/Australia/VIC-VIDRL-5972/2024|EPI_ISL_19459718|2024-07-12                  0.55%    passed    100.00%
1680  hMpxV/Australia/VIC-VIDRL-6919/2024|EPI_ISL_19459775|2024-07-17                  0.56%    passed    100.00%
1681  hMpxV/Australia/QLD-MX000065/2024|EPI_ISL_19539713|2024-09-06                    0.55%    passed    100.00%
1682  hMpxV/Australia/QLD-MX000071/2024|EPI_ISL_19539719|2024-09-06                    0.55%    passed    100.00%
1683  hMpxV/Australia/QLD-MX000067/2024|EPI_ISL_19539715|2024-09-09                    0.55%    passed    100.00%
1684  hMpxV/Australia/QLD-MX000072/2024|EPI_ISL_19539720|2024-09-06                    0.55%    passed    100.00%
1685  hMpxV/Australia/QLD-MX000096/2024|EPI_ISL_19539744|2024-09-17                    0.55%    passed    100.00%
1686  hMpxV/Australia/QLD-MX000097/2024|EPI_ISL_19539745|2024-09-17                    0.55%    passed    100.00%
1687  hMpxV/Australia/QLD-MX000104/2024|EPI_ISL_19539751|2024-09-23                    0.55%    passed    100.00%
1688  hMpxV/Australia/VIC-VIDRL-7136/2024|EPI_ISL_19459786|2024-01-24                  0.55%    passed    100.00%
1689  hMpxV/Australia/VIC-VIDRL-7288/2024|EPI_ISL_19459713|2024-07-18                  0.56%    passed    100.00%
1690  hMpxV/Australia/QLD-MX000016/2024|EPI_ISL_19539666|2024-05-21                    0.55%    passed    100.00%
1691  hMpxV/Australia/QLD-MX000020/2024|EPI_ISL_19539670|2024-05-23                    0.55%    passed    100.00%
1692  hMpxV/Australia/QLD-MX000105/2024|EPI_ISL_19539752|2024-09-24                    0.55%    passed    100.00%
1693  hMpxV/Australia/QLD-MX000080/2024|EPI_ISL_19539728|2024-09-13                    0.55%    passed    100.00%
1694  hMpxV/Australia/QLD-MX000111/2024|EPI_ISL_19539758|2024-09-26                    0.55%    passed    100.00%
1695  hMpxV/Australia/QLD-MX000110/2024|EPI_ISL_19539757|2024-09-25                    0.55%    passed    100.00%
1696  hMpxV/Australia/QLD-MX000106/2024|EPI_ISL_19539753|2024-09-24                    0.55%    passed    100.00%
1697  hMpxV/Australia/QLD-MX000077/2024|EPI_ISL_19539725|2024-09-11                    0.55%    passed    100.00%
1698  hMpxV/Australia/QLD-MX000103/2024|EPI_ISL_19539750|2024-09-24                    0.55%    passed    100.00%
1699  hMpxV/Australia/VIC-VIDRL-5973/2024|EPI_ISL_19459765|2024-07-12                  0.56%    passed    100.00%
1700  hMpxV/Australia/QLD-MX000049/2024|EPI_ISL_19539697|2024-08-29                    0.55%    passed    100.00%
1701  hMpxV/Australia/QLD-MX000095/2024|EPI_ISL_19539743|2024-09-19                    0.55%    passed    100.00%
1702  hMpxV/Australia/QLD-MX000150/2024|EPI_ISL_19539791|2024-10-14                    0.55%    passed    100.00%
1703  hMpxV/Australia/QLD-MX000131/2024|EPI_ISL_19539775|2024-10-02                    0.55%    passed    100.00%
1704  hMpxV/Australia/QLD-MX000063/2024|EPI_ISL_19539711|2024-09-07                    0.55%    passed    100.00%
1705  hMpxV/Australia/QLD-MX000139/2024|EPI_ISL_19539783|2024-09-30                    0.55%    passed    100.00%
1706  hMpxV/Australia/QLD-MX000156/2024|EPI_ISL_19539797|2024-10-14                    0.55%    passed    100.00%
1707  hMpxV/Australia/QLD-MX000107/2024|EPI_ISL_19539754|2024-09-25                    0.55%    passed    100.00%
1708  hMpxV/Australia/QLD-MX000121/2024|EPI_ISL_19539765|2024-10-02                    0.55%    passed    100.00%
1709  hMpxV/Australia/QLD-MX000157/2024|EPI_ISL_19539798|2024-10-15                    0.55%    passed    100.00%
1710  hMpxV/Australia/QLD-MX000112/2024|EPI_ISL_19539759|2024-09-26                    0.55%    passed    100.00%
1711  hMpxV/Australia/QLD-MX000149/2024|EPI_ISL_19539790|2024-10-15                    0.55%    passed    100.00%
1712  hMpxV/Australia/QLD-MX000129/2024|EPI_ISL_19539773|2024-10-02                    0.55%    passed    100.00%
1713  hMpxV/Australia/QLD-MX000122/2024|EPI_ISL_19539766|2024-10-02                    0.55%    passed    100.00%
1714  hMpxV/Australia/QLD-MX000135/2024|EPI_ISL_19539779|2024-10-02                    0.55%    passed    100.00%
1715  hMpxV/Australia/QLD-MX000130/2024|EPI_ISL_19539774|2024-10-02                    0.55%    passed    100.00%
1716  hMpxV/Australia/QLD-MX000140/2024|EPI_ISL_19539784|2024-09-30                    0.55%    passed    100.00%
1717  hMpxV/Australia/QLD-MX000117/2024|EPI_ISL_19539761|2024-09-30                    0.55%    passed    100.00%
1718  hMpxV/Australia/QLD-MX000102/2024|EPI_ISL_19539749|2024-09-19                    0.55%    passed    100.00%
1719  hMpxV/Australia/QLD-MX000134/2024|EPI_ISL_19539778|2024-10-02                    0.55%    passed    100.00%
1720  hMpxV/Australia/QLD-MX000125/2024|EPI_ISL_19539769|2024-10-03                    0.55%    passed    100.00%
1721  hMpxV/Australia/QLD-MX000108/2024|EPI_ISL_19539755|2024-09-23                    0.55%    passed    100.00%
1722  hMpxV/Australia/QLD-MX000133/2024|EPI_ISL_19539777|2024-10-02                    0.55%    passed    100.00%
1723  hMpxV/Australia/QLD-MX000109/2024|EPI_ISL_19539756|2024-09-24                    0.55%    passed    100.00%
1724  hMpxV/Australia/QLD-MX000118/2024|EPI_ISL_19539762|2024-09-30                    0.55%    passed    100.00%
1725  hMpxV/Australia/QLD-MX000048/2024|EPI_ISL_19539696|2024-08-29                    0.55%    passed    100.00%
1726  hMpxV/Australia/VIC-VIDRL-3955/2024|EPI_ISL_19459711|2024-07-07                  0.55%    passed    100.00%
1727  hMpxV/Australia/QLD-MX000038/2024|EPI_ISL_19539687|2024-07-30                    0.55%    passed    100.00%
1728  hMpxV/Australia/QLD-MX000045/2024|EPI_ISL_19539694|2024-08-20                    0.55%    passed    100.00%
1729  hMpxV/Australia/QLD-MX000066/2024|EPI_ISL_19539714|2024-09-05                    0.55%    passed    100.00%
1730  hMpxV/Australia/QLD-MX000076/2024|EPI_ISL_19539724|2024-09-05                    0.55%    passed    100.00%
1731  hMpxV/Australia/QLD-MX000056/2024|EPI_ISL_19539704|2024-09-01                    0.55%    passed    100.00%
1732  hMpxV/Australia/QLD-MX000094/2024|EPI_ISL_19539742|2024-09-19                    0.55%    passed    100.00%
1733  hMpxV/Australia/QLD-MX000040/2024|EPI_ISL_19539689|2024-07-30                    0.55%    passed    100.00%
1734  hMpxV/Australia/QLD-MX000079/2024|EPI_ISL_19539726|2024-09-12                    0.55%    passed    100.00%
1735  hMpxV/Australia/QLD-MX000081/2024|EPI_ISL_19539729|2024-09-12                    0.56%    passed    100.00%
1736  hMpxV/Australia/QLD-MX000082/2024|EPI_ISL_19539730|2024-09-15                    0.55%    passed    100.00%
1737  hMpxV/Australia/QLD-MX000092/2024|EPI_ISL_19539741|2024-09-19                    0.55%    passed    100.00%
1738  hMpxV/Australia/VIC-VIDRL-4022/2024|EPI_ISL_19459715|2024-07-08                  0.55%    passed    100.00%
1739  hMpxV/USA/WA-UW-84947/2025|EPI_ISL_20212773|2025-09-11                           0.56%    passed     99.99%
1740  hMpxV/USA/WA-UW-50651/2025|EPI_ISL_20212776|2025-09-02                           0.56%    passed     99.99%
1741  hMpxV/USA/WA-UW-59848/2025|EPI_ISL_20212774|2025-09-09                           0.56%    passed     99.99%
1742  hMpxV/USA/WA-UW-85207/2025|EPI_ISL_20210748|2025-07-10                           0.55%    passed    100.00%
1743  hMpxV/USA/WA-UW-25894/2025|EPI_ISL_20210746|2025-08-08                           0.55%    passed     99.98%
1744  hMpxV/USA/WA-UW-44989/2025|EPI_ISL_20210747|2025-08-04                           0.55%    passed     99.98%
1745  hMpxV/USA/WA-UW-86613/2025|EPI_ISL_20256260|2025-10-16                           0.56%    passed     99.99%
1746  hMpxV/USA/WA-UW-39368/2025|EPI_ISL_20256261|2025-10-23                           0.56%    passed     99.98%
1747  hMpxV/USA/WA-UW-89481/2025|EPI_ISL_20256262|2025-10-21                           0.56%    passed     99.99%
1748  hMpxV/USA/WA-UW-90808/2025|EPI_ISL_20238972|2025-09-24                           0.56%    passed     99.99%
1749  hMpxV/USA/WA-UW-53636/2025|EPI_ISL_20238974|2025-09-24                           0.56%    passed     99.98%
1750  hMpxV/USA/WA-UW-81857/2025|EPI_ISL_20238980|2025-09-22                           0.56%    passed     99.99%
1751  hMpxV/USA/WA-UW-64545/2025|EPI_ISL_20238983|2025-09-08                           0.56%    passed     99.99%
1752  hMpxV/USA/WA-UW-97640/2025|EPI_ISL_20238965|2025-09-22                           0.56%    passed     99.99%
1753  hMpxV/USA/WA-UW-26216/2025|EPI_ISL_20238984|2025-09-08                           0.56%    passed     99.99%
1754  hMpxV/USA/WA-UW-90224/2025|EPI_ISL_20238966|2025-09-05                           0.56%    passed     99.99%
1755  hMpxV/USA/WA-UW-02142/2025|EPI_ISL_20238978|2025-10-02                           0.56%    passed     99.98%
1756  hMpxV/USA/WA-UW-19091/2025|EPI_ISL_20238981|2025-09-17                           0.56%    passed     99.99%
1757  hMpxV/USA/WA-UW-55470/2025|EPI_ISL_20238971|2025-09-22                           0.56%    passed     99.99%
1758  hMpxV/USA/WA-UW-43560/2025|EPI_ISL_20238975|2025-09-29                           0.56%    passed     99.99%
1759  hMpxV/USA/WA-UW-73380/2025|EPI_ISL_20238968|2025-10-01                           0.56%    passed     99.99%
1760  hMpxV/USA/WA-UW-71871/2025|EPI_ISL_20238970|2025-10-02                           0.56%    passed     99.99%
1761  hMpxV/USA/WA-UW-38592/2025|EPI_ISL_20256265|2025-10-14                           0.56%    passed     99.99%
1762  hMpxV/USA/WA-UW-58061/2025|EPI_ISL_20238969|2025-09-19                           0.56%    passed     99.99%
1763  hMpxV/USA/WA-UW-54827/2025|EPI_ISL_20238973|2025-09-04                           0.56%    passed     99.99%
1764  hMpxV/USA/WA-UW-18240/2025|EPI_ISL_20238976|2025-09-11                           0.56%    passed     99.99%
1765  hMpxV/USA/WA-UW-31851/2025|EPI_ISL_20256264|2025-10-15                           0.55%    passed     99.98%
1766  hMpxV/USA/WA-UW-23651/2025|EPI_ISL_20238979|2025-09-30                           0.56%    passed     99.99%
1767  hMpxV/USA/WA-UW-13564/2025|EPI_ISL_20238964|2025-09-19                           0.57%    passed    100.00%
1768  hMpxV/USA/WA-UW-40006/2025|EPI_ISL_20238977|2025-10-08                           0.55%    passed     99.98%
1769  hMpxV/USA/WA-UW-55197/2025|EPI_ISL_20238982|2025-09-12                           0.56%    passed     99.98%
1770  hMpxV/USA/WA-UW-902910/2024|EPI_ISL_19370101|2024-08-10                          0.56%    passed    100.00%
1771  hMpxV/USA/WA-UW-500470/2024|EPI_ISL_19370102|2024-08-10                          0.56%    passed    100.00%
1772  hMpxV/USA/WA-UW-327137/2024|EPI_ISL_19696948|2024-11-21                          0.57%    passed    100.00%
1773  hMpxV/USA/WA-UW-456475/2024|EPI_ISL_19696950|2024-12-30                          0.57%    passed    100.00%
1774  hMpxV/USA/WA-UW-296669/2024|EPI_ISL_19696951|2024-11-19                          0.57%    passed    100.00%
1775  hMpxV/USA/WA-UW-52066/2025|EPI_ISL_19890345|2025-04-22                           0.55%    passed    100.00%
1776  hMpxV/USA/WA-UW-54581/2025|EPI_ISL_20256267|2025-10-26                           0.56%    passed     99.99%
1777  hMpxV/USA/WA-UW-17063/2024|EPI_ISL_19870060|2024-11-08                           0.57%    passed    100.00%
1778  hMpxV/USA/WA-UW-97972/2025|EPI_ISL_19860177|2025-02-18                           0.57%    passed     99.99%
1779  hMpxV/Mexico/CMX-InDRE-IBT-001/2022|EPI_ISL_13624509|2022-05-27                  0.65%    passed     99.84%
1780  hMpxV/Mexico/ROO_InDRE_F17/2022|EPI_ISL_17703583|2022-12-29                      0.54%    passed     99.97%
1781  hMpxV/Scotland/CVR-1a/2022|EPI_ISL_13409177|2022-05-15                           0.58%    passed     99.95%
1782  hMpxV/Austria/MUW-1531848/2022|EPI_ISL_14167573|2022-07-05                       0.56%    passed     99.99%
1783  hMpxV/Austria/MUW-1532243/2022|EPI_ISL_14167574|2022-07-06                       0.55%    passed     99.99%
1784  hMpxV/Austria/MUW-1536480/2022|EPI_ISL_14167575|2022-07-22                       0.55%    passed     99.99%
1785  hMpxV/Austria/MUW-1533374/2022|EPI_ISL_14166709|2022-07-11                       0.56%    passed     99.98%
1786  hMpxV/Brazil/SP-LEIAL5725/2025|EPI_ISL_20102889|2025-06-09                       0.55%    passed    100.00%
1787  hMpxV/Canada/BC-PHL-200/2024|EPI_ISL_19028769|2024-02                            3.83%    passed     80.19%
1788  hMpxV/Canada/BC-PHL-194/2023|EPI_ISL_19028789|2023-11                            3.84%    passed     79.97%
1789  hMpxV/Canada/BC-PHL-203/2024|EPI_ISL_19028773|2024-03                            3.83%    passed     79.60%
1790  hMpxV/Canada/BC-PHL-196/2023|EPI_ISL_19028782|2023-11                            3.83%    passed     80.60%
1791  hMpxV/Canada/BC-PHL-204/2024|EPI_ISL_19513910|2024-03                            3.83%    passed     80.13%
1792  hMpxV/USA/NV-SNPHL-783216/2023|EPI_ISL_18567806|2023-10-18                       0.56%    passed    100.00%
1793  hMpxV/Brazil/SP-IAL-357945993/2024|EPI_ISL_19446309|2024-09-16                   0.56%    passed    100.00%
1794  hMpxV/Brazil/SP-IAL-357827872/2024|EPI_ISL_19359680|2024-06-21                   0.56%    passed    100.00%
1795  hMpxV/Brazil/SP-IAL-357692108/2024|EPI_ISL_19359687|2024-04-22                   0.56%    passed    100.00%
1796  hMpxV/Brazil/SP-IAL-357825341/2024|EPI_ISL_19359692|2024-06-20                   0.56%    passed    100.00%
1797  hMpxV/Brazil/SP-IAL-357670600/2024|EPI_ISL_19359697|2024-04-14                   0.55%    passed     99.99%
1798  hMpxV/Brazil/SP-IAL-357683862/2024|EPI_ISL_19359686|2024-04-18                   0.55%    passed    100.00%
1799  hMpxV/Brazil/SP-IAL-357536254/2024|EPI_ISL_19359685|2024-02-29                   0.55%    passed     99.99%
1800  hMpxV/Brazil/SP-IAL-357889812/2024|EPI_ISL_19359693|2024-08-07                   0.55%    passed    100.00%
1801  hMpxV/Brazil/SP-IAL-357895451/2024|EPI_ISL_19359694|2024-08-12                   0.55%    passed    100.00%
1802  hMpxV/Brazil/SP-IAL-357711946/2024|EPI_ISL_19359688|2024-04-29                   0.55%    passed     99.99%
1803  hMpxV/Brazil/SP-IAL-357897281/2024|EPI_ISL_19359695|2024-08-14                   0.56%    passed    100.00%
1804  hMpxV/Brazil/SP-LEIAL7293/2025|EPI_ISL_20331302|2025-12-07                       0.55%    passed    100.00%
1805  hMpxV/Brazil/SP-LEIAL7307/2025|EPI_ISL_20331317|2025-12-12                       0.55%    passed    100.00%
1806  hMpxV/Brazil/SP-LEIAL7308/2025|EPI_ISL_20331318|2025-12-12                       0.56%    passed    100.00%
1807  hMpxV/Brazil/SP-LEIAL7294/2025|EPI_ISL_20331305|2025-12-03                       0.56%    passed    100.00%
1808  hMpxV/Brazil/SP-LEIAL7286/2025|EPI_ISL_20331294|2025-11-27                       0.56%    passed    100.00%
1809  hMpxV/Brazil/SP-LEIAL6952/2025|EPI_ISL_20261675|2025-10-12                       0.56%    passed    100.00%
1810  hMpxV/Brazil/SP-LEIAL7303/2025|EPI_ISL_20331314|2025-12-10                       0.56%    passed    100.00%
1811  hMpxV/Brazil/SP-LEIAL7314/2025|EPI_ISL_20331326|2025-12-17                       0.56%    passed    100.00%
1812  hMpxV/Brazil/SP-LEIAL6956/2025|EPI_ISL_20261679|2025-10-30                       0.56%    passed    100.00%
1813  hMpxV/Brazil/SP-LEIAL7283/2025|EPI_ISL_20331291|2025-11-17                       0.55%    passed    100.00%
1814  hMpxV/Brazil/SP-LEIAL6965/2025|EPI_ISL_20261682|2025-11-10                       0.56%    passed    100.00%
1815  hMpxV/Brazil/SP-LEIAL6960/2025|EPI_ISL_20261681|2025-11-05                       0.56%    passed    100.00%
1816  hMpxV/Brazil/SP-LEIAL7274/2025|EPI_ISL_20331280|2025-11-10                       0.56%    passed    100.00%
1817  hMpxV/Brazil/SP-LEIAL7288/2025|EPI_ISL_20331297|2025-12-01                       0.56%    passed    100.00%
1818  hMpxV/Brazil/SP-IAL-357942002/2024|EPI_ISL_19446307|2024-09-12                   0.55%    passed    100.00%
1819  hMpxV/Brazil/SP-IAL-357988309/2024|EPI_ISL_19524873|2024-10-11                   0.56%    passed    100.00%
1820  hMpxV/Brazil/SP-IAL-357991445/2024|EPI_ISL_19524879|2024-10-15                   0.56%    passed    100.00%
1821  hMpxV/Brazil/SP-IAL-357921794/2024|EPI_ISL_19446292|2024-08-31                   0.56%    passed    100.00%
1822  hMpxV/Brazil/SP-LEIAL4203/2025|EPI_ISL_19741343|2025-01-20                       0.56%    passed    100.00%
1823  hMpxV/Brazil/SP-IAL-357907042/2024|EPI_ISL_19372774|2024-08-21                   0.55%    passed    100.00%
1824  hMpxV/Brazil/SP-IAL-358013158/2024|EPI_ISL_19589178|2024-10-31                   0.56%    passed    100.00%
1825  hMpxV/Brazil/SP-IAL-358038699/2024|EPI_ISL_19589188|2024-11-21                   0.56%    passed    100.00%
1826  hMpxV/Brazil/SP-IAL-357888132/2024|EPI_ISL_19372758|2024-08-07                   0.56%    passed     99.99%
1827  hMpxV/Brazil/SP-IAL-3983/2024|EPI_ISL_19644283|2024-12-02                        0.56%    passed     99.99%
1828  hMpxV/Brazil/SP-IAL-3967/2024|EPI_ISL_19644269|2024-12-17                        0.56%    passed    100.00%
1829  hMpxV/Brazil/SP-IAL-3986/2024|EPI_ISL_19644286|2024-12-06                        0.56%    passed    100.00%
1830  hMpxV/Brazil/SP-IAL-3968/2024|EPI_ISL_19644270|2024-12-09                        0.56%    passed     99.99%
1831  hMpxV/Brazil/SP-IAL-3978/2024|EPI_ISL_19644278|2024-12-15                        0.56%    passed     99.99%
1832  hMpxV/Brazil/SP-IAL-3976/2024|EPI_ISL_19644277|2024-12-02                        0.56%    passed     99.99%
1833  hMpxV/Brazil/SP-LEIAL4205/2025|EPI_ISL_19741345|2025-01-03                       0.56%    passed     99.99%
1834  hMpxV/Brazil/SP-LEIAL4194/2025|EPI_ISL_19741334|2025-01-06                       0.56%    passed     99.99%
1835  hMpxV/Brazil/SP-IAL-357914012/2024|EPI_ISL_19372780|2024-08-26                   0.56%    passed    100.00%
1836  hMpxV/Brazil/SP-IAL-357917433/2024|EPI_ISL_19446290|2024-08-28                   0.56%    passed    100.00%
1837  hMpxV/Brazil/SP-IAL-357930578/2024|EPI_ISL_19446299|2024-09-05                   0.56%    passed    100.00%
1838  hMpxV/Brazil/SP-IAL-357928626/2024|EPI_ISL_19446295|2024-09-04                   0.56%    passed    100.00%
1839  hMpxV/Brazil/SP-IAL-358006694/2024|EPI_ISL_19589179|2024-10-25                   0.56%    passed    100.00%
1840  hMpxV/Brazil/SP-IAL-357912456/2024|EPI_ISL_19372779|2024-08-26                   0.56%    passed    100.00%
1841  hMpxV/Brazil/SP-IAL-358006740/2024|EPI_ISL_19589176|2024-10-25                   0.56%    passed    100.00%
1842  hMpxV/Brazil/SP-IAL-357999368/2024|EPI_ISL_19524887|2024-10-21                   0.56%    passed    100.00%
1843  hMpxV/Brazil/SP-IAL-357985711/2024|EPI_ISL_19524886|2024-10-09                   0.55%    passed    100.00%
1844  hMpxV/Brazil/SP-IAL-358015492/2024|EPI_ISL_19589180|2024-11-04                   0.56%    passed    100.00%
1845  hMpxV/Brazil/SP-IAL-358021402/2024|EPI_ISL_19589182|2024-11-06                   0.56%    passed    100.00%
1846  hMpxV/Brazil/SP-IAL-357934958/2024|EPI_ISL_19446302|2024-09-09                   0.56%    passed    100.00%
1847  hMpxV/Brazil/SP-IAL-357920310/2024|EPI_ISL_19446291|2024-08-29                   0.56%    passed    100.00%
1848  hMpxV/Brazil/SP-IAL-358000513/2024|EPI_ISL_19524877|2024-10-22                   0.55%    passed    100.00%
1849  hMpxV/Brazil/SP-IAL-357977766/2024|EPI_ISL_19524881|2024-10-03                   0.56%    passed    100.00%
1850  hMpxV/Brazil/SP-IAL-357949071/2024|EPI_ISL_19446311|2024-09-17                   0.56%    passed    100.00%
1851  hMpxV/Brazil/SP-LEIAL5150/2025|EPI_ISL_20053355|2025-04-14                       0.56%    passed    100.00%
1852  hMpxV/Brazil/SP-LEIAL5155/2025|EPI_ISL_20053360|2025-04-21                       0.56%    passed    100.00%
1853  hMpxV/Brazil/SP-LEIAL5159/2025|EPI_ISL_20053364|2025-04-14                       0.56%    passed    100.00%
1854  hMpxV/Brazil/SP-LEIAL5160/2025|EPI_ISL_20053365|2025-04-16                       0.55%    passed    100.00%
1855  hMpxV/Brazil/SP-LEIAL5161/2025|EPI_ISL_20053366|2025-04-17                       0.55%    passed    100.00%
1856  hMpxV/Brazil/SP-LEIAL5735/2025|EPI_ISL_20102898|2025-06-24                       0.56%    passed     99.99%
1857  hMpxV/Brazil/SP-LEIAL5535/2025|EPI_ISL_20055364|2025-05-13                       0.55%    passed    100.00%
1858  hMpxV/Brazil/SP-LEIAL5546/2025|EPI_ISL_20055374|2025-05-16                       0.55%    passed     99.99%
1859  hMpxV/Brazil/SP-LEIAL5823/2025|EPI_ISL_20102903|2025-07-04                       0.56%    passed     99.98%
1860  hMpxV/Brazil/SP-LEIAL5828/2025|EPI_ISL_20102906|2025-07-08                       0.55%    passed     99.99%
1861  hMpxV/Brazil/SP-LEIAL5002/2025|EPI_ISL_19826821|2025-03-10                       0.55%    passed    100.00%
1862  hMpxV/Brazil/SP-LEIAL5005/2025|EPI_ISL_19826824|2025-03-20                       0.55%    passed    100.00%
1863  hMpxV/Brazil/SP-IAL-357979151/2024|EPI_ISL_19524875|2024-10-04                   0.56%    passed    100.00%
1864  hMpxV/Brazil/SP-IAL-357899649/2024|EPI_ISL_19372762|2024-08-15                   0.56%    passed    100.00%
1865  hMpxV/Brazil/SP-IAL-357905818/2024|EPI_ISL_19372772|2024-08-20                   0.56%    passed    100.00%
1866  hMpxV/Brazil/SP-IAL-357982862/2024|EPI_ISL_19524882|2024-10-08                   0.56%    passed    100.00%
1867  hMpxV/Brazil/SP-IAL-357981033/2024|EPI_ISL_19524884|2024-10-07                   0.56%    passed    100.00%
1868  hMpxV/Brazil/SP-LEIAL4210/2024|EPI_ISL_19741348|2024-12-28                       0.56%    passed     99.99%
1869  hMpxV/Brazil/SP-LEIAL7292/2025|EPI_ISL_20331301|2025-12-05                       0.56%    passed    100.00%
1870  hMpxV/Brazil/SP-IAL-357924058/2024|EPI_ISL_19446294|2024-09-02                   0.56%    passed    100.00%
1871  hMpxV/Brazil/SP-IAL-357947559/2024|EPI_ISL_19446310|2024-09-16                   0.56%    passed    100.00%
1872  hMpxV/Brazil/SP-LEIAL7284/2025|EPI_ISL_20331292|2025-11-18                       0.56%    passed    100.00%
1873  hMpxV/Brazil/SP-LEIAL6968/2025|EPI_ISL_20261684|2025-11-11                       0.56%    passed    100.00%
1874  hMpxV/Brazil/SP-LEIAL7277/2025|EPI_ISL_20331283|2025-11-11                       0.55%    passed    100.00%
1875  hMpxV/Brazil/SP-IAL-357937870/2024|EPI_ISL_19446304|2024-09-10                   0.56%    passed     99.99%
1876  hMpxV/Brazil/SP-IAL-357913268/2024|EPI_ISL_19372777|2024-08-25                   0.55%    passed    100.00%
1877  hMpxV/Brazil/SP-IAL-357914860/2024|EPI_ISL_19372778|2024-08-26                   0.56%    passed    100.00%
1878  hMpxV/Brazil/SP-IAL-357929242/2024|EPI_ISL_19446298|2024-09-05                   0.56%    passed    100.00%
1879  hMpxV/Brazil/SP-IAL-357939968/2024|EPI_ISL_19446306|2024-09-11                   0.56%    passed    100.00%
1880  hMpxV/Brazil/SP-LEIAL7301/2025|EPI_ISL_20331312|2025-12-11                       0.55%    passed    100.00%
1881  hMpxV/Brazil/SP-LEIAL6945/2025|EPI_ISL_20261669|2025-09-22                       0.56%    passed     99.99%
1882  hMpxV/Brazil/SP-LEIAL7295/2025|EPI_ISL_20331306|2025-12-04                       0.56%    passed     99.99%
1883  hMpxV/Brazil/SP-LEIAL7302/2025|EPI_ISL_20331313|2025-12-11                       0.56%    passed     99.99%
1884  hMpxV/Brazil/SP-LEIAL6946/2025|EPI_ISL_20261670|2025-09-23                       0.56%    passed     99.99%
1885  hMpxV/Brazil/SP-LEIAL6495/2025|EPI_ISL_20215159|2025-09-01                       0.56%    passed    100.00%
1886  hMpxV/Brazil/SP-LEIAL5836/2025|EPI_ISL_20102914|2025-07-18                       0.56%    passed    100.00%
1887  hMpxV/Brazil/SP-LEIAL7312/2025|EPI_ISL_20320706|2025-12-16                       0.55%    passed    100.00%
1888  hMpxV/Brazil/SP-LEIAL7280/2025|EPI_ISL_20331288|2025-11-10                       0.56%    passed     99.99%
1889  hMpxV/Spain/GA-CHUAC-01/2024|EPI_ISL_19416107|2024-02-27                         0.55%    passed    100.00%
1890  hMpxV/Philippines/RITM-011/2024|EPI_ISL_19456511|2024-08-22                      0.56%    passed     99.99%
1891  hMpxV/Canada/BC-PHL-207/2024|EPI_ISL_19513909|2024-04                            3.83%    passed     79.07%
1892  hMpxV/Canada/BC-PHL-214/2024|EPI_ISL_19513911|2024-07                            3.83%    passed     78.34%
1893  hMpxV/Brazil/SP-LEIAL4670/2025|EPI_ISL_19783036|2025-02-07                       0.55%    passed    100.00%
1894  hMpxV/Brazil/SP-LEIAL6481/2025|EPI_ISL_20215163|2025-08-16                       0.56%    passed    100.00%
1895  hMpxV/Brazil/SP-LEIAL6480/2025|EPI_ISL_20215182|2025-08-15                       0.55%    passed    100.00%
1896  hMpxV/Brazil/SP-LEIAL6954/2025|EPI_ISL_20261677|2025-10-27                       0.56%    passed     99.99%
1897  hMpxV/Brazil/SP-LEIAL7287/2025|EPI_ISL_20331295|2025-11-30                       0.56%    passed    100.00%
1898  hMpxV/Germany/un-RKI-1092/2024|EPI_ISL_19139947|2024-04                          3.85%    passed     81.48%
1899  hMpxV/USA/CA-LACPHL-MA00783/2025|EPI_ISL_20258679|2025-10-31                     0.56%    passed     99.99%
1900  hMpxV/USA/CA-LACPHL-MA00789/2025|EPI_ISL_20258680|2025-11-12                     0.57%    passed     99.99%
1901  hMpxV/USA/CA-LACPHL-MA00798/2025|EPI_ISL_20274910|2025-11-07                     0.56%    passed     99.99%
1902  hMpxV/USA/CA-LACPHL-MA00816/2025|EPI_ISL_20287125|2025-11-12                     0.56%    passed     99.99%
1903  hMpxV/USA/CA-LACPHL-MA00784/2025|EPI_ISL_20258682|2025-10-27                     0.56%    passed     99.99%
1904  hMpxV/USA/CA-LACPHL-MA00795/2025|EPI_ISL_20274905|2025-11-03                     0.56%    passed     99.99%
1905  hMpxV/USA/CA-LACPHL-MA00843/2025|EPI_ISL_20314435|2025-12-09                     0.56%    passed     99.99%
1906  hMpxV/USA/CA-LACPHL-MA00814/2025|EPI_ISL_20287138|2025-11-17                     0.56%    passed     99.99%
1907  hMpxV/USA/CA-LACPHL-MA00862/2025|EPI_ISL_20332063|2025-12-18                     0.56%    passed     99.99%
1908  hMpxV/USA/CA-LACPHL-MA00782/2025|EPI_ISL_20258690|2025-10-29                     0.56%    passed     99.98%
1909  hMpxV/USA/CA-LACPHL-MA00796/2025|EPI_ISL_20274904|2025-11-04                     0.57%    passed     99.98%
1910  hMpxV/USA/CA-LACPHL-MA00858/2025|EPI_ISL_20332070|2025-12-01                     0.56%    passed     99.99%
1911  hMpxV/USA/CA-LACPHL-MA00815/2025|EPI_ISL_20287131|2025-11-05                     0.56%    passed     99.98%
1912  hMpxV/USA/CA-LACPHL-MA00857/2025|EPI_ISL_20332071|2025-11-13                     0.56%    passed     99.98%
1913  hMpxV/USA/CA-LACPHL-MA00819/2025|EPI_ISL_20287128|2025-11-28                     0.56%    passed     99.98%
1914  hMpxV/USA/CA-LACPHL-MA00844/2025|EPI_ISL_20314433|2025-12-11                     0.57%    passed     99.99%
1915  hMpxV/USA/CA-LACPHL-MA00859/2025|EPI_ISL_20332057|2025-12-12                     0.57%    passed     99.98%
1916  hMpxV/USA/CA-LACPHL-MA00861/2025|EPI_ISL_20332068|2025-12-12                     0.56%    passed     99.98%
1917  hMpxV/USA/CA-LACPHL-MA00825/2025|EPI_ISL_20287123|2025-11-25                     0.58%    passed     99.98%
1918  hMpxV/USA/CA-LACPHL-MA00762/2025|EPI_ISL_20248045|2025-09-30                     0.56%    passed     99.99%
1919  hMpxV/USA/CA-LACPHL-MA00760/2025|EPI_ISL_20248046|2025-08-05                     0.56%    passed     99.99%
1920  hMpxV/Mexico/ROO_InDRE_769/2024|EPI_ISL_19752967|2024-12-04                      0.55%    passed    100.00%
1921  hMpxV/Mexico/CHP_InDRE_15/2025|EPI_ISL_19752968|2025-01-10                       0.55%    passed    100.00%
1922  hMpxV/USA/CA-LACPHL-MA00820/2025|EPI_ISL_20287132|2025-11-24                     0.56%    passed     99.99%
1923  hMpxV/USA/CA-LACPHL-MA00860/2025|EPI_ISL_20332059|2025-11-26                     0.57%    passed     99.99%
1924  hMpxV/Mexico/CMX_InDRE_674/2024|EPI_ISL_19752709|2024-10-30                      0.55%    passed    100.00%
1925  hMpxV/Mexico/MEX_InDRE_709/2024|EPI_ISL_19752710|2024-11-07                      0.55%    passed    100.00%
1926  hMpxV/USA/IL-RIPHL-04-0076/2023|EPI_ISL_18137803|2023-06-27                      0.93%    passed     99.88%
1927  hMpxV/Mexico/VER_InDRE_670/2024|EPI_ISL_19752708|2024-10-25                      0.55%    passed    100.00%
1928  hMpxV/USA/CA-LACPHL-MA00817/2025|EPI_ISL_20287126|2025-11-21                     0.56%    passed     99.99%
1929  hMpxV/USA/CA-LACPHL-MA00764/2025|EPI_ISL_20248049|2025-10-06                     0.56%    passed    100.00%
1930  hMpxV/USA/CA-LACPHL-MA00765/2025|EPI_ISL_20248054|2025-09-12                     0.56%    passed    100.00%
1931  hMpxV/USA/CA-LACPHL-MA00763/2025|EPI_ISL_20248055|2025-10-04                     0.56%    passed    100.00%
1932  hMpxV/Japan/TMIPH-0033/2024|EPI_ISL_19803265|2024-10-10                          0.58%    passed     99.99%
1933  hMpxV/Brazil/SP-LEIAL5717/2025|EPI_ISL_20102881|2025-06-02                       0.56%    passed     99.96%
1934  hMpxV/Brazil/SP-LEIAL5718/2025|EPI_ISL_20102882|2025-06-01                       0.56%    passed     99.96%
1935  hMpxV/Brazil/SP-LEIAL4211/2025|EPI_ISL_19741349|2025-01-06                       0.55%    passed     99.98%
1936  hMpxV/Brazil/SP-LEIAL5719/2025|EPI_ISL_20102883|2025-05-29                       0.55%    passed     99.95%
1937  hMpxV/Brazil/SP-LEIAL5729/2025|EPI_ISL_20102892|2025-06-16                       0.55%    passed     99.95%
1938  hMpxV/Brazil/SP-LEIAL5730/2025|EPI_ISL_20102893|2025-06-16                       0.55%    passed     99.95%
1939  hMpxV/Brazil/SP-LEIAL5732/2025|EPI_ISL_20102895|2025-06-13                       0.55%    passed     99.96%
1940  hMpxV/Brazil/SP-LEIAL5540/2025|EPI_ISL_20055368|2025-05-20                       0.55%    passed     99.96%
1941  hMpxV/Brazil/SP-LEIAL5550/2025|EPI_ISL_20055378|2025-05-27                       0.55%    passed     99.96%
1942  hMpxV/Brazil/SP-LEIAL5547/2025|EPI_ISL_20055375|2025-05-21                       0.55%    passed     99.95%
1943  hMpxV/Brazil/SP-LEIAL6476/2025|EPI_ISL_20215188|2025-08-11                       0.55%    passed     99.95%
1944  hMpxV/Brazil/SP-LEIAL5162/2025|EPI_ISL_20053367|2025-04-22                       0.55%    passed     99.96%
1945  hMpxV/Brazil/SP-LEIAL5288/2025|EPI_ISL_20053368|2025-04-16                       0.55%    passed     99.96%
1946  hMpxV/Brazil/SP-LEIAL5532/2025|EPI_ISL_20055362|2025-05-08                       0.55%    passed     99.96%
1947  hMpxV/Brazil/SP-LEIAL5534/2025|EPI_ISL_20055363|2025-05-07                       0.55%    passed     99.96%
1948  hMpxV/Brazil/SP-LEIAL5531/2025|EPI_ISL_20055361|2025-05-06                       0.55%    passed     99.96%
1949  hMpxV/Brazil/SP-LEIAL6471/2025|EPI_ISL_20215155|2025-08-12                       0.55%    passed     99.95%
1950  hMpxV/Brazil/SP-LEIAL5731/2025|EPI_ISL_20102894|2025-05-22                       0.55%    passed     99.95%
1951  hMpxV/Brazil/SP-LEIAL5152/2025|EPI_ISL_20053357|2025-04-16                       0.55%    passed     99.95%
1952  hMpxV/Brazil/SP-LEIAL5723/2025|EPI_ISL_20102887|2025-06-06                       0.55%    passed     99.94%
1953  hMpxV/Brazil/SP-LEIAL5538/2025|EPI_ISL_20055366|2025-05-17                       0.55%    passed     99.96%
1954  hMpxV/Brazil/SP-LEIAL5156/2025|EPI_ISL_20053361|2025-04-23                       0.56%    passed     99.96%
1955  hMpxV/Brazil/SP-LEIAL5529/2025|EPI_ISL_20055359|2025-05-04                       0.55%    passed     99.94%
1956  hMpxV/Brazil/SP-LEIAL5530/2025|EPI_ISL_20055360|2025-05-07                       0.55%    passed     99.95%
1957  hMpxV/Brazil/SP-LEIAL5543/2025|EPI_ISL_20055371|2025-05-15                       0.55%    passed     99.95%
1958  hMpxV/Brazil/SP-LEIAL5007/2025|EPI_ISL_19826825|2025-03-24                       0.55%    passed     99.96%
1959  hMpxV/Brazil/SP-LEIAL5830/2025|EPI_ISL_20102908|2025-07-10                       0.55%    passed     99.92%
1960  hMpxV/Brazil/SP-LEIAL5722/2025|EPI_ISL_20102886|2025-06-03                       0.56%    passed     99.94%
1961  hMpxV/Brazil/SP-LEIAL5822/2025|EPI_ISL_20102902|2025-06-30                       0.56%    passed     99.95%
1962  hMpxV/Brazil/SP-LEIAL5728/2025|EPI_ISL_20102891|2025-06-12                       0.56%    passed     99.94%
1963  hMpxV/Brazil/SP-LEIAL5825/2025|EPI_ISL_20102904|2025-07-04                       0.56%    passed     99.95%
1964  hMpxV/Brazil/SP-LEIAL5833/2025|EPI_ISL_20102911|2025-07-10                       0.56%    passed     99.95%
1965  hMpxV/Brazil/SP-LEIAL5727/2025|EPI_ISL_20102890|2025-06-15                       0.56%    passed     99.94%
1966  hMpxV/Brazil/SP-LEIAL5734/2025|EPI_ISL_20102897|2025-06-22                       0.55%    passed     99.95%
1967  hMpxV/Brazil/SP-LEIAL6461/2025|EPI_ISL_20215153|2025-08-01                       0.55%    passed     99.94%
1968  hMpxV/Brazil/SP-LEIAL5149/2025|EPI_ISL_20053354|2025-04-15                       0.56%    passed     99.95%
1969  hMpxV/Brazil/SP-LEIAL5821/2025|EPI_ISL_20102901|2025-06-25                       0.56%    passed     99.95%
1970  hMpxV/Brazil/SP-LEIAL6487/2025|EPI_ISL_20215164|2025-08-18                       0.56%    passed     99.95%
1971  hMpxV/Brazil/SP-LEIAL6470/2025|EPI_ISL_20215154|2025-08-12                       0.56%    passed     99.94%
1972  hMpxV/Brazil/SP-LEIAL6472/2025|EPI_ISL_20215160|2025-08-08                       0.56%    passed     99.94%
1973  hMpxV/Brazil/SP-LEIAL6468/2025|EPI_ISL_20215178|2025-08-04                       0.56%    passed     99.93%
1974  hMpxV/Brazil/SP-LEIAL6478/2025|EPI_ISL_20215156|2025-08-13                       0.55%    passed     99.94%
1975  hMpxV/Brazil/SP-LEIAL5721/2025|EPI_ISL_20102885|2025-05-30                       0.56%    passed     99.94%
1976  hMpxV/Brazil/SP-LEIAL5539/2025|EPI_ISL_20055367|2025-05-16                       0.55%    passed     99.96%
1977  hMpxV/Brazil/SP-LEIAL5541/2025|EPI_ISL_20055369|2025-05-14                       0.55%    passed     99.96%
1978  hMpxV/Brazil/SP-LEIAL6489/2025|EPI_ISL_20215185|2025-08-19                       0.55%    passed     99.95%
1979  hMpxV/Brazil/SP-LEIAL5141/2025|EPI_ISL_20053346|2025-04-01                       0.55%    passed     99.98%
1980  hMpxV/Brazil/SP-LEIAL5142/2025|EPI_ISL_20053347|2025-04-01                       0.55%    passed     99.98%
1981  hMpxV/Brazil/SP-LEIAL4996/2025|EPI_ISL_19826815|2025-03-09                       0.55%    passed     99.98%
1982  hMpxV/Brazil/SP-LEIAL4997/2025|EPI_ISL_19826816|2025-03-10                       0.55%    passed     99.98%
1983  hMpxV/Brazil/SP-LEIAL4999/2025|EPI_ISL_19826818|2025-03-12                       0.55%    passed     99.98%
1984  hMpxV/Brazil/SP-LEIAL5000/2025|EPI_ISL_19826819|2025-03-14                       0.55%    passed     99.98%
1985  hMpxV/Brazil/SP-LEIAL5003/2025|EPI_ISL_19826822|2025-03-19                       0.55%    passed     99.98%
1986  hMpxV/Brazil/SP-LEIAL5008/2025|EPI_ISL_19826826|2025-03-24                       0.55%    passed     99.98%
1987  hMpxV/Brazil/SP-LEIAL4191/2025|EPI_ISL_19741331|2025-01-03                       0.55%    passed     99.98%
1988  hMpxV/Brazil/SP-IAL-357899889/2024|EPI_ISL_19372764|2024-08-15                   0.55%    passed     99.99%
1989  hMpxV/Brazil/SP-LEIAL4674/2025|EPI_ISL_19783040|2025-02-12                       0.55%    passed     99.97%
1990  hMpxV/Brazil/SP-LEIAL4201/2025|EPI_ISL_19741341|2025-01-16                       0.55%    passed     99.96%
1991  hMpxV/Brazil/SP-LEIAL4202/2025|EPI_ISL_19741342|2025-01-20                       0.55%    passed     99.96%
1992  hMpxV/Brazil/SP-LEIAL5010/2025|EPI_ISL_19826828|2025-03-26                       0.55%    passed     99.97%
1993  hMpxV/Brazil/SP-LEIAL5143/2025|EPI_ISL_20053348|2025-04-01                       0.56%    passed     99.93%
1994  hMpxV/Brazil/SP-LEIAL5148/2025|EPI_ISL_20053353|2025-04-11                       0.56%    passed     99.94%
1995  hMpxV/Brazil/SP-LEIAL5147/2025|EPI_ISL_20053352|2025-04-08                       0.56%    passed     99.92%
1996  hMpxV/Brazil/SP-LEIAL5544/2025|EPI_ISL_20055372|2025-05-16                       0.55%    passed     99.94%
1997  hMpxV/Brazil/SP-LEIAL5549/2025|EPI_ISL_20055377|2025-05-26                       0.55%    passed     99.93%
1998  hMpxV/Brazil/SP-LEIAL4200/2025|EPI_ISL_19741340|2025-01-09                       0.55%    passed     99.94%
1999  hMpxV/Brazil/SP-LEIAL4667/2025|EPI_ISL_19783033|2025-02-02                       0.56%    passed     99.94%
2000  hMpxV/Brazil/SP-LEIAL4676/2025|EPI_ISL_19783042|2025-02-06                       0.55%    passed     99.93%
2001  hMpxV/Brazil/SP-LEIAL5153/2025|EPI_ISL_20053358|2025-04-17                       0.55%    passed     99.96%
2002  hMpxV/Brazil/SP-LEIAL5154/2025|EPI_ISL_20053359|2025-04-17                       0.55%    passed     99.96%
2003  hMpxV/Brazil/SP-LEIAL4679/2025|EPI_ISL_19783045|2025-02-17                       0.55%    passed     99.97%
2004  hMpxV/Brazil/SP-LEIAL4680/2025|EPI_ISL_19783046|2025-02-21                       0.55%    passed     99.97%
2005  hMpxV/Brazil/SP-LEIAL4681/2025|EPI_ISL_19783047|2025-02-21                       0.55%    passed     99.97%
2006  hMpxV/Brazil/SP-LEIAL4686/2025|EPI_ISL_19783052|2025-02-25                       0.55%    passed     99.97%
2007  hMpxV/Brazil/SP-LEIAL5545/2025|EPI_ISL_20055373|2025-05-19                       0.55%    passed     99.96%
2008  hMpxV/Brazil/SP-LEIAL5158/2025|EPI_ISL_20053363|2025-04-23                       0.55%    passed     99.96%
2009  hMpxV/Brazil/SP-LEIAL4685/2025|EPI_ISL_19783051|2025-02-24                       0.55%    passed     99.95%
2010  hMpxV/Brazil/SP-LEIAL4683/2025|EPI_ISL_19783049|2025-02-21                       0.55%    passed     99.96%
2011  hMpxV/Brazil/SP-LEIAL5839/2025|EPI_ISL_20102917|2025-07-21                       0.55%    passed     99.91%
2012  hMpxV/Brazil/SP-LEIAL6482/2025|EPI_ISL_20215183|2025-08-15                       0.55%    passed     99.91%
2013  hMpxV/Brazil/SP-LEIAL4677/2025|EPI_ISL_19783043|2025-02-06                       0.55%    passed     99.98%
2014  hMpxV/Brazil/SP-LEIAL4668/2025|EPI_ISL_19783034|2025-02-04                       0.56%    passed     99.97%
2015  hMpxV/Brazil/SP-LEIAL4193/2025|EPI_ISL_19741333|2025-01-07                       0.55%    passed     99.98%
2016  hMpxV/Brazil/SP-LEIAL4989/2025|EPI_ISL_19826808|2025-03-06                       0.55%    passed     99.96%
2017  hMpxV/Brazil/SP-LEIAL4993/2025|EPI_ISL_19826812|2025-03-10                       0.55%    passed     99.97%
2018  hMpxV/Brazil/SP-LEIAL5004/2025|EPI_ISL_19826823|2025-03-23                       0.55%    passed     99.97%
2019  hMpxV/Brazil/SP-LEIAL5001/2025|EPI_ISL_19826820|2025-03-17                       0.55%    passed     99.96%
2020  hMpxV/Brazil/SP-LEIAL4990/2025|EPI_ISL_19826809|2025-03-09                       0.55%    passed     99.96%
2021  hMpxV/Brazil/SP-LEIAL4992/2025|EPI_ISL_19826811|2025-03-10                       0.55%    passed     99.97%
2022  hMpxV/Brazil/SP-LEIAL4994/2025|EPI_ISL_19826813|2025-03-11                       0.55%    passed     99.97%
2023  hMpxV/Brazil/SP-LEIAL4687/2025|EPI_ISL_19783053|2025-02-26                       0.55%    passed     99.97%
2024  hMpxV/Brazil/SP-LEIAL4684/2025|EPI_ISL_19783050|2025-02-21                       0.56%    passed     99.96%
2025  hMpxV/Brazil/SP-LEIAL5145/2025|EPI_ISL_20053350|2025-04-07                       0.55%    passed     99.95%
2026  hMpxV/Brazil/SP-LEIAL5151/2025|EPI_ISL_20053356|2025-04-14                       0.56%    passed     99.95%
2027  hMpxV/Brazil/SP-LEIAL5146/2025|EPI_ISL_20053351|2025-04-07                       0.55%    passed     99.98%
2028  hMpxV/Brazil/SP-IAL-3979/2024|EPI_ISL_19644279|2024-12-11                        0.55%    passed     99.98%
2029  hMpxV/Brazil/SP-IAL-357981364/2024|EPI_ISL_19524870|2024-10-07                   0.55%    passed     99.97%
2030  hMpxV/Brazil/SP-IAL-357985080/2024|EPI_ISL_19524871|2024-10-09                   0.55%    passed     99.98%
2031  hMpxV/Brazil/SP-IAL-3973/2024|EPI_ISL_19644275|2024-12-12                        0.55%    passed     99.98%
2032  hMpxV/Brazil/SP-IAL-3974/2024|EPI_ISL_19644276|2024-12-12                        0.55%    passed     99.98%
2033  hMpxV/Brazil/SP-IAL-3985/2024|EPI_ISL_19644285|2024-12-02                        0.55%    passed     99.98%
2034  hMpxV/Brazil/SP-IAL-3966/2024|EPI_ISL_19644268|2024-12-06                        0.55%    passed     99.98%
2035  hMpxV/Brazil/SP-IAL-358028442/2024|EPI_ISL_19589184|2024-11-12                   0.55%    passed     99.98%
2036  hMpxV/Brazil/SP-IAL-358023897/2024|EPI_ISL_19589185|2024-11-08                   0.55%    passed     99.98%
2037  hMpxV/Brazil/SP-IAL-358032388/2024|EPI_ISL_19589187|2024-11-18                   0.55%    passed     99.98%
2038  hMpxV/Brazil/SP-IAL-357975925/2024|EPI_ISL_19524883|2024-10-02                   0.55%    passed     99.99%
2039  hMpxV/Brazil/SP-IAL-357911339/2024|EPI_ISL_19372775|2024-08-23                   0.55%    passed     99.99%
2040  hMpxV/Brazil/SP-IAL-3964/2024|EPI_ISL_19644266|2024-12-06                        0.55%    passed     99.99%
2041  hMpxV/Brazil/SP-IAL-3970/2024|EPI_ISL_19644272|2024-12-16                        0.55%    passed     99.99%
2042  hMpxV/Brazil/SP-IAL-3972/2024|EPI_ISL_19644274|2024-12-01                        0.55%    passed     99.99%
2043  hMpxV/Brazil/SP-IAL-3980/2024|EPI_ISL_19644280|2024-12-13                        0.55%    passed     99.99%
2044  hMpxV/Brazil/SP-IAL-357821026/2024|EPI_ISL_19359691|2024-06-18                   0.55%    passed     99.99%
2045  hMpxV/Brazil/SP-IAL-357904928/2024|EPI_ISL_19372767|2024-08-19                   0.55%    passed     99.99%
2046  hMpxV/Brazil/SP-IAL-357981172/2024|EPI_ISL_19524888|2024-10-04                   0.55%    passed     99.99%
2047  hMpxV/Brazil/SP-IAL-357886830/2024|EPI_ISL_19372757|2024-08-06                   0.55%    passed     99.99%
2048  hMpxV/Brazil/SP-IAL-357897692/2024|EPI_ISL_19372761|2024-08-14                   0.55%    passed     99.99%
2049  hMpxV/Brazil/SP-IAL-357802143/2024|EPI_ISL_19359679|2024-06-06                   0.55%    passed     99.99%
2050  hMpxV/Brazil/SP-IAL-357882670/2024|EPI_ISL_19359681|2024-08-02                   0.55%    passed     99.99%
2051  hMpxV/Brazil/SP-IAL-357792329/2024|EPI_ISL_19359690|2024-06-02                   0.55%    passed     99.99%
2052  hMpxV/Brazil/SP-IAL-357640019/2024|EPI_ISL_19359696|2024-04-03                   0.55%    passed     99.99%
2053  hMpxV/Brazil/SP-IAL-357798278/2024|EPI_ISL_19359678|2024-06-04                   0.55%    passed     99.99%
2054  hMpxV/Brazil/SP-IAL-357896065/2024|EPI_ISL_19359682|2024-08-13                   0.55%    passed     99.99%
2055  hMpxV/Brazil/SP-LEIAL4665/2025|EPI_ISL_19783031|2025-02-03                       0.55%    passed     99.99%
2056  hMpxV/Brazil/SP-IAL-357933783/2024|EPI_ISL_19446300|2024-09-08                   0.55%    passed     99.99%
2057  hMpxV/Brazil/SP-LEIAL4198/2025|EPI_ISL_19741338|2025-01-15                       0.55%    passed     99.99%
2058  hMpxV/Brazil/SP-IAL-357938508/2024|EPI_ISL_19446303|2024-09-10                   0.55%    passed     99.98%
2059  hMpxV/Brazil/SP-IAL-357901450/2024|EPI_ISL_19372766|2024-08-18                   0.55%    passed     99.99%
2060  hMpxV/Brazil/SP-IAL-357903502/2024|EPI_ISL_19372771|2024-08-19                   0.55%    passed     99.98%
2061  hMpxV/Brazil/SP-IAL-358028651/2024|EPI_ISL_19589183|2024-11-12                   0.55%    passed     99.96%
2062  hMpxV/Brazil/SP-IAL-358040030/2024|EPI_ISL_19589189|2024-11-22                   0.55%    passed     99.96%
2063  hMpxV/Brazil/SP-LEIAL4189/2024|EPI_ISL_19741329|2024-12-28                       0.56%    passed     99.98%
2064  hMpxV/Brazil/SP-LEIAL4195/2025|EPI_ISL_19741335|2025-01-11                       0.55%    passed     99.99%
2065  hMpxV/Brazil/SP-IAL-357994370/2024|EPI_ISL_19524885|2024-10-16                   0.55%    passed     99.99%
2066  hMpxV/Brazil/SP-IAL-358017454/2024|EPI_ISL_19589181|2024-11-01                   0.55%    passed     99.99%
2067  hMpxV/Brazil/SP-IAL-357914556/2024|EPI_ISL_19446289|2024-08-26                   0.55%    passed     99.98%
2068  hMpxV/Brazil/SP-IAL-357897410/2024|EPI_ISL_19372760|2024-08-13                   0.56%    passed     99.98%
2069  hMpxV/Brazil/SP-IAL-357909240/2024|EPI_ISL_19372773|2024-08-21                   0.56%    passed     99.98%
2070  hMpxV/Brazil/SP-IAL-357921858/2024|EPI_ISL_19446293|2024-09-01                   0.55%    passed     99.99%
2071  hMpxV/Brazil/SP-IAL-357929674/2024|EPI_ISL_19446297|2024-09-04                   0.55%    passed     99.99%
2072  hMpxV/Brazil/SP-IAL-357899878/2024|EPI_ISL_19372763|2024-08-15                   0.55%    passed     99.99%
2073  hMpxV/Brazil/SP-IAL-357903818/2024|EPI_ISL_19372768|2024-08-19                   0.55%    passed     99.99%
2074  hMpxV/Brazil/SP-IAL-357899716/2024|EPI_ISL_19372765|2024-08-15                   0.55%    passed     99.98%
2075  hMpxV/Brazil/SP-IAL-358006921/2024|EPI_ISL_19589173|2024-10-25                   0.55%    passed     99.99%
2076  hMpxV/Brazil/SP-IAL-358015360/2024|EPI_ISL_19589177|2024-11-03                   0.55%    passed     99.98%
2077  hMpxV/Brazil/SP-IAL-358009645/2024|EPI_ISL_19589175|2024-10-29                   0.55%    passed     99.98%
2078  hMpxV/Brazil/SP-IAL-357979688/2024|EPI_ISL_19524878|2024-10-06                   0.55%    passed     99.99%
2079  hMpxV/Brazil/SP-IAL-357909129/2024|EPI_ISL_19372769|2024-08-19                   0.55%    passed     99.99%
2080  hMpxV/Brazil/SP-IAL-357718239/2024|EPI_ISL_19359689|2024-04-30                   0.55%    passed     99.98%
2081  hMpxV/Brazil/SP-LEIAL4669/2025|EPI_ISL_19783035|2025-02-04                       0.56%    passed     99.98%
2082  hMpxV/Brazil/SP-LEIAL4672/2025|EPI_ISL_19783038|2025-02-07                       0.55%    passed     99.97%
2083  hMpxV/Brazil/SP-IAL-357903632/2024|EPI_ISL_19372770|2024-08-19                   0.56%    passed     99.98%
2084  hMpxV/Brazil/SP-IAL-357911479/2024|EPI_ISL_19372776|2024-08-24                   0.56%    passed     99.98%
2085  hMpxV/Brazil/SP-IAL-357996884/2024|EPI_ISL_19524880|2024-10-18                   0.55%    passed     99.98%
2086  hMpxV/Brazil/SP-IAL-357981061/2024|EPI_ISL_19524872|2024-10-06                   0.55%    passed     99.98%
2087  hMpxV/Brazil/SP-IAL-357980969/2024|EPI_ISL_19524874|2024-09-30                   0.55%    passed     99.98%
2088  hMpxV/Brazil/SP-IAL-358027745/2024|EPI_ISL_19589186|2024-11-05                   0.55%    passed     99.96%
2089  hMpxV/Brazil/SP-IAL-357928627/2024|EPI_ISL_19446296|2024-09-04                   0.55%    passed     99.99%
2090  hMpxV/Brazil/SP-IAL-357934564/2024|EPI_ISL_19446301|2024-09-09                   0.55%    passed     99.98%
2091  hMpxV/Brazil/SP-IAL-358011027/2024|EPI_ISL_19589174|2024-10-30                   0.55%    passed     99.97%
2092  hMpxV/Brazil/SP-LEIAL4204/2025|EPI_ISL_19741344|2025-01-20                       0.55%    passed     99.98%
2093  hMpxV/Brazil/SP-LEIAL7297/2025|EPI_ISL_20331307|2025-12-09                       0.56%    passed     99.95%
2094  hMpxV/Brazil/SP-LEIAL7289/2025|EPI_ISL_20331298|2025-12-02                       0.56%    passed     99.95%
2095  hMpxV/Brazil/SP-LEIAL6951/2025|EPI_ISL_20261674|2025-10-09                       0.56%    passed     99.96%
2096  hMpxV/Brazil/SP-LEIAL6462/2025|EPI_ISL_20215165|2025-08-03                       0.56%    passed     99.96%
2097  hMpxV/Brazil/SP-LEIAL7313/2025|EPI_ISL_20331325|2025-12-22                       0.56%    passed     99.94%
2098  hMpxV/Brazil/SP-LEIAL5831/2025|EPI_ISL_20102909|2025-07-15                       0.56%    passed     99.95%
2099  hMpxV/Brazil/SP-LEIAL5838/2025|EPI_ISL_20102916|2025-07-11                       0.56%    passed     99.93%
2100  hMpxV/Brazil/SP-IAL-357944650/2024|EPI_ISL_19446308|2024-09-15                   0.56%    passed     99.98%
2101  hMpxV/Brazil/SP-IAL-357949045/2024|EPI_ISL_19446312|2024-09-17                   0.56%    passed     99.98%
2102  hMpxV/Brazil/SP-IAL-357890330/2024|EPI_ISL_19372759|2024-08-07                   0.55%    passed     99.99%
2103  hMpxV/Brazil/SP-LEIAL6473/2025|EPI_ISL_20215157|2025-08-07                       0.55%    passed     99.92%
2104  hMpxV/Brazil/SP-LEIAL6483/2025|EPI_ISL_20215161|2025-08-15                       0.56%    passed     99.91%
2105  hMpxV/Brazil/SP-LEIAL6467/2025|EPI_ISL_20215177|2025-08-06                       0.56%    passed     99.91%
2106  hMpxV/Brazil/SP-LEIAL6477/2025|EPI_ISL_20215169|2025-08-13                       0.55%    passed     99.92%
2107  hMpxV/Brazil/SP-LEIAL6466/2025|EPI_ISL_20215166|2025-08-05                       0.56%    passed     99.91%
2108  hMpxV/Brazil/SP-LEIAL6475/2025|EPI_ISL_20215168|2025-08-13                       0.56%    passed     99.91%
2109  hMpxV/Brazil/SP-LEIAL6479/2025|EPI_ISL_20215181|2025-08-14                       0.55%    passed     99.91%
2110  hMpxV/Brazil/SP-LEIAL5542/2025|EPI_ISL_20055370|2025-05-20                       0.55%    passed     99.95%
2111  hMpxV/Brazil/SP-LEIAL5551/2025|EPI_ISL_20055379|2025-05-26                       0.55%    passed     99.95%
2112  hMpxV/Brazil/SP-LEIAL6493/2025|EPI_ISL_20215187|2025-08-21                       0.55%    passed     99.95%
2113  hMpxV/Brazil/SP-LEIAL5537/2025|EPI_ISL_20055365|2025-05-16                       0.56%    passed     99.95%
2114  hMpxV/Brazil/SP-LEIAL5548/2025|EPI_ISL_20055376|2025-05-21                       0.56%    passed     99.95%
2115  hMpxV/Brazil/SP-IAL-357983351/2024|EPI_ISL_19524876|2024-10-08                   0.55%    passed     99.99%
2116  hMpxV/Brazil/SP-LEIAL4995/2025|EPI_ISL_19826814|2025-03-10                       0.55%    passed     99.98%
2117  hMpxV/Brazil/SP-LEIAL4988/2025|EPI_ISL_19826807|2025-03-03                       0.55%    passed     99.97%
2118  hMpxV/Brazil/SP-LEIAL4207/2025|EPI_ISL_19741347|2025-01-22                       0.55%    passed     99.98%
2119  hMpxV/Brazil/SP-LEIAL7304/2025|EPI_ISL_20320705|2025-12-14                       0.55%    passed     99.95%
2120  hMpxV/Brazil/SP-LEIAL7306/2025|EPI_ISL_20331316|2025-12-16                       0.55%    passed     99.94%
2121  hMpxV/Brazil/SP-LEIAL7310/2025|EPI_ISL_20331322|2025-12-20                       0.55%    passed     99.95%
2122  hMpxV/Brazil/SP-LEIAL6967/2025|EPI_ISL_20261683|2025-11-11                       0.55%    passed     99.95%
2123  hMpxV/Brazil/SP-LEIAL7276/2025|EPI_ISL_20331282|2025-11-11                       0.55%    passed     99.95%
2124  hMpxV/Brazil/SP-LEIAL7282/2025|EPI_ISL_20331290|2025-11-14                       0.55%    passed     99.95%
2125  hMpxV/Brazil/SP-LEIAL7290/2025|EPI_ISL_20331299|2025-11-27                       0.55%    passed     99.95%
2126  hMpxV/Brazil/SP-LEIAL7298/2025|EPI_ISL_20331308|2025-12-09                       0.55%    passed     99.94%
2127  hMpxV/Brazil/SP-LEIAL7285/2025|EPI_ISL_20331293|2025-11-23                       0.55%    passed     99.94%
2128  hMpxV/Brazil/SP-LEIAL7315/2025|EPI_ISL_20331327|2025-12-21                       0.55%    passed     99.95%
2129  hMpxV/Brazil/SP-LEIAL6938/2025|EPI_ISL_20261666|2025-09-16                       0.55%    passed     99.95%
2130  hMpxV/Brazil/SP-LEIAL6948/2025|EPI_ISL_20261672|2025-09-30                       0.55%    passed     99.94%
2131  hMpxV/Brazil/SP-LEIAL6950/2025|EPI_ISL_20261673|2025-10-07                       0.55%    passed     99.95%
2132  hMpxV/Brazil/SP-LEIAL6939/2025|EPI_ISL_20261667|2025-09-17                       0.55%    passed     99.95%
2133  hMpxV/Brazil/SP-LEIAL6953/2025|EPI_ISL_20261676|2025-10-15                       0.55%    passed     99.95%
2134  hMpxV/Brazil/SP-LEIAL6955/2025|EPI_ISL_20261678|2025-10-30                       0.55%    passed     99.95%
2135  hMpxV/Brazil/SP-LEIAL6957/2025|EPI_ISL_20261680|2025-11-02                       0.55%    passed     99.95%
2136  hMpxV/Brazil/SP-LEIAL7278/2025|EPI_ISL_20331285|2025-11-12                       0.55%    passed     99.95%
2137  hMpxV/Brazil/SP-LEIAL6940/2025|EPI_ISL_20261668|2025-09-22                       0.55%    passed     99.95%
2138  hMpxV/Brazil/SP-LEIAL6496/2025|EPI_ISL_20215162|2025-09-04                       0.55%    passed     99.95%
2139  hMpxV/Brazil/SP-LEIAL7281/2025|EPI_ISL_20331289|2025-11-14                       0.55%    passed     99.94%
2140  hMpxV/Brazil/SP-LEIAL7291/2025|EPI_ISL_20331300|2025-12-03                       0.55%    passed     99.93%
2141  hMpxV/Brazil/SP-LEIAL7299/2025|EPI_ISL_20331309|2025-12-11                       0.55%    passed     99.94%
2142  hMpxV/Brazil/SP-LEIAL7319/2025|EPI_ISL_20331328|2025-12-29                       0.55%    passed     99.93%
2143  hMpxV/Brazil/SP-LEIAL7305/2025|EPI_ISL_20331315|2025-12-12                       0.55%    passed     99.92%
2144  hMpxV/Brazil/SP-LEIAL7279/2025|EPI_ISL_20331287|2025-11-12                       0.55%    passed     99.93%
2145  hMpxV/Brazil/SP-LEIAL7311/2025|EPI_ISL_20331324|2025-12-19                       0.55%    passed     99.94%
2146  hMpxV/Brazil/SP-LEIAL5720/2025|EPI_ISL_20102884|2025-06-03                       0.56%    passed     99.90%
2147  hMpxV/Brazil/SP-LEIAL4671/2025|EPI_ISL_19783037|2025-02-03                       0.55%    passed     99.93%
2148  hMpxV/Brazil/SP-LEIAL5827/2025|EPI_ISL_20102905|2025-07-11                       0.56%    passed     99.93%
2149  hMpxV/Brazil/SP-LEIAL5832/2025|EPI_ISL_20102910|2025-07-11                       0.56%    passed     99.94%
2150  hMpxV/Brazil/SP-LEIAL5829/2025|EPI_ISL_20102907|2025-07-08                       0.55%    passed     99.88%
2151  hMpxV/Brazil/SP-LEIAL5144/2025|EPI_ISL_20053349|2025-04-04                       0.56%    passed     99.99%
2152  hMpxV/Brazil/SP-LEIAL4678/2025|EPI_ISL_19783044|2025-02-13                       0.55%    passed     99.97%
2153  hMpxV/Brazil/SP-IAL-3965/2024|EPI_ISL_19644267|2024-12-03                        0.55%    passed     99.98%
2154  hMpxV/Brazil/SP-IAL-3969/2024|EPI_ISL_19644271|2024-12-02                        0.55%    passed     99.98%
2155  hMpxV/Brazil/SP-IAL-3971/2024|EPI_ISL_19644273|2024-12-04                        0.55%    passed     99.98%
2156  hMpxV/Brazil/SP-IAL-3981/2024|EPI_ISL_19644281|2024-12-16                        0.55%    passed     99.98%
2157  hMpxV/Brazil/SP-IAL-3982/2024|EPI_ISL_19644282|2024-12-11                        0.55%    passed     99.98%
2158  hMpxV/Brazil/SP-IAL-3984/2024|EPI_ISL_19644284|2024-11-27                        0.55%    passed     99.98%
2159  hMpxV/Brazil/SP-IAL-3987/2024|EPI_ISL_19644287|2024-12-16                        0.55%    passed     99.98%
2160  hMpxV/Brazil/SP-LEIAL4666/2025|EPI_ISL_19783032|2025-02-02                       0.55%    passed     99.98%
2161  hMpxV/Brazil/SP-LEIAL4206/2025|EPI_ISL_19741346|2025-01-13                       0.55%    passed     99.98%
2162  hMpxV/Brazil/SP-LEIAL4998/2025|EPI_ISL_19826817|2025-03-13                       0.55%    passed     99.97%
2163  hMpxV/Brazil/SP-LEIAL4682/2025|EPI_ISL_19783048|2025-02-21                       0.56%    passed     99.96%
2164  hMpxV/Brazil/SP-LEIAL4673/2025|EPI_ISL_19783039|2025-02-05                       0.55%    passed     99.97%
2165  hMpxV/Brazil/SP-LEIAL4190/2024|EPI_ISL_19741330|2024-12-28                       0.56%    passed     99.98%
2166  hMpxV/Brazil/SP-LEIAL4192/2025|EPI_ISL_19741332|2025-01-07                       0.56%    passed     99.98%
2167  hMpxV/Brazil/SP-LEIAL4196/2025|EPI_ISL_19741336|2025-01-11                       0.56%    passed     99.98%
2168  hMpxV/Brazil/SP-LEIAL4197/2025|EPI_ISL_19741337|2025-01-13                       0.55%    passed     99.98%
2169  hMpxV/Brazil/SP-LEIAL4199/2024|EPI_ISL_19741339|2024-12-29                       0.55%    passed     99.98%
2170  hMpxV/Brazil/SP-LEIAL5737/2025|EPI_ISL_20102900|2025-07-01                       0.55%    passed     99.94%
2171  hMpxV/Brazil/SP-IAL-357941922/2024|EPI_ISL_19446305|2024-09-11                   0.55%    passed     99.99%
2172  hMpxV/Brazil/SP-LEIAL7300/2025|EPI_ISL_20331310|2025-12-11                       0.56%    passed     99.94%
2173  hMpxV/Brazil/SP-LEIAL6485/2025|EPI_ISL_20215171|2025-08-17                       0.56%    passed     99.92%
2174  hMpxV/Brazil/SP-LEIAL5837/2025|EPI_ISL_20102915|2025-07-20                       0.56%    passed     99.96%
2175  hMpxV/Brazil/SP-LEIAL4688/2025|EPI_ISL_19783054|2025-02-26                       0.55%    passed     99.98%
2176  hMpxV/Brazil/SP-LEIAL4188/2024|EPI_ISL_19741328|2024-12-29                       0.55%    passed     99.94%
2177  hMpxV/Brazil/SP-LEIAL5528/2025|EPI_ISL_20055358|2025-05-02                       0.55%    passed     99.96%
2178  hMpxV/Brazil/SP-LEIAL4675/2025|EPI_ISL_19783041|2025-02-11                       0.55%    passed     99.96%
2179  hMpxV/Brazil/SP-LEIAL5736/2025|EPI_ISL_20102899|2025-07-01                       0.55%    passed     99.89%
2180  hMpxV/Brazil/SP-LEIAL5834/2025|EPI_ISL_20102912|2025-07-07                       0.55%    passed     99.92%
2181  hMpxV/USA/WA-CDC-0020/2022|EPI_ISL_19596659|2022-07                              0.55%    passed     99.99%
2182  hMpxV/USA/WA-CDC-0025/2022|EPI_ISL_19596673|2022-07                              0.55%    passed     99.99%
2183  hMpxV/USA/TX-DHCPP-0061/2022|EPI_ISL_20325770|2022-06                            0.54%    passed     99.99%
2184  hMpxV/USA/IL-CDC-0054/2022|EPI_ISL_19596664|2022-06                              0.46%    passed     99.99%
2185  hMpxV/USA/WA-CDC-0022/2022|EPI_ISL_19596676|2022-07                              0.48%    passed     99.99%
2186  hMpxV/USA/CA-CDC-0067/2022|EPI_ISL_20147590|2022-06                              1.87%    passed     98.70%
2187  hMpxV/USA/TX-DHCPP-0280/2022|EPI_ISL_20325780|2022-06                            0.51%    passed     99.99%
2188  hMpxV/USA/TX-DHCPP-0070/2022|EPI_ISL_20325755|2022-07                            0.48%    passed    100.00%
2189  hMpxV/USA/OH-CDC-0009/2022|EPI_ISL_19596660|2022-12                              0.50%    passed     99.99%
2190  hMpxV/USA/TX-DHCPP-0035/2022|EPI_ISL_20325786|2022-09                            0.58%    passed     99.93%
2191  hMpxV/USA/TX-DHCPP-0060/2022|EPI_ISL_20325782|2022-06                            0.52%    passed     99.98%
2192  hMpxV/South_Africa/NICD-SVPL_360/2024|EPI_ISL_19542508|2024-06-28                0.59%    passed     99.99%
2193  hMpxV/South_Africa/NICD-SVPL_164/2024|EPI_ISL_19542512|2024-05-10                0.57%    passed     99.99%
2194  hMpxV/South_Africa/NICD-SVPL_193/2024|EPI_ISL_19542511|2024-06-06                0.57%    passed    100.00%
2195  hMpxV/South_Africa/NICD-SVPL_189/2024|EPI_ISL_19542513|2024-06-01                0.56%    passed    100.00%
2196  hMpxV/South_Africa/NICD-SVPL_180/2024|EPI_ISL_19542514|2024-05-31                0.57%    passed    100.00%
2197  hMpxV/South_Africa/NICD-SVPL_361/2024|EPI_ISL_19542509|2024-06-28                0.58%    passed    100.00%
2198  hMpxV/Ireland/D-NVRL-ZIRL00106/2022|EPI_ISL_17179641|2022-06-14                  0.58%    passed     99.97%
2199  hMpxV/Ireland/D-NVRL-ZIRL00079/2022|EPI_ISL_17179636|2022-06-09                  0.58%    passed     99.98%
2200  hMpxV/Ireland/D-NVRL-Z22IRL00174/2022|EPI_ISL_16012472|2022-06-23                0.58%    passed     99.98%
2201  hMpxV/Ireland/D-NVRL-Z22IRL00101/2022|EPI_ISL_16012486|2022-06-14                0.58%    passed     99.98%
2202  hMpxV/Ireland/D-NVRL-Z22IRL00190/2022|EPI_ISL_16012492|2022-06-28                0.58%    passed     99.99%
2203  hMpxV/Ireland/D-NVRL-ZIRL30768/2022|EPI_ISL_17179631|2022-05-30                  0.58%    passed     99.97%
2204  hMpxV/Ireland/KE-NVRL-ZIRL00094/2022|EPI_ISL_17179632|2022-06-13                 0.58%    passed     99.98%
2205  hMpxV/Ireland/WH-NVRL-Z22IRL00125/2022|EPI_ISL_16985972|2022-06-15               0.57%    passed     99.98%
2206  hMpxV/Ireland/LS-NVRL-Z22IRL00477/2022|EPI_ISL_16510162|2022-08-16               0.58%    passed     99.99%
2207  hMpxV/Ireland/D-NVRL-Z22IRL00167/2022|EPI_ISL_16012471|2022-06-23                0.58%    passed     99.98%
2208  hMpxV/Ireland/D-NVRL-Z22IRL00588/2022|EPI_ISL_16510156|2022-09-05                0.58%    passed     99.98%
2209  hMpxV/Ireland/D-NVRL-Z22IRL00338/2022|EPI_ISL_16985964|2022-07-27                0.59%    passed     99.99%
2210  hMpxV/Ireland/D-NVRL-ZIRL00158/2022|EPI_ISL_17179642|2022-06-23                  0.58%    passed     99.98%
2211  hMpxV/Ireland/D-NVRL-Z22IRL00566/2022|EPI_ISL_16510132|2022-08-30                0.58%    passed     99.98%
2212  hMpxV/Ireland/CO-NVRL-Z22IRL00144/2022|EPI_ISL_16012480|2022-06-20               0.58%    passed     99.98%
2213  hMpxV/Ireland/D-NVRL-Z22IRL00103/2022|EPI_ISL_16012484|2022-06-14                0.58%    passed     99.98%
2214  hMpxV/Ireland/D-NVRL-Z22IRL00289/2022|EPI_ISL_16012511|2022-07-18                0.58%    passed     99.99%
2215  hMpxV/Ireland/D-NVRL-ZIRL00056/2022|EPI_ISL_17179628|2022-06-03                  0.58%    passed     99.98%
2216  hMpxV/Ireland/D-NVRL-ZIRL00073/2022|EPI_ISL_17179629|2022-06-08                  0.58%    passed     99.98%
2217  hMpxV/Ireland/D-NVRL-Z22IRL00505/2022|EPI_ISL_16510147|2022-08-23                0.58%    passed     99.98%
2218  hMpxV/Ireland/D-NVRL-ZIRL00045/2022|EPI_ISL_17179633|2022-05-31                  0.59%    passed     99.98%
2219  hMpxV/Ireland/DL-NVRL-ZIRL00020/2022|EPI_ISL_17179634|2022-05-27                 0.59%    passed     99.98%
2220  hMpxV/Ireland/LK-NVRL-ZIRL00044/2022|EPI_ISL_17179637|2022-05-31                 0.58%    passed     99.98%
2221  hMpxV/Ireland/D-NVRL-Z22IRL00455/2022|EPI_ISL_16012509|2022-08-15                0.58%    passed     99.99%
2222  hMpxV/Ireland/D-NVRL-Z22IRL00700/2022|EPI_ISL_16510141|2022-10-03                0.58%    passed     99.99%
2223  hMpxV/Ireland/D-NVRL-Z22IRL00576/2022|EPI_ISL_16985966|2022-08-31                0.58%    passed     99.99%
2224  hMpxV/Ireland/CO-NVRL-Z22IRL00253/2022|EPI_ISL_16510183|2022-07-08               0.59%    passed     99.99%
2225  hMpxV/Ireland/D-NVRL-Z22IRL00713/2022|EPI_ISL_16510175|2022-10-07                0.58%    passed     99.99%
2226  hMpxV/Ireland/D-NVRL-ZIRL00147/2022|EPI_ISL_17179639|2022-06-21                  0.58%    passed     99.97%
2227  hMpxV/Ireland/D-NVRL-Z22IRL00580/2022|EPI_ISL_16510157|2022-08-31                0.58%    passed     99.98%
2228  hMpxV/Ireland/D-NVRL-Z22IRL00514/2022|EPI_ISL_16510145|2022-08-22                0.58%    passed     99.99%
2229  hMpxV/Ireland/D-NVRL-Z22IRL00284/2022|EPI_ISL_16012504|2022-07-18                0.58%    passed     99.99%
2230  hMpxV/Ireland/D-NVRL-Z22IRL00291/2022|EPI_ISL_16012512|2022-07-18                0.58%    passed     99.99%
2231  hMpxV/Ireland/D-NVRL-Z22IRL00610/2022|EPI_ISL_16012526|2022-09-06                0.58%    passed     99.99%
2232  hMpxV/Ireland/D-NVRL-ZIRL00048/2022|EPI_ISL_17179635|2022-06-02                  0.58%    passed     99.98%
2233  hMpxV/Ireland/D-NVRL-Z22IRL00089/2022|EPI_ISL_16012468|2022-06-13                0.59%    passed     99.98%
2234  hMpxV/Ireland/D-NVRL-ZIRL00088/2022|EPI_ISL_17179630|2022-06-13                  0.59%    passed     99.98%
2235  hMpxV/Ireland/D-NVRL-Z22IRL00668/2022|EPI_ISL_16510143|2022-09-21                0.58%    passed     99.98%
2236  hMpxV/Ireland/D-NVRL-Z22IRL00489/2022|EPI_ISL_16012533|2022-08-19                0.58%    passed     99.98%
2237  hMpxV/Ireland/D-NVRL-Z22IRL00149/2022|EPI_ISL_16012477|2022-06-21                0.58%    passed     99.98%
2238  hMpxV/Ireland/D-NVRL-Z22IRL00145/2022|EPI_ISL_16012479|2022-06-17                0.58%    passed     99.98%
2239  hMpxV/Ireland/D-NVRL-Z22IRL00231/2022|EPI_ISL_16012499|2022-07-05                0.58%    passed     99.98%
2240  hMpxV/Ireland/D-NVRL-Z22G30769/2022|EPI_ISL_16012489|2022-05-30                  0.59%    passed     99.98%
2241  hMpxV/Ireland/D-NVRL-Z22IRL00293/2022|EPI_ISL_16985956|2022-07-20                0.58%    passed     99.98%
2242  hMpxV/Ireland/D-NVRL-ZIRL00350/2022|EPI_ISL_17179638|2022-07-29                  0.58%    passed     99.98%
2243  hMpxV/Ireland/D-NVRL-Z22IRL00239/2022|EPI_ISL_16012500|2022-07-08                0.59%    passed     99.98%
2244  hMpxV/Ireland/D-NVRL-Z22IRL00296/2022|EPI_ISL_16985957|2022-07-19                0.58%    passed     99.98%
2245  hMpxV/Ireland/D-NVRL-Z22IRL00332/2022|EPI_ISL_16985959|2022-07-26                0.58%    passed     99.98%
2246  hMpxV/Ireland/D-NVRL-Z22IRL00143/2022|EPI_ISL_16012481|2022-06-20                0.58%    passed     99.98%
2247  hMpxV/Ireland/D-NVRL-Z22IRL00116/2022|EPI_ISL_16012483|2022-06-17                0.58%    passed     99.98%
2248  hMpxV/Ireland/D-NVRL-Z22IRL00511/2022|EPI_ISL_16510180|2022-08-22                0.58%    passed     99.98%
2249  hMpxV/Ireland/D-NVRL-Z22IRL00536/2022|EPI_ISL_16985967|2022-08-30                0.58%    passed     99.99%
2250  hMpxV/Ireland/D-NVRL-Z22IRL00148/2022|EPI_ISL_16012478|2022-06-21                0.58%    passed     99.99%
2251  hMpxV/Ireland/D-NVRL-Z22IRL00433/2022|EPI_ISL_16012520|2022-08-10                0.58%    passed     99.98%
2252  hMpxV/Ireland/D-NVRL-Z22IRL00501/2022|EPI_ISL_16510179|2022-08-18                0.58%    passed     99.99%
2253  hMpxV/Ireland/WD-NVRL-Z22IRL00139/2022|EPI_ISL_16012482|2022-06-20               0.58%    passed     99.99%
2254  hMpxV/Ireland/D-NVRL-Z22IRL00639/2022|EPI_ISL_16012529|2022-09-14                0.59%    passed     99.99%
2255  hMpxV/Ireland/D-NVRL-Z22IRL00245/2022|EPI_ISL_16012505|2022-07-12                0.57%    passed     99.99%
2256  hMpxV/Ireland/D-NVRL-Z22IRL00548/2022|EPI_ISL_16510184|2022-08-26                0.58%    passed     99.99%
2257  hMpxV/Ireland/D-NVRL-Z22IRL00543/2022|EPI_ISL_16510185|2022-08-25                0.58%    passed     99.98%
2258  hMpxV/Ireland/D-NVRL-Z22IRL00607/2022|EPI_ISL_16510173|2022-09-07                0.58%    passed     99.99%
2259  hMpxV/Ireland/D-NVRL-Z22IRL00251/2022|EPI_ISL_16012501|2022-07-12                0.58%    passed     99.98%
2260  hMpxV/Ireland/D-NVRL-Z22IRL00273/2022|EPI_ISL_16012515|2022-07-14                0.59%    passed     99.98%
2261  hMpxV/Ireland/D-NVRL-Z22IRL00150/2022|EPI_ISL_16012476|2022-06-21                0.59%    passed     99.98%
2262  hMpxV/Ireland/D-NVRL-Z22IRL00460/2022|EPI_ISL_16012518|2022-08-15                0.59%    passed     99.99%
2263  hMpxV/Ireland/D-NVRL-Z22IRL00300/2022|EPI_ISL_16985962|2022-07-20                0.59%    passed     99.99%
2264  hMpxV/Ireland/D-NVRL-Z22IRL00221/2022|EPI_ISL_16012496|2022-07-04                0.58%    passed     99.99%
2265  hMpxV/Ireland/D-NVRL-Z22IRL00444/2022|EPI_ISL_16012517|2022-08-11                0.58%    passed     99.99%
2266  hMpxV/Ireland/D-NVRL-Z22IRL00466/2022|EPI_ISL_16012524|2022-08-17                0.58%    passed     99.99%
2267  hMpxV/Ireland/D-NVRL-Z22IRL00206/2022|EPI_ISL_16012494|2022-07-01                0.58%    passed     99.99%
2268  hMpxV/Ireland/D-NVRL-Z22IRL00264/2022|EPI_ISL_16012510|2022-07-12                0.58%    passed     99.99%
2269  hMpxV/Ireland/D-NVRL-Z22IRL00275/2022|EPI_ISL_16012521|2022-07-14                0.58%    passed     99.99%
2270  hMpxV/Ireland/D-NVRL-Z22IRL00230/2022|EPI_ISL_16012497|2022-06-30                0.59%    passed     99.99%
2271  hMpxV/Ireland/D-NVRL-Z22IRL00213/2022|EPI_ISL_16510182|2022-07-04                0.56%    passed    100.00%
2272  hMpxV/Ireland/D-NVRL-Z22IRL00571/2022|EPI_ISL_16012536|2022-08-31                0.58%    passed     99.99%
2273  hMpxV/Ireland/D-NVRL-Z22IRL00563/2022|EPI_ISL_16510140|2022-08-30                0.58%    passed     99.99%
2274  hMpxV/Ireland/D-NVRL-Z22IRL00488/2022|EPI_ISL_16012532|2022-08-19                0.58%    passed     99.99%
2275  hMpxV/Ireland/D-NVRL-Z22IRL00658/2022|EPI_ISL_16510169|2022-09-20                0.58%    passed     99.99%
2276  hMpxV/Ireland/D-NVRL-Z22IRL00522/2022|EPI_ISL_16510177|2022-08-24                0.59%    passed     99.99%
2277  hMpxV/Ireland/D-NVRL-Z22IRL00524/2022|EPI_ISL_16510178|2022-08-23                0.58%    passed     99.99%
2278  hMpxV/Ireland/D-NVRL-Z22IRL00439/2022|EPI_ISL_16012491|2022-08-12                0.58%    passed     99.99%
2279  hMpxV/Ireland/LS-NVRL-Z22IRL00574/2022|EPI_ISL_16012535|2022-08-16               0.59%    passed     99.99%
2280  hMpxV/Ireland/LS-NVRL-Z22IRL00497/2022|EPI_ISL_16012531|2022-08-18               0.59%    passed     99.99%
2281  hMpxV/Ireland/D-NVRL-Z22IRL00661/2022|EPI_ISL_16510168|2022-09-20                0.59%    passed     99.99%
2282  hMpxV/Ireland/D-NVRL-Z22IRL00272/2022|EPI_ISL_16012514|2022-07-15                0.59%    passed     99.99%
2283  hMpxV/Ireland/D-NVRL-Z22IRL00277/2022|EPI_ISL_16012516|2022-07-14                0.59%    passed     99.98%
2284  hMpxV/Ireland/D-NVRL-Z22IRL00417/2022|EPI_ISL_16012523|2022-08-09                0.59%    passed     99.99%
2285  hMpxV/Ireland/D-NVRL-Z22IRL00456/2022|EPI_ISL_16012508|2022-08-15                0.59%    passed     99.99%
2286  hMpxV/Ireland/D-NVRL-Z22IRL00390/2022|EPI_ISL_16985969|2022-08-05                0.59%    passed     99.99%
2287  hMpxV/Ireland/D-NVRL-Z22IRL00184/2022|EPI_ISL_16012470|2022-06-28                0.58%    passed     99.99%
2288  hMpxV/Ireland/D-NVRL-Z22IRL00243/2022|EPI_ISL_16012522|2022-07-07                0.59%    passed     99.99%
2289  hMpxV/Ireland/LS-NVRL-Z22IRL00314/2022|EPI_ISL_16985970|2022-07-25               0.58%    passed     99.99%
2290  hMpxV/Ireland/D-NVRL-Z22IRL00280/2022|EPI_ISL_16012506|2022-07-18                0.56%    passed    100.00%
2291  hMpxV/Ireland/D-NVRL-Z22IRL00440/2022|EPI_ISL_16012493|2022-08-12                0.58%    passed     99.99%
2292  hMpxV/Ireland/D-NVRL-Z22IRL00281/2022|EPI_ISL_16012502|2022-07-19                0.59%    passed     99.99%
2293  hMpxV/Ireland/D-NVRL-Z22IRL00528/2022|EPI_ISL_16510134|2022-08-24                0.58%    passed     99.99%
2294  hMpxV/Canada/un-NML-3702/2022|EPI_ISL_13827281|2022-06-15                        0.55%    passed    100.00%
2295  hMpxV/Costa_Rica/DDM-HMex-0005/2022|EPI_ISL_15831211|2022-10-31                  0.55%    passed    100.00%
2296  hMpxV/Costa_Rica/DDM-HMex-0006/2022|EPI_ISL_15831212|2022-10-31                  0.55%    passed    100.00%
2297  hMpxV/Costa_Rica/INC-0008-772555/2022|EPI_ISL_17525484|2022-10-28                0.55%    passed    100.00%
2298  hMpxV/Costa_Rica/INC-0007-771834/2022|EPI_ISL_16946400|2022-10-18                0.58%    passed     99.98%
2299  NC_063383.1                                                                      0.54%    passed     99.06%
2300  hMpxV/France/un-UT-67/2022|EPI_ISL_13052275|2022-05                              0.60%    passed     99.75%
2301  hMpxV/Brazil/SP-USP-IMT-01/2022|EPI_ISL_16074741|2022-11                         0.64%    passed     99.78%
2302  hMpxV/Brazil/SP-USP-IMT-02/2022|EPI_ISL_16074742|2022-11                         0.63%    passed     99.77%
****  TOTAL                                                                            0.73%  0 sequences failed composition chi2 test (p-value<5%; df=3)
NOTE: minimal branch length is reduced to 0.000000504327 for long alignment

Creating fast initial parsimony tree by random order stepwise addition...
1559.135 seconds, parsimony score: 4540 (based on 3149 sites)
Measuring multi-threading efficiency up to 16 CPU cores
8 trees examined
Threads: 1 / Time: 16.725 sec / Speedup: 1.000 / Efficiency: 100% / LogL: -503722
Threads: 2 / Time: 11.098 sec / Speedup: 1.507 / Efficiency: 75% / LogL: -503722
Threads: 3 / Time: 8.412 sec / Speedup: 1.988 / Efficiency: 66% / LogL: -503722
Threads: 4 / Time: 7.219 sec / Speedup: 2.317 / Efficiency: 58% / LogL: -503722
Threads: 5 / Time: 7.409 sec / Speedup: 2.257 / Efficiency: 45% / LogL: -503722
Determining AUTO threadcount: done in 50.9475 secs using 164.7% CPU
BEST NUMBER OF THREADS: 4

Perform fast likelihood tree search using GTR+I+G model...
Estimate model parameters (epsilon = 5.000)
Perform nearest neighbor interchange...
Optimizing NNI: done in 7.40673 secs using 249% CPU
Estimate model parameters (epsilon = 1.000)
1. Initial log-likelihood: -315065.736
2. Current log-likelihood: -315061.221
3. Current log-likelihood: -315057.284
4. Current log-likelihood: -315053.847
5. Current log-likelihood: -315050.837
6. Current log-likelihood: -315048.198
7. Current log-likelihood: -315045.855
8. Current log-likelihood: -315043.780
9. Current log-likelihood: -315041.944
10. Current log-likelihood: -315040.324
11. Current log-likelihood: -315038.890
12. Current log-likelihood: -315037.627
13. Current log-likelihood: -315036.512
Optimal log-likelihood: -315035.531
Rate parameters:  A-C: 0.81771  A-G: 9.93631  A-T: 1.44218  C-G: 0.56745  C-T: 10.60205  G-T: 1.00000
Base frequencies:  A: 0.336  C: 0.165  G: 0.165  T: 0.334
Proportion of invariable sites: 0.802
Gamma shape alpha: 0.075
Parameters optimization took 13 rounds (35.328 sec)
Time for fast ML tree search: 320.081 seconds

NOTE: ModelFinder requires 3020 MB RAM!
ModelFinder will test up to 968 DNA models (sample size: 198284 epsilon: 0.100) ...
 No. Model         -LnL         df  AIC          AICc         BIC
  1  JC            333859.812   4601 676921.623   677140.268   723840.117
  2  JC+I          330007.672   4602 669219.345   669438.086   716148.035
  3  JC+G4         332017.088   4602 673238.176   673456.918   720166.867
  4  JC+I+G4       330234.471   4603 669674.942   669893.779   716613.830
  5  JC+R2         330625.149   4603 670456.297   670675.134   717395.185
  6  JC+R3         329305.294   4605 667820.588   668039.617   714779.871
  7  JC+R4         329292.288   4607 667798.575   668017.798   714778.254
  8  JC+R5         328916.288   4609 667050.576   667269.991   714050.649
+R6 reinitialized from +R5 with factor 0.500
+R6 reinitialized from +R5 with factor 0.250
  9  JC+R6         328916.294   4611 667054.588   667274.196   714075.056
 14  JC+I+R2       329996.808   4604 669201.615   669420.549   716150.701
 15  JC+I+R3       328995.058   4606 667202.115   667421.241   714171.596
 16  JC+I+R4       328903.876   4608 667023.752   667243.070   714013.627
 17  JC+I+R5       328898.527   4610 667017.053   667236.564   714027.324
 38  JC+I+R4       328903.876   4608 667023.752   667243.070   714013.627
 60  F81+I+R4      328903.678   4608 667023.357   667242.676   714013.232
 82  F81+F+I+R4    316132.587   4611 641487.173   641706.781   688507.641
104  K2P+I+R4      326544.287   4609 662306.575   662525.990   709306.648
126  K2P+I+R4      326544.287   4609 662306.575   662525.990   709306.648
148  HKY+I+R4      326544.088   4609 662306.175   662525.590   709306.248
170  HKY+F+I+R4    313651.795   4612 636527.590   636747.294   683558.255
192  TNe+I+R4      326542.000   4610 662304.000   662523.512   709314.271
214  TNe+I+R4      326542.000   4610 662304.000   662523.512   709314.271
236  TN+I+R4       326541.922   4610 662303.845   662523.356   709314.115
258  TN+F+I+R4     313648.214   4613 636522.429   636742.229   683563.291
280  K3P+I+R4      326532.740   4610 662285.481   662504.992   709295.751
302  K3P+I+R4      326532.740   4610 662285.481   662504.992   709295.751
324  K3Pu+I+R4     326532.489   4610 662284.977   662504.489   709295.248
346  K3Pu+F+I+R4   313649.275   4613 636524.550   636744.351   683565.413
368  TPM2+I+R4     326490.750   4610 662201.500   662421.011   709211.770
390  TPM2+I+R4     326490.750   4610 662201.500   662421.011   709211.770
412  TPM2u+I+R4    326484.708   4610 662189.416   662408.927   709199.686
434  TPM2u+F+I+R4  313649.077   4613 636524.154   636743.954   683565.017
456  TPM3+I+R4     326458.672   4610 662137.344   662356.855   709147.614
478  TPM3+I+R4     326458.672   4610 662137.344   662356.855   709147.614
500  TPM3u+I+R4    326458.209   4610 662136.418   662355.930   709146.689
522  TPM3u+F+I+R4  313636.220   4613 636498.441   636718.241   683539.304
544  TIMe+I+R4     326529.253   4611 662280.506   662500.114   709300.974
566  TIMe+I+R4     326529.253   4611 662280.506   662500.114   709300.974
588  TIM+I+R4      326529.173   4611 662280.345   662499.953   709300.813
610  TIM+F+I+R4    313644.960   4614 636517.920   636737.817   683568.980
632  TIM2e+I+R4    326479.477   4611 662180.954   662400.561   709201.422
654  TIM2e+I+R4    326479.477   4611 662180.954   662400.561   709201.421
676  TIM2+I+R4     326479.389   4611 662180.778   662400.386   709201.246
698  TIM2+F+I+R4   313645.206   4614 636518.411   636738.308   683569.472
720  TIM3e+I+R4    326450.822   4611 662123.644   662343.251   709144.112
742  TIM3e+I+R4    326450.822   4611 662123.644   662343.252   709144.112
764  TIM3+I+R4     326450.736   4611 662123.472   662343.080   709143.940
786  TIM3+F+I+R4   313632.628   4614 636493.255   636713.152   683544.315
808  TVMe+I+R4     326400.613   4612 662025.226   662244.930   709055.892
830  TVMe+I+R4     326400.613   4612 662025.226   662244.930   709055.892
852  TVM+I+R4      326400.397   4612 662024.794   662244.498   709055.459
874  TVM+F+I+R4    313630.964   4615 636491.928   636711.921   683553.185
896  SYM+I+R4      326398.474   4613 662022.947   662242.748   709063.810
918  SYM+I+R4      326398.474   4613 662022.947   662242.748   709063.810
940  GTR+I+R4      326398.020   4613 662022.039   662241.840   709062.902
962  GTR+F+I+R4    313627.747   4616 636487.494   636707.584   683558.949
Akaike Information Criterion:           GTR+F+I+R4
Corrected Akaike Information Criterion: GTR+F+I+R4
Bayesian Information Criterion:         TPM3u+F+I+R4
Best-fit model: TPM3u+F+I+R4 chosen according to BIC

All model information printed to dataset3_gisaid.aln.model.gz
CPU time for ModelFinder: 13841.241 seconds (3h:50m:41s)
Wall-clock time for ModelFinder: 5912.312 seconds (1h:38m:32s)

NOTE: 1208 MB RAM (1 GB) is required!
Estimate model parameters (epsilon = 0.100)
1. Initial log-likelihood: -313632.925
2. Current log-likelihood: -313632.796
Optimal log-likelihood: -313632.776
Rate parameters:  A-C: 0.59758  A-G: 8.63579  A-T: 1.00000  C-G: 0.59758  C-T: 8.63579  G-T: 1.00000
Base frequencies:  A: 0.336  C: 0.165  G: 0.165  T: 0.334
Proportion of invariable sites: 0.721
Site proportion and rates:  (0.186,0.000) (0.092,7.593) (0.001,96.181) (0.000,680.614)
Parameters optimization took 2 rounds (7.414 sec)
Wrote distance file to... 
Computing ML distances based on estimated model parameters...
Calculating distance matrix: done in 8.51832 secs using 399.1% CPU
Computing ML distances took 8.533541 sec (of wall-clock time) 34.036930 sec (of CPU time)
Setting up auxiliary I and S matrices: done in 0.0207312 secs using 438.5% CPU
Constructing RapidNJ tree: done in 0.610377 secs using 293.9% CPU
Computing RapidNJ tree took 0.631182 sec (of wall-clock time) 1.884675 sec (of CPU time)
Log-likelihood of RapidNJ tree: -315120.239
--------------------------------------------------------------------
|             INITIALIZING CANDIDATE TREE SET                      |
--------------------------------------------------------------------
Generating 98 parsimony trees... 88.652 second
Computing log-likelihood of 98 initial trees ... 69.894 seconds
Current best score: -313632.780

Do NNI search on 20 best initial trees
Optimizing NNI: done in 4.43494 secs using 255.6% CPU
Estimate model parameters (epsilon = 0.100)
BETTER TREE FOUND at iteration 1: -313623.865
Optimizing NNI: done in 125.958 secs using 279.3% CPU
Estimate model parameters (epsilon = 0.100)
BETTER TREE FOUND at iteration 2: -313338.673
Optimizing NNI: done in 127.408 secs using 283.5% CPU
Optimizing NNI: done in 91.5383 secs using 278.9% CPU
Optimizing NNI: done in 39.2301 secs using 277.7% CPU
Optimizing NNI: done in 65.8121 secs using 279.7% CPU
Optimizing NNI: done in 45.1606 secs using 276% CPU
Optimizing NNI: done in 85.8182 secs using 278.8% CPU
Optimizing NNI: done in 156.544 secs using 279.3% CPU
Optimizing NNI: done in 12.0263 secs using 277.3% CPU
Iteration 10 / LogL: -313681.671 / Time: 2h:0m:24s
Optimizing NNI: done in 95.4425 secs using 277.9% CPU
Optimizing NNI: done in 81.8733 secs using 279% CPU
Optimizing NNI: done in 77.5504 secs using 277.4% CPU
Optimizing NNI: done in 86.3213 secs using 279.6% CPU
Optimizing NNI: done in 65.4687 secs using 283.2% CPU
Optimizing NNI: done in 78.9769 secs using 279.5% CPU
Optimizing NNI: done in 147.772 secs using 281.8% CPU
Optimizing NNI: done in 58.4796 secs using 279.9% CPU
Optimizing NNI: done in 16.6922 secs using 273% CPU
Optimizing NNI: done in 65.2316 secs using 277.5% CPU
Iteration 20 / LogL: -313679.995 / Time: 2h:13m:19s
Finish initializing candidate tree set (20)
Current best tree score: -313338.673 / CPU time: 2061.261
Number of iterations: 20
--------------------------------------------------------------------
|               OPTIMIZING CANDIDATE TREE SET                      |
--------------------------------------------------------------------
Optimizing NNI: done in 78.759 secs using 276.6% CPU
Optimizing NNI: done in 15.8902 secs using 268.5% CPU
Optimizing NNI: done in 14.4695 secs using 268.2% CPU
Optimizing NNI: done in 15.3102 secs using 269.1% CPU
Optimizing NNI: done in 17.322 secs using 269.2% CPU
Optimizing NNI: done in 15.5149 secs using 268.2% CPU
Optimizing NNI: done in 80.6338 secs using 277.2% CPU
Optimizing NNI: done in 19.9544 secs using 270.3% CPU
Optimizing NNI: done in 16.8569 secs using 269.9% CPU
Optimizing NNI: done in 12.7061 secs using 268.1% CPU
Iteration 30 / LogL: -313733.222 / Time: 2h:18m:10s (1h:38m:24s left)
Optimizing NNI: done in 25.2568 secs using 273.7% CPU
Optimizing NNI: done in 17.4739 secs using 270.7% CPU
Optimizing NNI: done in 11.4508 secs using 266.9% CPU
Optimizing NNI: done in 13.0198 secs using 268.1% CPU
Optimizing NNI: done in 17.9451 secs using 271.6% CPU
Optimizing NNI: done in 30.0953 secs using 274.7% CPU
Optimizing NNI: done in 13.7385 secs using 267.9% CPU
Optimizing NNI: done in 17.6656 secs using 269.8% CPU
Optimizing NNI: done in 14.1567 secs using 268.3% CPU
Optimizing NNI: done in 17.7979 secs using 270.8% CPU
Iteration 40 / LogL: -313753.712 / Time: 2h:21m:12s (1h:7m:50s left)
Optimizing NNI: done in 16.0461 secs using 270.1% CPU
Optimizing NNI: done in 26.3121 secs using 273.3% CPU
Optimizing NNI: done in 26.1893 secs using 273.7% CPU
Optimizing NNI: done in 18.3618 secs using 270.9% CPU
Optimizing NNI: done in 29.3195 secs using 272.9% CPU
Optimizing NNI: done in 13.7128 secs using 268.2% CPU
Optimizing NNI: done in 18.4048 secs using 271.1% CPU
Optimizing NNI: done in 14.6023 secs using 268.4% CPU
Optimizing NNI: done in 22.1843 secs using 272.1% CPU
Optimizing NNI: done in 22.759 secs using 272% CPU
Iteration 50 / LogL: -313722.465 / Time: 2h:24m:43s (0h:49m:1s left)
Optimizing NNI: done in 20.0225 secs using 270.4% CPU
Optimizing NNI: done in 23.1735 secs using 272.8% CPU
Optimizing NNI: done in 14.3287 secs using 269.5% CPU
Optimizing NNI: done in 21.1605 secs using 272.4% CPU
Optimizing NNI: done in 31.9083 secs using 272.5% CPU
Optimizing NNI: done in 61.5668 secs using 276.4% CPU
Optimizing NNI: done in 15.3667 secs using 269.7% CPU
Optimizing NNI: done in 29.0708 secs using 273.8% CPU
Optimizing NNI: done in 13.9927 secs using 268.4% CPU
Optimizing NNI: done in 16.979 secs using 270.1% CPU
Iteration 60 / LogL: -313685.798 / Time: 2h:28m:54s (0h:35m:51s left)
Optimizing NNI: done in 21.8869 secs using 271.7% CPU
Optimizing NNI: done in 13.3998 secs using 268.1% CPU
Optimizing NNI: done in 22.1843 secs using 272.9% CPU
Optimizing NNI: done in 17.1558 secs using 269.4% CPU
Optimizing NNI: done in 14.9408 secs using 269% CPU
Optimizing NNI: done in 13.4212 secs using 268% CPU
Optimizing NNI: done in 18.0301 secs using 269.8% CPU
Optimizing NNI: done in 17.2358 secs using 270.3% CPU
Optimizing NNI: done in 17.3359 secs using 270.5% CPU
Optimizing NNI: done in 14.2713 secs using 267.6% CPU
Iteration 70 / LogL: -313712.999 / Time: 2h:31m:48s (0h:24m:42s left)
Optimizing NNI: done in 14.4624 secs using 268.8% CPU
Optimizing NNI: done in 13.9505 secs using 268.8% CPU
Optimizing NNI: done in 12.8438 secs using 269.3% CPU
Optimizing NNI: done in 15.9362 secs using 268.6% CPU
Optimizing NNI: done in 14.5218 secs using 268% CPU
Optimizing NNI: done in 85.999 secs using 276.6% CPU
Optimizing NNI: done in 13.996 secs using 268.3% CPU
Optimizing NNI: done in 24.7053 secs using 273% CPU
Optimizing NNI: done in 30.7437 secs using 274.4% CPU
Optimizing NNI: done in 59.9397 secs using 276.7% CPU
Iteration 80 / LogL: -313664.335 / Time: 2h:36m:38s (0h:16m:10s left)
Optimizing NNI: done in 18.2448 secs using 270.3% CPU
Optimizing NNI: done in 12.7755 secs using 267.9% CPU
Optimizing NNI: done in 14.2356 secs using 268.7% CPU
Optimizing NNI: done in 15.9447 secs using 269.5% CPU
Optimizing NNI: done in 18.7648 secs using 270.4% CPU
Optimizing NNI: done in 17.1076 secs using 270.7% CPU
Optimizing NNI: done in 23.8873 secs using 273.9% CPU
Optimizing NNI: done in 28.0562 secs using 274.4% CPU
Optimizing NNI: done in 12.5003 secs using 267.5% CPU
Optimizing NNI: done in 18.7065 secs using 272.7% CPU
Iteration 90 / LogL: -313671.475 / Time: 2h:39m:42s (0h:8m:14s left)
Optimizing NNI: done in 19.1508 secs using 271.2% CPU
Optimizing NNI: done in 31.5576 secs using 274.2% CPU
Optimizing NNI: done in 15.3304 secs using 269.1% CPU
Optimizing NNI: done in 16.2815 secs using 270.4% CPU
Optimizing NNI: done in 23.9392 secs using 273.8% CPU
Optimizing NNI: done in 22.8215 secs using 273.4% CPU
Optimizing NNI: done in 15.4673 secs using 270.5% CPU
Optimizing NNI: done in 18.73 secs using 271.5% CPU
Optimizing NNI: done in 12.9737 secs using 268.3% CPU
Optimizing NNI: done in 18.4181 secs using 270.6% CPU
Iteration 100 / LogL: -313698.065 / Time: 2h:43m:0s (0h:1m:18s left)
Optimizing NNI: done in 16.1279 secs using 269.6% CPU
Optimizing NNI: done in 14.3845 secs using 269.5% CPU
Optimizing NNI: done in 61.3285 secs using 277% CPU
TREE SEARCH COMPLETED AFTER 103 ITERATIONS / Time: 2h:44m:33s

--------------------------------------------------------------------
|                    FINALIZING TREE SEARCH                        |
--------------------------------------------------------------------
Performs final model parameters optimization
Estimate model parameters (epsilon = 0.010)
1. Initial log-likelihood: -313338.678
2. Current log-likelihood: -313338.650
3. Current log-likelihood: -313338.626
4. Current log-likelihood: -313338.605
5. Current log-likelihood: -313338.585
6. Current log-likelihood: -313338.567
7. Current log-likelihood: -313338.550
Optimal log-likelihood: -313338.542
Rate parameters:  A-C: 0.63542  A-G: 8.77585  A-T: 1.00000  C-G: 0.63542  C-T: 8.77585  G-T: 1.00000
Base frequencies:  A: 0.336  C: 0.165  G: 0.165  T: 0.334
Proportion of invariable sites: 0.723
Site proportion and rates:  (0.187,0.000) (0.089,7.905) (0.001,109.636) (0.000,776.819)
Parameters optimization took 7 rounds (22.076 sec)
BEST SCORE FOUND : -313338.542
Ancestral state probabilities printed to dataset3_gisaid.aln.state
Total tree length: 0.023

Total number of iterations: 103
CPU time used for tree search: 10960.956 sec (3h:2m:40s)
Wall-clock time used for tree search: 3934.966 sec (1h:5m:34s)
Total CPU time used: 25339.932 sec (7h:2m:19s)
Total wall-clock time used: 11024.867 sec (3h:3m:44s)

Analysis results written to: 
  IQ-TREE report:                dataset3_gisaid.aln.iqtree
  Maximum-likelihood tree:       dataset3_gisaid.aln.treefile
  Likelihood distances:          dataset3_gisaid.aln.mldist
  Ancestral state:               dataset3_gisaid.aln.state
  Screen log file:               dataset3_gisaid.aln.log

Date and Time: Sun May 24 07:48:40 2026
