pos_ref	pos_aln	ref	alt_A	alt_C	alt_G	alt_T	gaps	is_APOBEC	is_APOBEC_ext	independent_events
146	192	T	1	0	0	0	17	False	False	1
202	248	G	2	0	0	0	15	True	False	1
273	319	G	10	0	0	0	14	True	False	1
304	350	T	0	1	0	0	13	False	False	1
305	351	G	0	1	0	0	13	False	False	1
306	352	A	0	0	0	1	13	False	False	1
307	353	A	0	1	0	0	13	False	False	1
322	368	A	0	0	1	0	12	False	False	1
443	489	A	0	0	1	0	1	False	False	1
450	496	T	0	1	0	0	1	False	False	1
451	497	G	3	0	0	0	1	True	False	1
569	615	G	1	0	0	0	0	True	False	1
657	704	G	1	0	0	0	0	False	True	1
786	833	C	0	0	0	1	0	True	False	1
798	845	C	0	0	0	1	0	False	True	1
804	851	C	0	0	0	3	0	True	False	1
814	861	C	0	0	0	1	0	True	False	1
846	893	C	0	0	0	2	0	False	True	1
882	929	C	0	0	0	54	0	True	False	1
894	941	C	0	0	0	2	0	True	False	1
902	949	G	3	0	0	0	0	True	False	2
1104	1151	C	0	0	0	1	0	True	False	1
1184	1231	G	1	0	0	0	0	True	False	1
1211	1258	C	0	0	0	1	0	False	True	1
1262	1309	G	2262	0	0	0	0	True	False	6
1302	1349	G	1	0	0	0	0	True	False	1
1365	1412	C	0	0	0	7	0	True	False	1
1485	1532	C	0	0	0	1	0	True	False	1
1496	1543	G	1	0	0	0	0	True	False	1
1502	1549	G	1	0	0	0	0	True	False	1
1512	1559	G	2	0	0	0	0	True	False	1
1590	1637	G	0	0	0	1	0	False	False	1
1597	1644	G	1	0	0	0	0	False	True	1
1647	1694	C	0	0	0	2	0	True	False	1
1663	1710	T	1	0	0	0	0	False	False	1
1735	1782	C	0	0	0	2	0	True	False	1
1797	1844	G	8	0	0	0	0	True	False	1
1818	1865	C	0	0	0	1	0	True	False	1
1861	1908	G	1	0	0	0	0	True	False	1
1984	2031	C	0	0	0	13	0	True	False	4
1986	2033	G	1	0	0	0	0	True	False	1
2008	2055	C	0	0	0	3	0	True	False	1
2010	2057	G	3	0	0	0	0	True	False	1
2039	2086	G	4	0	0	0	0	True	False	1
2073	2120	C	0	0	0	1	0	True	False	1
2076	2123	C	0	0	0	4	0	False	True	1
2126	2173	G	1	0	0	0	0	True	False	1
2132	2179	G	1	0	0	0	0	True	False	1
2146	2193	G	2	0	0	0	0	True	False	1
2166	2213	G	5	0	0	0	0	True	False	2
2174	2221	G	2	0	0	0	0	True	False	2
2205	2252	C	0	0	0	14	0	True	False	1
2212	2259	G	3	0	0	0	0	True	False	1
2274	2321	G	1	0	0	0	0	True	False	1
2296	2343	C	0	0	0	2	0	False	True	1
2315	2362	C	0	0	0	1	0	True	False	1
2572	2619	C	0	0	0	1	0	True	False	1
2591	2638	G	2269	0	0	0	0	True	False	8
2592	2639	A	0	0	17	0	0	False	False	1
2714	2761	G	1	0	0	0	0	True	False	1
2771	2818	C	0	0	0	1	0	True	False	1
2791	2838	T	1	0	0	0	0	False	False	1
2971	3018	G	1	0	0	0	0	True	False	1
2985	3032	G	1	0	0	0	0	True	False	1
3064	3111	G	1	0	0	0	0	True	False	1
3106	3153	T	0	1	0	0	0	False	False	1
3110	3157	G	1	0	0	0	0	False	True	1
3111	3158	G	2262	0	0	0	0	True	False	5
3151	3198	G	1	0	0	0	0	True	False	1
3223	3270	G	1	0	0	0	0	True	False	1
3284	3331	C	0	0	0	1	0	True	False	1
3369	3416	G	1	0	0	0	0	False	True	1
3522	3569	G	2279	0	0	0	0	True	False	6
3531	3578	G	1	0	0	0	0	True	False	1
3569	3616	C	0	0	0	1	0	False	True	1
3602	3649	C	0	0	0	1	0	True	False	1
3701	3748	G	2	0	0	0	0	False	True	1
3778	3825	G	8	0	0	0	0	False	True	2
3812	3859	T	0	1	0	0	0	False	False	1
3818	3865	C	0	0	0	2271	0	True	False	8
3826	3873	T	0	1	0	0	0	False	False	1
3831	3878	T	0	1	0	0	0	False	False	1
3836	3883	T	0	1	0	0	0	False	False	1
3837	3884	C	0	0	0	2	0	True	False	2
3839	3886	T	0	1	0	0	0	False	False	1
3850	3898	C	0	0	0	2	0	True	False	2
3899	3947	G	1	0	0	0	0	True	False	1
3987	4035	C	0	0	0	420	0	True	False	5
4187	4235	G	1	0	0	0	0	True	False	1
4236	4284	G	2	0	0	0	0	True	False	2
4484	4532	G	1	0	0	0	0	True	False	1
4488	4536	C	0	0	0	3	0	False	True	1
4592	4640	C	0	0	0	1	0	True	False	1
4601	4649	C	0	0	0	1	0	True	False	1
4629	4677	C	0	0	0	1	0	True	False	1
4672	4720	A	0	0	0	7	0	False	False	4
4673	4721	G	8	0	0	0	0	True	False	5
4674	4722	A	0	0	0	11	0	False	False	6
4675	4723	C	0	0	13	0	0	False	False	7
4676	4724	T	30	0	0	0	0	False	False	16
4677	4725	A	0	53	0	0	0	False	False	13
4679	4727	A	0	0	0	72	0	False	False	16
4808	4954	T	0	6	0	0	0	False	False	1
4814	4960	C	84	0	0	6	0	True	False	15
4816	4962	T	0	74	0	0	0	False	False	16
4817	4963	T	0	0	4	0	0	False	False	1
4818	4964	T	1	0	0	0	0	False	False	1
4821	4967	A	0	0	0	42	0	False	False	12
4824	4970	A	0	17	0	0	0	False	False	5
4825	4971	A	0	0	0	2	0	False	False	2
4859	5005	G	1	0	0	0	0	True	False	1
4977	5123	C	0	0	0	4	0	True	False	2
4986	5132	C	0	0	0	1	0	True	False	1
5023	5169	C	0	0	0	1	0	True	False	1
5052	5198	G	3	0	0	0	0	True	False	2
5081	5227	C	0	0	0	3	0	True	False	1
5169	5315	C	0	0	0	1	0	True	False	1
5173	5319	G	2	0	0	0	0	True	False	2
5208	5354	C	0	0	0	1	0	True	False	1
5309	5455	C	0	0	0	1	0	True	False	1
5375	5521	G	11	0	0	0	0	False	True	2
5460	5606	A	0	0	1	0	0	False	False	1
5478	5624	G	1	0	0	0	0	True	False	1
5515	5661	G	2	0	0	0	0	True	False	2
5595	5741	G	15	0	0	0	0	True	False	1
5631	5777	C	0	0	0	1	0	True	False	1
5634	5780	C	0	0	0	14	0	True	False	1
5783	5929	G	2	0	0	0	0	True	False	1
5813	5959	G	1	0	0	0	0	True	False	1
5837	5983	G	2	0	0	0	0	True	False	1
5973	6119	C	0	0	0	2	0	True	False	2
6106	6252	G	2	0	0	0	0	True	False	2
6159	6305	T	1	0	0	0	0	False	False	1
6258	6404	G	1	0	0	0	0	True	False	1
6310	6456	C	0	0	0	3	0	True	False	1
6324	6470	G	10	0	0	0	0	True	False	1
6376	6522	G	2	0	0	0	0	True	False	1
6415	6561	G	1	0	0	0	0	True	False	1
6425	6573	C	0	0	0	1	0	True	False	1
6507	6655	C	0	0	0	1	0	True	False	1
6602	6750	G	1	0	0	0	0	False	True	1
6650	6798	G	1	0	0	0	0	True	False	1
6674	6822	G	0	1	0	0	0	False	False	1
6676	6824	C	0	0	0	1	0	True	False	1
6771	6919	G	3	0	0	0	0	True	False	1
6783	6931	T	0	1	0	0	0	False	False	1
6788	6936	G	1	0	0	0	0	True	False	1
6871	7019	G	5	0	0	0	0	True	False	1
6977	7125	G	0	2	0	0	0	False	False	1
7018	7166	C	0	0	0	9	0	True	False	1
7224	7372	G	1	0	0	0	0	True	False	1
7355	7503	T	0	0	1	0	0	False	False	1
7396	7544	C	0	0	0	1	0	True	False	1
7705	7853	C	0	0	0	1	0	True	False	1
7771	7919	C	0	0	0	2301	0	True	False	1
7772	7920	G	2	0	0	0	0	True	False	1
7806	7954	C	0	0	0	1	0	False	True	1
7820	7968	C	0	0	0	1	0	True	False	1
7851	7999	C	0	0	0	1	0	True	False	1
8023	8171	T	1	0	0	0	0	False	False	1
8164	8312	G	1	0	0	0	0	False	True	1
8290	8438	G	5	0	0	0	0	False	True	1
8321	8469	C	2	0	0	0	0	False	False	1
8338	8486	C	2	0	0	0	0	False	False	1
8339	8487	C	2	0	0	0	0	False	False	1
8373	8521	G	1	0	0	0	0	True	False	1
8379	8527	A	0	0	2	0	0	False	False	2
8404	8552	A	0	0	1	0	0	False	False	1
8597	8745	C	0	0	0	1	0	True	False	1
8638	8786	G	3	0	0	0	0	True	False	2
8723	8871	G	1	0	0	0	0	True	False	1
8735	8883	C	0	0	0	3	0	True	False	1
8768	8916	C	1	0	0	0	0	False	False	1
8937	9085	T	2	0	0	0	0	False	False	1
8938	9086	T	0	2	0	0	0	False	False	1
8939	9087	T	2	0	0	0	0	False	False	1
8940	9088	T	2	0	0	0	0	False	False	1
9144	9292	T	0	1	0	0	0	False	False	1
9229	9377	G	1	0	0	0	0	True	False	1
9235	9383	G	8	0	0	0	0	True	False	1
9245	9393	G	1	0	0	0	0	True	False	1
9411	9559	A	0	0	0	1	0	False	False	1
9415	9563	G	0	0	0	1	0	False	False	1
9530	9679	G	1	0	0	0	0	False	True	1
9610	9759	C	0	0	0	1	0	True	False	1
9761	9910	C	0	0	0	1	0	True	False	1
9781	9930	C	0	0	0	1	0	True	False	1
9845	9994	G	7	0	0	0	0	True	False	2
9963	10112	G	7	0	0	0	0	True	False	1
10048	10197	C	0	0	0	2	0	True	False	1
10057	10206	A	0	0	0	1	0	False	False	1
10060	10209	G	2	0	0	0	0	False	True	1
10107	10256	G	1	0	0	0	0	True	False	1
10224	10373	G	1	0	0	2	0	True	False	2
10337	10486	G	1	0	0	0	0	True	False	1
10430	10579	C	0	0	0	2	0	True	False	1
10475	10629	G	2	0	0	0	0	False	True	1
10484	10638	C	0	0	0	6	0	True	False	3
10641	10795	C	0	0	0	4	0	False	True	1
10672	10826	C	0	0	0	4	0	True	False	1
10746	10900	T	0	1	0	0	0	False	False	1
10747	10901	G	1	0	0	0	0	True	False	1
10832	10986	G	2	0	0	0	0	True	False	1
10850	11004	G	1	0	0	0	0	True	False	1
10856	11010	C	0	0	0	1	0	True	False	1
10859	11013	C	0	0	0	6	0	True	False	1
10930	11084	G	3	0	0	0	0	True	False	1
10945	11099	G	7	0	0	0	0	True	False	1
10954	11108	C	0	0	0	1	0	False	True	1
10988	11142	G	3	0	0	0	0	True	False	2
11100	11254	C	0	0	0	4	0	True	False	1
11117	11271	C	0	0	0	2	0	True	False	1
11256	11410	G	1	0	0	0	0	True	False	1
11287	11441	C	0	0	0	1	0	True	False	1
11371	11525	T	0	4	0	0	0	False	False	2
11404	11558	C	0	0	0	1	0	False	True	1
11424	11578	C	0	0	0	1	0	True	False	1
11428	11582	G	1	0	0	0	0	True	False	1
11562	11716	C	0	0	0	7	0	True	False	2
11668	11822	G	19	0	0	0	0	True	False	1
11710	11864	C	0	0	0	1	0	True	False	1
11718	11872	C	0	0	0	1	0	True	False	1
11776	11930	C	0	0	0	1	0	True	False	1
11787	11941	C	0	0	0	1	0	True	False	1
11836	11990	A	0	0	1	0	0	False	False	1
11855	12009	C	0	0	0	1	0	False	True	1
11884	12038	G	2	0	0	0	0	True	False	1
11924	12078	G	23	0	0	0	0	True	False	5
11929	12083	C	0	0	0	1	0	True	False	1
12099	12253	G	3	0	0	0	0	True	False	2
12169	12323	G	2	0	0	0	0	True	False	1
12247	12401	G	1	0	0	0	0	True	False	1
12298	12452	C	0	0	0	1	0	True	False	1
12304	12458	C	1	0	0	0	0	False	False	1
12387	12541	C	0	0	0	1	0	False	True	1
12684	12838	C	0	0	0	3	0	True	False	1
12690	12844	G	54	0	0	0	0	False	True	1
12756	12910	C	0	0	0	1	0	True	False	1
12808	12962	G	2	0	0	0	0	True	False	2
12842	12996	C	0	0	0	2	0	True	False	1
12850	13004	C	0	0	0	1	0	True	False	1
12864	13018	C	0	0	0	1	0	True	False	1
12894	13048	C	0	0	0	1	0	True	False	1
12908	13062	G	4	0	0	0	0	True	False	3
12977	13131	G	1	0	0	0	0	True	False	1
13028	13182	T	0	1	0	0	0	False	False	1
13034	13188	T	1	0	0	0	0	False	False	1
13107	13261	G	3	0	0	0	0	True	False	2
13171	13325	C	0	0	0	4	0	True	False	1
13191	13345	C	0	0	1	0	0	False	False	1
13261	13415	C	0	0	0	1	0	True	False	1
13264	13418	G	2	0	0	0	0	True	False	1
13434	13588	G	1	0	0	0	0	True	False	1
13455	13609	C	0	0	0	1	0	True	False	1
13503	13657	C	0	0	0	1	0	False	True	1
13561	13715	C	0	0	0	1	0	True	False	1
13563	13717	G	5	0	0	0	0	True	False	3
13609	13763	C	0	0	0	2	0	True	False	1
13653	13807	C	0	0	0	5	0	True	False	1
13792	13946	C	0	0	2	0	0	False	False	1
13834	13988	G	1	0	0	0	0	True	False	1
14000	14154	G	0	0	0	2300	0	False	False	2
14010	14164	G	11	0	0	0	0	False	True	1
14077	14231	C	0	0	0	16	0	False	True	1
14099	14253	G	1	0	0	0	0	True	False	1
14336	14490	G	4	0	0	0	0	True	False	1
14497	14651	T	0	2	0	0	0	False	False	1
14590	14744	G	1	0	0	0	0	False	True	1
14640	14794	G	2	0	0	0	0	True	False	1
14655	14809	C	0	0	0	1	0	True	False	1
14796	14950	C	0	0	0	2	0	True	False	1
14943	15097	C	0	0	0	1	0	True	False	1
15004	15158	C	0	0	0	3	0	True	False	1
15027	15181	C	0	0	0	1	0	True	False	1
15029	15183	G	1	0	0	0	0	True	False	1
15036	15190	G	2	0	0	0	0	True	False	1
15057	15211	C	0	0	0	2	0	True	False	1
15168	15323	C	0	0	0	2	0	True	False	2
15207	15362	C	0	0	0	1	0	False	True	1
15311	15466	C	0	0	0	1	0	True	False	1
15351	15506	C	0	0	0	1	0	True	False	1
15420	15575	C	0	0	0	1	0	True	False	1
15428	15583	G	2301	0	0	0	0	True	False	1
15437	15592	G	1	0	0	0	0	True	False	1
15562	15717	C	0	0	0	2	0	True	False	1
15699	15854	G	1	0	0	0	0	True	False	1
15729	15884	G	1	0	0	0	0	True	False	1
15735	15890	C	0	0	0	2	0	True	False	1
15780	15935	G	2	0	0	0	0	True	False	1
15876	16031	G	1	0	0	0	0	True	False	1
15902	16057	T	0	0	1	0	0	False	False	1
15903	16058	G	0	0	0	1	0	False	False	1
15921	16076	C	0	0	0	1	0	True	False	1
15969	16124	C	0	0	0	2	0	True	False	1
16033	16188	G	1	0	0	0	0	True	False	1
16060	16215	C	0	0	0	1	0	False	True	1
16062	16217	C	0	0	0	1	0	True	False	1
16084	16239	C	0	0	0	1	0	True	False	1
16110	16265	G	6	0	0	0	0	True	False	1
16209	16364	C	0	0	0	2	0	True	False	2
16213	16368	G	3	0	0	0	0	True	False	2
16220	16375	G	2	0	0	0	0	True	False	1
16327	16482	C	0	0	0	3	0	True	False	1
16333	16488	G	1	0	0	0	0	True	False	1
16398	16553	C	0	0	0	1	0	False	True	1
16403	16558	G	0	0	0	1	0	False	False	1
16578	16733	G	2	0	0	0	0	True	False	1
16606	16761	C	0	0	0	1	0	True	False	1
16616	16774	C	0	0	0	1	4	True	False	1
16619	16777	C	0	0	0	1	0	True	False	1
16633	16791	C	0	0	0	9	0	False	True	2
16748	16906	G	17	0	0	0	6	True	False	1
16767	16925	G	17	0	0	0	0	True	False	1
16956	17114	G	5	0	0	0	0	True	False	1
16976	17135	C	0	0	0	8	0	True	False	2
16986	17145	G	3	0	0	0	0	True	False	2
17027	17186	C	0	0	0	1	0	True	False	1
17029	17188	G	7	0	0	0	0	True	False	1
17048	17207	C	0	0	0	13	0	True	False	1
17183	17342	G	1	0	0	0	0	True	False	1
17196	17355	C	0	0	0	5	0	False	True	1
17421	17580	C	0	0	0	1	0	True	False	1
17437	17596	C	0	0	0	1	0	True	False	1
17449	17608	G	1	0	0	0	0	True	False	1
17463	17622	G	3	0	0	0	0	True	False	2
17551	17710	G	1	0	0	0	0	True	False	1
17614	17773	C	1	0	0	0	0	False	False	1
17862	18021	C	0	0	0	1	0	True	False	1
17993	18152	A	0	0	0	1	0	False	False	1
17998	18157	C	0	0	0	2	0	True	False	1
18133	18292	C	0	0	0	3	0	True	False	3
18442	18601	G	2	0	0	0	0	True	False	2
18530	18689	G	1	0	0	0	0	True	False	1
18627	18786	C	0	0	0	1	0	True	False	1
18629	18788	C	0	0	1	0	0	False	False	1
18634	18793	C	0	0	0	1	0	True	False	1
18769	18928	A	0	0	2301	0	0	False	False	1
18908	19067	C	0	0	0	2	0	True	False	1
18918	19077	C	0	0	0	1	0	False	True	1
19070	19229	C	0	0	0	1	0	True	False	1
19116	19275	G	1	0	0	0	0	True	False	1
19182	19341	C	0	0	0	2	0	True	False	1
19196	19355	C	0	0	0	1	0	True	False	1
19370	19529	C	1	0	0	0	0	False	False	1
19391	19550	C	0	0	0	1	0	True	False	1
19458	19617	G	25	0	0	0	0	True	False	1
19580	19739	C	0	0	0	1	0	True	False	1
19605	19764	C	0	0	0	1	0	True	False	1
19642	19801	G	1	0	0	0	0	False	True	1
19834	19993	G	2	0	0	0	0	True	False	1
19912	20071	C	0	0	0	1	0	True	False	1
20145	20304	G	4	0	0	0	0	True	False	1
20186	20345	G	1	0	0	0	0	True	False	1
20224	20383	G	2	0	0	0	0	True	False	2
20228	20387	C	1	0	0	0	0	False	False	1
20232	20391	C	0	0	0	1	0	True	False	1
20453	20612	C	0	0	0	301	0	True	False	1
20576	20735	G	2	0	0	0	0	True	False	2
20581	20740	C	0	0	0	2	0	True	False	1
20636	20795	C	0	0	0	1	0	True	False	1
20669	20828	G	2	0	0	0	0	True	False	1
20729	20888	A	0	4	0	0	0	False	False	1
20818	20977	C	0	0	0	2	0	True	False	2
20866	21025	C	0	0	0	7	0	True	False	1
20942	21101	G	1	0	0	0	0	True	False	1
20992	21151	C	0	0	0	17	0	True	False	3
21054	21213	G	1	0	0	0	0	True	False	1
21060	21219	G	1	0	0	0	0	False	True	1
21062	21221	C	0	0	0	251	0	True	False	1
21128	21287	C	0	0	0	1	0	True	False	1
21179	21338	T	0	0	1	0	0	False	False	1
21215	21374	T	0	1	0	0	0	False	False	1
21250	21409	G	1	0	0	0	0	True	False	1
21309	21468	C	0	0	0	3	0	True	False	1
21394	21553	G	38	0	0	0	0	True	False	1
21398	21557	C	0	0	0	2	0	True	False	1
21469	21628	G	1	0	0	0	0	False	True	1
21488	21647	C	0	0	0	19	0	True	False	2
21548	21707	C	0	0	0	2	0	True	False	1
21655	21814	G	6	0	0	0	0	True	False	3
21723	21882	G	2301	0	0	0	0	True	False	1
21833	21992	C	0	0	0	1	0	True	False	1
21841	22000	G	3	0	0	0	0	True	False	2
21853	22012	C	0	0	0	3	0	True	False	1
21890	22049	G	1	0	0	0	0	True	False	1
21896	22055	C	0	0	0	3	0	True	False	2
21898	22057	G	1	0	0	0	0	True	False	1
21977	22136	T	0	0	1	0	0	False	False	1
21998	22157	C	0	0	0	2	0	True	False	1
22039	22198	G	4	0	0	0	0	True	False	2
22167	22326	C	0	0	0	221	0	False	True	3
22179	22338	C	0	0	0	6	0	True	False	3
22189	22348	C	0	0	0	4	0	True	False	1
22207	22366	G	1	0	0	0	0	True	False	1
22231	22390	C	1	0	0	0	0	False	False	1
22339	22498	C	0	0	0	1	0	True	False	1
22424	22583	C	0	0	0	4	0	True	False	3
22452	22611	A	0	0	0	1	0	False	False	1
22538	22697	C	0	0	0	1	0	True	False	1
22559	22718	C	0	0	0	1	0	True	False	1
22739	22898	C	0	0	0	40	0	True	False	3
22740	22899	C	0	0	0	10	0	False	True	1
22821	22980	A	0	0	0	2	0	False	False	1
22822	22981	T	0	0	2	0	0	False	False	1
22830	22989	C	0	0	2	0	0	False	False	1
22831	22990	T	0	0	2	0	0	False	False	1
22880	23039	C	0	0	0	2	0	True	False	2
22904	23063	C	0	0	0	2	0	True	False	1
22957	23116	T	0	3	0	0	0	False	False	2
22958	23117	T	0	0	1	0	0	False	False	1
22960	23119	G	0	1	0	0	0	False	False	1
22971	23130	G	1	0	0	0	0	True	False	1
22982	23141	C	0	0	0	3	0	True	False	1
23100	23259	G	2	0	0	0	0	False	True	1
23105	23264	C	0	0	0	1	0	True	False	1
23110	23269	G	1	0	0	0	0	True	False	1
23118	23277	G	5	0	0	0	0	True	False	4
23127	23286	G	2	0	0	0	0	True	False	2
23177	23336	G	2	0	0	0	0	True	False	1
23288	23447	G	1	0	0	0	0	True	False	1
23329	23488	C	0	0	0	1	0	True	False	1
23345	23504	C	0	0	0	1	0	True	False	1
23353	23512	C	0	0	0	2	0	True	False	2
23356	23515	C	0	0	0	1	0	True	False	1
23359	23518	G	13	0	0	0	0	True	False	1
23401	23560	C	0	0	0	1	0	True	False	1
23457	23616	G	4	0	0	0	0	True	False	2
23462	23621	G	2	0	0	0	0	True	False	1
23528	23687	G	1	0	0	0	0	True	False	1
23564	23723	C	0	0	0	2301	0	True	False	1
23567	23726	C	0	0	0	14	0	False	True	1
23579	23738	G	5	0	0	0	0	True	False	1
23671	23830	C	0	0	0	60	0	True	False	1
23759	23918	C	0	0	0	28	0	True	False	2
23845	24004	C	0	0	0	3	0	True	False	1
23873	24032	G	4	0	0	0	0	True	False	1
24115	24274	C	1	0	0	0	0	False	False	1
24205	24364	G	4	0	0	0	0	True	False	1
24208	24367	C	0	0	0	1	0	True	False	1
24218	24377	G	5	0	0	0	0	True	False	1
24231	24390	C	0	0	0	3	0	True	False	1
24238	24397	C	0	0	0	1	0	False	True	1
24242	24401	A	0	0	2	0	0	False	False	2
24282	24441	C	0	0	0	2	0	True	False	1
24451	24610	G	3	0	0	0	0	True	False	1
24471	24630	G	2	0	0	0	0	True	False	1
24584	24743	C	0	0	0	10	0	True	False	1
24622	24781	G	13	0	0	0	0	True	False	4
24645	24804	G	1	0	0	0	0	True	False	1
24668	24827	G	1	0	0	0	0	True	False	1
24723	24882	G	2	0	0	0	0	True	False	1
24818	24977	C	0	0	0	3	0	True	False	1
24824	24983	C	0	0	0	2	0	True	False	2
24883	25042	G	0	1	0	0	0	False	False	1
24912	25071	G	1	0	0	0	0	False	True	1
24929	25088	C	0	0	0	1	0	True	False	1
24995	25154	C	0	0	0	3	0	True	False	1
25030	25189	G	1	0	0	0	0	True	False	1
25072	25231	C	0	0	0	1	0	True	False	1
25098	25257	G	8	0	0	0	0	True	False	2
25102	25261	C	0	0	0	3	0	True	False	2
25153	25312	A	0	0	0	2	0	False	False	1
25204	25363	G	2	0	0	0	0	False	True	1
25213	25372	G	44	0	0	0	0	True	False	2
25254	25413	C	0	0	0	3	0	True	False	1
25460	25619	G	0	1	0	0	0	False	False	1
25539	25698	C	0	0	0	3	0	True	False	1
25595	25754	A	0	0	0	1	1	False	False	1
25596	25755	G	1	0	0	0	1	False	True	1
25598	25757	T	0	1	0	0	1	False	False	1
25611	25770	C	0	0	0	2	2	True	False	2
25644	25803	C	0	0	0	140	0	True	False	9
25661	25820	G	2301	0	0	0	0	True	False	1
25768	25927	C	0	0	0	2	0	True	False	2
25782	25941	C	0	0	0	1	0	True	False	1
25865	26024	C	0	0	0	9	0	True	False	1
25882	26041	C	0	0	0	2	0	True	False	1
25962	26121	G	1	0	0	0	0	True	False	1
25967	26126	C	0	0	0	7	0	True	False	2
25987	26146	C	0	0	0	1	0	True	False	1
26002	26161	G	2	0	0	0	0	True	False	1
26111	26270	C	0	0	0	3	0	False	True	1
26136	26295	G	1	0	0	0	0	True	False	1
26148	26307	G	0	0	0	1	0	False	False	1
26185	26344	C	0	0	0	2	0	True	False	1
26253	26412	C	0	0	0	1	0	True	False	1
26270	26429	C	0	0	0	2	0	True	False	1
26317	26476	C	0	0	0	4	0	True	False	2
26352	26511	G	1	0	0	0	0	False	True	1
26631	26790	G	3	0	0	0	0	False	True	1
26734	26893	C	0	0	0	108	0	True	False	1
26807	26966	G	20	0	0	0	0	False	True	2
26824	26983	C	0	0	0	3	0	True	False	2
26855	27014	G	35	0	0	0	0	True	False	2
26927	27086	C	0	0	0	1	0	True	False	1
27171	27330	G	1	0	0	0	0	True	False	1
27187	27346	C	0	0	0	3	0	True	False	1
27260	27419	G	1	0	0	0	0	True	False	1
27308	27467	G	11	0	0	0	0	True	False	4
27421	27580	C	0	0	0	1	0	True	False	1
27537	27696	C	0	0	0	3	0	True	False	2
27548	27707	G	1	0	0	0	0	False	True	1
27562	27721	G	0	0	0	1	0	False	False	1
27565	27724	G	1	0	0	0	0	True	False	1
27621	27780	G	7	0	0	0	0	True	False	3
27826	27985	C	0	0	0	54	0	True	False	1
27840	27999	G	4	0	0	0	0	True	False	2
28021	28180	G	1	0	0	0	0	True	False	1
28096	28255	G	2	0	0	0	0	True	False	1
28142	28301	G	17	0	0	0	0	True	False	1
28175	28334	T	0	2301	0	0	0	False	False	1
28330	28489	G	1	0	0	0	0	True	False	1
28334	28493	G	1	0	0	0	0	True	False	1
28361	28520	G	1	0	0	0	0	True	False	1
28507	28666	C	0	0	0	1	0	True	False	1
28677	28837	C	0	0	0	46	0	True	False	1
28702	28862	C	0	0	0	1	0	False	True	1
28706	28866	G	2	0	0	0	0	False	True	2
28758	28918	G	1	0	0	0	0	True	False	1
28805	28965	C	0	0	0	1	0	True	False	1
28808	28968	C	0	0	0	1	0	True	False	1
28887	29047	C	0	0	0	5	0	True	False	2
29040	29200	C	0	0	0	1	0	True	False	1
29199	29359	C	0	0	0	5	0	True	False	1
29229	29389	C	0	0	0	7	0	True	False	1
29255	29415	G	2	0	0	0	0	True	False	1
29348	29508	C	0	0	0	1	0	True	False	1
29436	29596	G	1	0	0	0	0	True	False	1
29641	29801	G	1	0	0	0	0	True	False	1
29650	29810	G	5	0	0	0	0	False	True	1
29712	29872	G	1	0	0	0	0	True	False	1
29734	29894	T	0	0	1	0	0	False	False	1
29739	29899	A	0	1	0	0	0	False	False	1
29759	29919	C	0	0	0	1	0	True	False	1
29763	29923	C	0	0	0	76	0	True	False	11
29768	29928	A	0	3	0	0	0	False	False	3
29769	29929	T	0	67	0	0	0	False	False	14
29866	30026	G	1	0	0	0	0	True	False	1
29872	30032	T	0	0	2	0	0	False	False	2
29878	30038	A	0	2	0	0	0	False	False	2
29887	30047	C	0	0	4	4	0	True	False	7
29990	30150	C	0	0	0	1	0	False	True	1
30003	30163	G	1	0	0	0	0	True	False	1
30015	30175	T	0	0	1	0	0	False	False	1
30128	30288	G	0	0	0	2	0	False	False	1
30137	30297	C	0	0	0	14	0	True	False	4
30147	30307	G	1	0	0	0	0	True	False	1
30171	30331	C	0	0	0	1	0	False	True	1
30256	30416	G	1	0	0	0	0	False	True	1
30269	30429	C	0	0	0	4	0	True	False	1
30283	30443	C	0	0	0	1	0	True	False	1
30285	30445	G	2	0	0	0	0	True	False	2
30367	30527	G	2301	0	0	0	0	True	False	1
30390	30550	G	1	0	0	0	0	True	False	1
30417	30577	C	0	0	0	2	0	True	False	1
30608	30768	C	0	0	0	1	0	True	False	1
30613	30773	C	0	0	0	7	0	True	False	3
30669	30829	C	0	0	0	15	0	True	False	2
30817	30977	G	1	0	0	0	0	True	False	1
30987	31147	C	0	0	0	1	0	True	False	1
31006	31166	C	0	0	0	83	0	True	False	4
31053	31213	G	2301	0	0	0	0	True	False	1
31189	31349	C	0	0	0	3	0	True	False	1
31508	31668	G	7	0	0	0	0	False	True	3
31520	31680	C	0	0	0	1	0	True	False	1
31570	31730	G	10	0	0	0	0	True	False	1
31574	31734	C	1	0	0	0	0	False	False	1
31714	31874	C	0	0	0	4	0	False	True	2
31747	31907	C	0	0	0	2	0	True	False	1
31907	32067	C	0	0	0	186	0	True	False	1
31917	32077	G	1	0	0	0	0	False	True	1
32099	32259	G	1	0	0	0	0	True	False	1
32107	32267	G	1	0	0	0	0	True	False	1
32211	32371	C	0	0	0	1	0	False	True	1
32321	32481	C	0	0	0	3	0	True	False	3
32344	32504	C	0	0	0	1	0	True	False	1
32449	32609	C	0	0	0	2	0	True	False	1
32534	32694	C	0	0	0	3	0	True	False	1
32588	32748	C	0	0	0	1	0	False	True	1
32627	32787	C	0	0	0	1	0	True	False	1
32640	32800	T	0	0	1	0	0	False	False	1
32715	32875	G	2	0	0	0	0	True	False	1
32761	32921	C	0	0	0	2	0	True	False	1
32790	32950	C	0	0	0	1	0	True	False	1
32909	33069	C	0	0	0	1	0	True	False	1
33082	33242	C	0	0	0	2	0	True	False	2
33103	33263	C	0	0	0	1	0	True	False	1
33160	33320	G	1	0	0	0	0	False	True	1
33220	33380	G	1	0	0	0	0	True	False	1
33274	33434	G	2	0	0	0	0	False	True	1
33332	33492	C	0	0	0	9	0	True	False	1
33416	33576	T	0	1	0	0	0	False	False	1
33539	33699	G	1	0	0	0	0	False	True	1
33550	33710	G	1	0	0	0	0	True	False	1
33655	33815	G	2	0	0	0	0	True	False	1
33713	33873	A	0	0	1	0	0	False	False	1
33863	34023	C	0	0	0	1	0	True	False	1
33938	34098	G	1	0	0	0	0	True	False	1
33954	34114	T	0	0	1	0	0	False	False	1
34097	34257	T	0	0	1	0	0	False	False	1
34260	34420	G	1	0	0	0	0	True	False	1
34277	34437	C	0	0	0	44	0	True	False	1
34289	34449	A	0	0	1	0	0	False	False	1
34303	34463	G	3	0	0	0	0	True	False	1
34308	34468	G	15	0	0	0	0	True	False	2
34315	34475	C	0	0	0	3	0	True	False	2
34357	34517	C	0	0	0	1	0	True	False	1
34432	34592	C	0	0	0	2	0	True	False	1
34459	34619	G	2301	0	0	0	0	True	False	1
34542	34702	C	0	0	0	1	0	True	False	1
34784	34944	C	0	0	0	4	0	True	False	1
34793	34953	T	0	1	0	0	0	False	False	1
34830	34990	G	4	0	0	0	0	True	False	1
34905	35065	T	11	0	0	0	0	False	False	1
34948	35108	G	1	0	0	0	0	False	True	1
34979	35139	C	0	0	0	1	0	False	True	1
35080	35240	G	1	0	0	0	0	False	True	1
35132	35292	G	19	0	0	0	0	True	False	1
35139	35299	C	0	0	0	1	0	True	False	1
35201	35361	C	0	0	0	1	0	True	False	1
35216	35376	C	0	0	0	1	0	True	False	1
35219	35379	C	0	0	0	2	0	False	True	1
35402	35562	C	0	0	0	1	0	True	False	1
35472	35632	C	0	0	0	60	0	True	False	1
35559	35719	G	2	0	0	0	0	True	False	1
35969	36129	C	0	0	0	2	0	True	False	2
36071	36231	C	0	0	0	1	0	True	False	1
36150	36310	G	2	0	0	0	0	True	False	1
36184	36344	A	0	0	2	0	0	False	False	2
36251	36411	G	4	0	0	0	0	True	False	1
36259	36419	G	8	0	0	0	0	True	False	2
36267	36427	C	0	0	0	2	0	True	False	1
36390	36550	C	0	0	0	3	0	True	False	1
36396	36556	G	1	0	0	0	0	True	False	1
36405	36565	C	0	0	0	8	0	False	True	2
36431	36591	G	1	0	0	0	0	True	False	1
36438	36598	C	0	0	0	1	0	True	False	1
36593	36753	G	1	0	0	0	0	True	False	1
36617	36777	G	5	0	0	0	0	True	False	1
36620	36780	A	0	2	0	0	0	False	False	1
36659	36819	G	3	0	0	0	0	False	True	1
36699	36859	C	0	0	0	1	0	True	False	1
36729	36889	C	0	0	0	1	0	True	False	1
36756	36916	C	0	0	0	1	0	True	False	1
36780	36940	C	0	0	0	5	0	True	False	3
36817	36977	G	16	0	0	0	0	True	False	3
36834	36994	C	0	0	0	1	0	True	False	1
36963	37123	G	1	0	0	0	0	True	False	1
37017	37177	G	1	0	0	0	0	False	True	1
37022	37182	G	2	0	0	0	0	True	False	1
37058	37218	G	1	0	0	0	0	True	False	1
37202	37362	G	2301	0	0	0	0	True	False	1
37209	37369	G	1	0	0	0	0	True	False	1
37250	37410	G	1	0	0	0	0	True	False	1
37283	37443	G	1	0	0	0	0	True	False	1
37290	37450	G	1	0	0	0	0	True	False	1
37487	37647	G	4	0	0	0	0	True	False	4
37586	37746	G	248	0	0	0	0	True	False	1
37691	37851	G	2	0	0	0	0	False	True	1
37720	37880	C	0	0	0	1	0	True	False	1
37738	37898	C	0	0	0	3	0	True	False	1
37848	38008	G	1	0	0	0	0	True	False	1
37900	38060	C	1	0	0	0	0	False	False	1
37974	38134	G	9	0	0	0	0	True	False	1
38095	38255	C	0	0	0	2	0	True	False	1
38226	38386	T	1	0	0	0	0	False	False	1
38360	38520	G	2301	0	0	0	0	True	False	1
38400	38560	C	0	0	0	1	0	True	False	1
38438	38598	G	1	0	0	0	0	True	False	1
38476	38636	C	0	0	0	1	0	True	False	1
38483	38643	C	0	0	0	1	0	True	False	1
38547	38707	G	2	0	0	0	0	True	False	1
38641	38801	C	0	0	0	1	0	True	False	1
38662	38822	C	0	0	0	2301	0	True	False	1
38718	38878	C	0	0	0	1	0	True	False	1
38773	38933	G	2	0	0	0	0	True	False	1
38937	39097	C	0	0	0	17	0	True	False	2
38980	39140	C	0	0	0	2	0	True	False	1
39044	39204	C	0	0	0	2	0	True	False	1
39081	39242	A	0	0	0	1	0	False	False	1
39119	39280	C	0	0	0	2301	0	True	False	1
39139	39300	C	0	0	0	2301	0	True	False	1
39176	39337	G	1	0	0	0	0	True	False	1
39206	39367	G	3	0	0	0	0	True	False	1
39242	39403	G	4	0	0	0	0	True	False	1
39308	39469	C	0	0	1	0	0	False	False	1
39327	39488	G	6	0	0	0	0	False	True	4
39334	39495	C	0	0	6	0	0	False	False	2
39358	39519	C	1	0	0	0	0	False	False	1
39380	39541	G	8	0	0	0	0	True	False	2
39390	39551	C	0	0	0	1	0	True	False	1
39469	39630	G	0	9	0	0	0	False	False	3
39515	39676	G	2	0	0	0	0	True	False	1
39626	39787	G	7	0	0	0	0	False	True	3
39676	39837	T	0	0	1	0	0	False	False	1
39842	40003	G	2	0	0	0	0	True	False	1
39898	40061	C	0	0	0	7	0	True	False	1
39910	40073	T	0	0	1	0	0	False	False	1
39935	40098	C	0	0	0	2	0	True	False	1
40025	40188	C	0	0	0	2	0	True	False	1
40153	40316	G	1	0	0	0	0	False	True	1
40174	40337	G	1	0	0	0	0	False	True	1
40231	40394	C	0	0	0	1	0	True	False	1
40275	40438	C	0	0	0	1	0	True	False	1
40281	40444	C	0	0	0	2	0	True	False	1
40299	40462	C	0	0	0	1	0	True	False	1
40367	40530	T	0	1	0	0	0	False	False	1
40375	40538	G	2	0	0	0	0	True	False	1
40405	40568	C	0	0	0	1	0	True	False	1
40424	40587	C	0	0	0	2	0	True	False	2
40586	40749	G	1	0	0	0	0	True	False	1
40610	40773	G	2	0	0	0	0	True	False	1
40616	40779	G	1	0	0	0	0	True	False	1
40625	40788	G	1	0	0	0	0	True	False	1
40648	40811	C	0	0	0	1	0	True	False	1
40770	40933	G	1	0	0	0	0	True	False	1
40784	40947	C	0	0	0	3	0	True	False	2
40825	40988	G	2	0	0	0	0	True	False	1
40827	40990	T	0	1	0	0	0	False	False	1
40862	41025	C	0	0	0	2	0	True	False	1
40863	41026	G	1	0	0	0	0	True	False	1
40874	41037	A	0	0	1	0	0	False	False	1
40937	41100	C	0	0	0	1	0	False	True	1
40953	41116	G	5	0	0	0	0	True	False	1
40980	41143	C	0	0	0	1	0	True	False	1
41128	41291	C	0	0	0	1	0	True	False	1
41183	41346	T	0	0	1	0	0	False	False	1
41222	41385	C	0	0	0	2	0	True	False	2
41336	41499	G	4	0	0	0	0	True	False	4
41351	41514	G	2	0	0	0	0	False	True	1
41498	41661	A	0	2	0	0	0	False	False	1
41557	41720	G	2	0	0	0	0	True	False	1
41578	41741	G	1	0	0	0	0	True	False	1
41689	41852	C	0	0	0	2	0	False	True	1
41750	41913	G	3	0	0	0	0	True	False	2
42016	42179	C	0	0	0	3	0	True	False	3
42281	42444	T	1	0	0	0	0	False	False	1
42394	42557	G	1	0	0	0	0	True	False	1
42399	42562	C	0	0	0	2	0	True	False	1
42504	42667	G	14	0	0	0	0	True	False	1
42554	42717	A	0	0	1	0	0	False	False	1
42608	42771	G	1	0	0	0	0	True	False	1
42617	42780	G	1	0	0	0	0	True	False	1
42782	42945	C	0	0	0	1	0	True	False	1
42797	42960	G	1	0	0	0	0	True	False	1
42852	43015	C	0	0	0	1	0	False	True	1
42936	43099	G	1	0	0	0	0	True	False	1
43043	43206	C	0	0	0	1	0	True	False	1
43068	43231	C	0	0	0	1	0	True	False	1
43194	43357	G	2	0	0	0	0	True	False	1
43310	43473	T	0	0	1	0	0	False	False	1
43480	43643	G	1	0	0	0	0	True	False	1
43528	43691	G	7	0	0	0	0	True	False	3
43692	43855	G	1	0	0	0	0	True	False	1
43706	43869	C	0	0	0	2	0	True	False	1
43764	43927	G	1	0	0	0	0	True	False	1
43803	43966	C	0	0	0	2	0	True	False	1
43806	43969	G	5	0	0	0	0	True	False	1
43831	43994	C	0	0	0	1	0	True	False	1
43848	44011	C	0	0	6	0	0	False	False	3
43927	44090	C	0	0	0	3	0	True	False	1
44032	44195	C	0	0	0	23	0	True	False	1
44057	44220	C	0	0	0	1	0	False	True	1
44085	44248	G	1	0	0	0	0	True	False	1
44107	44270	G	1	0	0	0	0	True	False	1
44113	44276	C	0	0	0	1	0	True	False	1
44220	44383	C	0	0	0	3	0	True	False	2
44333	44496	C	0	0	0	1	0	True	False	1
44403	44566	G	1	0	0	0	0	True	False	1
44591	44754	T	1	0	0	0	0	False	False	1
44627	44790	C	0	0	0	1	0	True	False	1
44728	44891	C	0	0	0	1	0	True	False	1
44740	44903	C	0	0	0	1	0	True	False	1
44795	44958	C	0	0	0	1	0	True	False	1
44799	44962	T	0	1	0	0	0	False	False	1
44856	45019	G	0	0	0	6	0	False	False	2
44960	45123	G	1	0	0	0	0	True	False	1
45083	45246	C	0	0	0	3	0	True	False	3
45112	45275	C	0	0	0	1	0	True	False	1
45236	45399	G	2	0	0	0	0	True	False	1
45312	45475	G	1	0	0	0	0	True	False	1
45336	45499	C	0	0	0	1	0	True	False	1
45552	45715	G	1	0	0	0	0	True	False	1
45637	45800	C	0	0	0	1	0	False	True	1
45693	45856	G	1	0	0	0	0	True	False	1
45715	45878	G	1	0	0	0	0	True	False	1
45734	45897	G	2	0	0	0	0	True	False	2
45781	45944	G	5	0	0	0	0	True	False	3
45817	45980	C	0	0	0	1	0	True	False	1
46023	46186	C	0	0	0	1	0	True	False	1
46325	46488	G	1	0	0	0	0	False	True	1
46402	46565	G	4	0	0	0	0	True	False	1
46562	46725	G	1	0	0	0	0	True	False	1
46708	46871	C	0	0	0	2	0	True	False	1
46827	46990	G	2	0	0	0	0	False	True	1
46892	47055	T	1	0	0	0	0	False	False	1
46893	47056	T	1	0	0	0	0	False	False	1
47060	47223	G	2	0	0	0	0	True	False	2
47283	47446	G	15	0	0	0	0	True	False	1
47426	47589	C	1	0	0	0	0	False	False	1
47532	47695	G	1	0	0	0	0	True	False	1
47537	47700	C	0	0	0	3	0	True	False	2
47600	47763	G	9	0	0	0	0	True	False	2
47820	47983	C	0	0	0	2	0	True	False	1
47867	48030	C	0	0	0	1	0	True	False	1
47902	48065	G	1	0	0	0	0	True	False	1
48024	48187	G	1	0	0	0	0	True	False	1
48045	48208	G	2	0	0	0	0	True	False	1
48090	48253	C	0	0	0	1	0	True	False	1
48317	48480	C	0	0	0	2	0	True	False	1
48522	48685	G	4	0	0	0	0	True	False	1
48561	48724	G	1	0	0	0	0	True	False	1
48582	48745	G	1	0	0	0	0	True	False	1
48645	48808	G	1	0	0	0	0	True	False	1
48657	48820	G	1	0	0	0	0	True	False	1
48723	48886	G	0	1	0	0	0	False	False	1
48758	48921	G	1	0	0	0	0	True	False	1
48792	48955	A	0	0	1	0	0	False	False	1
48793	48956	G	1	0	0	0	0	True	False	1
48887	49050	G	1	0	0	0	0	True	False	1
48949	49112	G	1	0	0	0	0	True	False	1
49257	49420	G	5	0	0	0	0	True	False	2
49265	49428	C	0	0	0	5	0	True	False	2
49308	49471	G	4	0	0	0	0	True	False	2
49483	49646	C	0	0	0	3	0	True	False	1
49551	49714	C	0	0	2	0	0	False	False	1
49553	49716	G	13	0	0	0	0	True	False	1
49623	49786	G	1	0	0	0	0	True	False	1
49677	49840	G	2	0	0	0	0	True	False	1
49694	49857	C	0	0	0	2	0	True	False	1
49771	49934	C	1	0	0	0	0	False	False	1
49778	49941	C	0	0	0	1	0	True	False	1
49809	49972	C	0	0	0	7	0	True	False	2
49815	49978	C	0	0	0	3	0	True	False	1
49824	49987	G	1	0	0	0	0	True	False	1
50034	50197	G	2	0	0	0	0	True	False	1
50110	50273	A	0	0	5	0	0	False	False	5
50112	50275	A	0	0	0	3	0	False	False	3
50113	50276	A	0	0	0	3	0	False	False	3
50114	50277	T	3	0	0	0	0	False	False	3
50115	50278	A	0	0	0	4	0	False	False	4
50116	50279	A	0	0	0	3	0	False	False	3
50118	50281	C	0	0	0	6	0	True	False	6
50121	50284	G	1	0	0	0	0	True	False	1
50158	50321	G	4	0	0	0	0	True	False	2
50208	50371	C	0	0	0	1	0	True	False	1
50253	50416	C	0	0	0	1	0	False	True	1
50267	50430	A	0	0	4	0	0	False	False	1
50352	50515	G	6	0	0	0	0	True	False	1
50372	50535	C	0	0	0	1	0	True	False	1
50469	50632	G	1	0	0	0	0	True	False	1
50534	50697	C	0	0	0	2	0	True	False	1
50572	50735	C	0	0	0	2	0	False	True	1
50617	50780	G	1	0	0	0	0	True	False	1
50672	50835	G	2	0	0	0	0	True	False	1
50713	50876	G	1	0	0	0	0	True	False	1
50722	50885	G	1	0	0	0	0	False	True	1
50861	51024	T	0	1	0	0	0	False	False	1
50938	51101	T	0	1	0	0	0	False	False	1
50982	51145	G	2	0	0	0	0	True	False	1
51031	51194	T	0	0	1	0	0	False	False	1
51066	51229	C	0	0	0	1	0	True	False	1
51218	51381	G	2	0	0	0	0	True	False	1
51378	51541	G	8	0	0	0	0	True	False	3
51495	51658	G	2	0	0	0	0	True	False	1
51559	51722	G	113	0	0	0	0	True	False	3
51777	51940	C	0	0	0	1	0	True	False	1
51885	52048	C	0	0	0	1	0	True	False	1
51975	52138	C	0	0	0	2	0	True	False	2
51997	52160	C	0	0	0	2	0	False	True	1
51998	52161	G	4	0	0	0	0	True	False	2
52045	52208	C	0	0	0	2	0	True	False	1
52108	52271	C	0	0	0	7	0	True	False	1
52225	52388	A	0	0	1	0	0	False	False	1
52231	52394	C	0	0	0	1	0	False	True	1
52232	52395	G	16	0	0	0	0	True	False	1
52407	52570	G	1	0	0	0	0	True	False	1
52429	52592	C	0	0	0	1	0	True	False	1
52532	52695	C	0	0	0	1	0	True	False	1
52542	52705	C	0	0	0	1	0	True	False	1
52621	52784	C	0	0	0	1	0	True	False	1
52762	52925	G	3	0	0	0	0	True	False	1
52885	53048	G	2300	0	0	0	0	True	False	2
52956	53119	C	0	0	0	1	0	True	False	1
53144	53307	G	1	0	0	0	0	True	False	1
53198	53361	C	0	0	0	1	0	True	False	1
53326	53489	G	310	0	0	0	0	True	False	2
53342	53505	C	0	0	0	2	0	True	False	2
53351	53514	C	0	0	0	2	0	True	False	1
53441	53604	G	2	0	0	0	0	True	False	1
53452	53615	G	1	0	0	0	0	True	False	1
53484	53647	G	1	0	0	0	0	True	False	1
53548	53711	G	1	0	0	0	0	True	False	1
53707	53870	C	0	0	0	1	0	False	True	1
53773	53936	C	0	0	0	6	0	True	False	1
53787	53950	C	0	0	0	5	0	True	False	2
53926	54089	G	5	0	0	0	0	True	False	1
53992	54155	G	2	0	0	0	0	True	False	1
53995	54158	A	0	0	1	0	0	False	False	1
54004	54167	T	0	1	0	0	0	False	False	1
54012	54175	C	0	0	0	1	0	True	False	1
54117	54280	G	2301	0	0	0	0	True	False	1
54154	54317	C	0	0	0	1	0	True	False	1
54169	54332	C	0	0	0	1	0	True	False	1
54234	54397	C	0	0	0	1	0	True	False	1
54248	54411	C	0	0	0	25	0	True	False	1
54262	54425	C	0	0	0	2	0	True	False	1
54268	54431	C	0	0	0	1	0	True	False	1
54365	54528	C	0	0	0	12	0	True	False	2
54583	54746	C	0	0	0	1	0	True	False	1
54625	54788	C	0	0	0	1	0	True	False	1
54635	54798	G	2301	0	0	0	0	True	False	1
54664	54827	G	1	0	0	0	0	True	False	1
54828	54991	C	0	0	0	27	0	True	False	1
54854	55017	G	1	0	0	0	0	True	False	1
54922	55085	C	0	0	0	1	0	True	False	1
55015	55178	G	4	0	0	0	0	True	False	1
55059	55222	G	1	0	0	0	0	True	False	1
55133	55296	G	506	0	0	0	0	True	False	3
55229	55392	A	0	0	1	0	0	False	False	1
55338	55501	G	1	0	0	0	0	False	True	1
55555	55718	A	0	32	0	0	0	False	False	9
55559	55722	T	0	32	0	0	0	False	False	7
55575	55738	G	0	0	0	36	0	False	False	7
55579	55742	A	0	0	38	0	0	False	False	6
55582	55745	A	0	0	43	0	0	False	False	8
55585	55748	A	0	0	40	0	0	False	False	7
55639	55802	C	0	0	0	1	0	True	False	1
55659	55822	C	0	0	0	2	0	True	False	1
55672	55835	C	0	0	0	1	0	False	True	1
55817	55980	G	11	0	0	0	0	True	False	1
55859	56022	C	0	0	0	1	0	False	True	1
55993	56156	G	1	0	0	0	0	True	False	1
56204	56367	C	0	0	0	1	0	True	False	1
56205	56368	G	1	0	0	0	0	False	True	1
56276	56439	G	1	0	0	0	0	True	False	1
56411	56574	C	0	0	0	2	0	True	False	1
56588	56751	G	1	0	0	0	0	True	False	1
56600	56763	C	0	0	0	6	0	True	False	1
56673	56836	G	3	0	0	0	0	True	False	1
56745	56908	G	2	0	0	0	0	True	False	1
56913	57076	G	2	0	0	0	0	True	False	2
56958	57121	G	1	0	0	0	0	True	False	1
56960	57123	G	248	0	0	0	0	True	False	1
56966	57129	C	0	0	0	24	0	True	False	2
56968	57131	G	1	0	0	0	0	True	False	1
57076	57239	G	3	0	0	0	0	True	False	2
57088	57251	G	1	0	0	0	0	True	False	1
57110	57273	C	0	0	0	1	0	True	False	1
57129	57292	G	2	0	0	0	0	False	True	2
57137	57300	G	3	0	0	0	0	True	False	1
57173	57336	C	0	0	0	9	0	True	False	2
57210	57373	C	0	0	0	8	0	True	False	1
57256	57419	A	0	0	1	0	0	False	False	1
57360	57523	C	0	0	0	9	0	True	False	3
57414	57577	C	1	0	0	0	0	False	False	1
57492	57655	C	0	0	0	4	0	True	False	2
57550	57713	C	0	0	0	2	0	True	False	2
57625	57788	G	1	0	0	0	0	True	False	1
57650	57813	C	0	0	0	1	0	True	False	1
57661	57824	G	4	0	0	0	0	True	False	1
57761	57924	C	0	0	0	1	0	True	False	1
57786	57949	G	1	0	0	0	0	True	False	1
57857	58020	C	0	0	0	1	0	True	False	1
57897	58060	C	0	0	0	1	0	True	False	1
58136	58299	G	2	0	0	0	0	True	False	2
58137	58300	A	0	0	2	0	0	False	False	2
58239	58402	G	3	0	0	0	0	True	False	1
58301	58464	C	0	0	0	1	0	True	False	1
58468	58631	G	0	0	0	6	0	False	False	1
58482	58645	G	2	0	0	0	0	True	False	1
58506	58669	G	2	0	0	0	0	True	False	1
58518	58681	G	3	0	0	0	0	True	False	1
58631	58794	G	1	0	0	0	0	True	False	1
58641	58804	T	1	0	0	0	0	False	False	1
58950	59113	G	3	0	0	0	0	True	False	1
58992	59155	G	1	0	0	0	0	True	False	1
59039	59202	C	0	0	0	2	0	False	True	1
59112	59275	G	1	0	0	0	0	True	False	1
59122	59285	G	1	0	0	0	0	True	False	1
59218	59381	G	4	0	0	0	0	True	False	3
59282	59445	G	1	0	0	0	0	True	False	1
59308	59471	G	1	0	0	0	0	False	True	1
59350	59513	T	1	0	0	0	0	False	False	1
59564	59727	C	0	0	0	2	0	True	False	1
59569	59732	G	1	0	0	0	0	True	False	1
59679	59842	C	0	0	0	209	0	True	False	1
59862	60025	C	0	0	0	1	0	True	False	1
59992	60155	C	0	0	0	1	0	True	False	1
60057	60220	G	1	0	0	0	0	True	False	1
60179	60342	C	0	0	0	4	0	True	False	1
60256	60419	C	0	0	0	4	0	True	False	2
60378	60541	C	0	0	0	1	0	True	False	1
60730	60893	G	1	0	0	0	0	False	True	1
60828	60991	C	0	0	0	1	0	True	False	1
60857	61020	C	1	0	0	0	0	False	False	1
60946	61109	C	0	0	0	1	0	True	False	1
60986	61149	C	0	0	0	3	0	True	False	1
61041	61204	T	0	1	0	0	0	False	False	1
61083	61246	G	1	0	0	0	0	True	False	1
61102	61265	G	5	0	0	0	0	True	False	1
61199	61362	G	1	0	0	0	0	True	False	1
61229	61392	C	1	0	0	0	0	False	False	1
61253	61416	G	7	0	0	0	0	True	False	2
61329	61492	G	5	0	0	0	0	False	True	1
61435	61598	T	1	0	0	0	0	False	False	1
61548	61711	C	0	0	0	2	0	True	False	1
61603	61766	C	0	0	0	1	0	True	False	1
61713	61876	G	1	0	0	0	0	True	False	1
61740	61903	T	0	0	1	0	0	False	False	1
61758	61921	G	2	0	0	0	0	False	True	1
61922	62085	G	2	0	0	0	0	True	False	1
61974	62137	A	0	0	1	0	0	False	False	1
62115	62279	G	1	0	0	0	0	True	False	1
62664	62828	G	2	0	0	0	0	True	False	1
62673	62837	C	0	0	0	1	0	True	False	1
62853	63017	C	0	0	0	1	0	False	True	1
62952	63116	G	2	0	0	0	0	True	False	1
62980	63144	G	1	0	0	0	0	True	False	1
63088	63252	G	3	0	0	0	0	True	False	1
63108	63272	A	0	0	0	1	0	False	False	1
63143	63307	C	0	0	0	1	0	True	False	1
63147	63311	G	13	0	0	0	0	True	False	5
63240	63404	C	0	0	0	1	0	True	False	1
63561	63725	C	0	0	0	1	0	True	False	1
63811	63975	G	2	0	0	0	0	True	False	1
63861	64025	G	1	0	0	0	0	True	False	1
63865	64029	C	0	0	0	1	0	True	False	1
63879	64043	C	0	0	0	3	0	True	False	2
63916	64080	G	2	0	0	0	0	True	False	1
64054	64218	T	0	1	0	0	0	False	False	1
64132	64296	C	0	0	0	1	0	True	False	1
64161	64325	C	0	0	0	1	0	True	False	1
64240	64404	C	0	0	0	15	0	True	False	1
64259	64423	T	0	0	1	0	0	False	False	1
64297	64461	G	2301	0	0	0	0	True	False	1
64426	64590	C	0	0	0	505	0	True	False	3
64467	64631	C	0	0	0	2	0	True	False	1
64486	64650	C	0	0	0	4	0	True	False	1
64500	64664	C	0	0	0	1	0	True	False	1
64522	64686	G	8	0	0	0	0	True	False	1
64802	64966	C	0	0	0	11	0	True	False	5
64916	65080	T	0	0	1	0	0	False	False	1
64965	65129	G	16	0	0	0	0	False	True	3
65178	65342	T	0	1	0	0	0	False	False	1
65209	65373	T	0	0	1	0	0	False	False	1
65554	65718	C	0	0	0	1	0	True	False	1
65571	65735	C	0	0	0	3	0	True	False	1
65844	66008	G	60	0	0	0	0	True	False	2
65895	66059	G	1	0	0	0	0	True	False	1
66027	66191	G	1	0	0	0	0	True	False	1
66187	66351	G	1	0	0	0	0	True	False	1
66249	66413	C	0	0	0	3	0	True	False	1
66253	66417	C	0	0	0	1	0	True	False	1
66403	66567	C	0	0	0	1	0	True	False	1
66647	66811	C	0	0	0	7	0	True	False	1
66718	66882	C	0	0	0	1	0	True	False	1
66878	67042	C	0	0	0	1	0	True	False	1
66963	67127	C	0	0	0	1	0	True	False	1
66975	67139	C	0	0	0	2	0	False	True	1
66978	67142	C	0	0	0	4	0	True	False	1
67015	67179	C	0	0	0	1	0	True	False	1
67117	67281	G	1	0	0	0	0	True	False	1
67191	67355	C	0	0	0	1	0	True	False	1
67229	67393	C	0	0	0	1	0	True	False	1
67261	67425	G	2	0	0	0	0	True	False	1
67289	67453	C	0	0	0	9	0	True	False	2
67426	67590	T	1	0	0	0	0	False	False	1
67430	67594	T	0	1	0	0	0	False	False	1
67439	67603	C	0	0	0	1	0	True	False	1
67451	67615	C	1	0	0	0	0	False	False	1
67452	67616	A	0	0	1	0	0	False	False	1
67461	67625	T	0	0	1	0	0	False	False	1
67476	67640	G	0	0	0	1	0	False	False	1
67527	67691	G	8	0	0	0	0	True	False	1
67611	67775	G	2	0	0	0	0	False	True	1
67625	67789	C	0	0	0	1	0	True	False	1
67659	67823	C	0	0	0	1	0	True	False	1
67674	67838	G	1	0	0	0	0	False	True	1
67902	68066	C	1	0	0	0	0	False	False	1
67946	68110	T	1	0	0	0	0	False	False	1
67955	68119	G	2	0	0	0	0	True	False	1
68016	68180	C	0	0	0	1	0	True	False	1
68066	68230	C	0	0	0	2	0	False	True	1
68146	68310	G	0	0	0	1	0	False	False	1
68147	68311	T	1	0	0	0	0	False	False	1
68149	68313	A	0	0	2	0	0	False	False	2
68218	68382	C	0	0	0	4	0	True	False	3
68286	68450	G	2	0	0	0	0	True	False	1
68347	68511	G	1	0	0	0	0	True	False	1
68489	68653	G	1	0	0	0	0	True	False	1
68507	68671	G	2	0	0	0	0	True	False	1
68675	68839	C	0	0	0	4	0	True	False	1
68772	68936	G	0	1	0	0	0	False	False	1
68792	68956	C	0	0	0	2	0	True	False	1
68968	69132	G	1	0	0	0	0	True	False	1
68971	69135	G	4	0	0	0	0	True	False	1
68981	69145	C	0	0	0	1	0	True	False	1
69037	69201	G	1	0	0	0	0	True	False	1
69081	69246	G	3	0	0	0	0	True	False	2
69197	69362	G	1	0	0	0	0	True	False	1
69198	69363	A	0	0	1	0	0	False	False	1
69220	69385	G	1	0	0	0	0	True	False	1
69249	69414	G	1	0	0	0	0	True	False	1
69290	69455	C	0	0	0	1	0	True	False	1
69494	69659	C	0	0	0	1	0	True	False	1
69560	69725	C	0	0	0	19	0	False	True	2
69678	69843	G	1	0	0	0	0	True	False	1
69799	69964	G	1	0	0	0	0	False	True	1
69801	69966	C	2	0	0	0	0	False	False	1
69840	70005	G	8	0	0	0	0	True	False	4
69852	70017	T	0	1	0	0	0	False	False	1
69888	70053	C	0	0	0	1	0	True	False	1
69988	70153	C	0	0	0	1	0	True	False	1
70089	70254	G	2	0	0	0	0	True	False	1
70190	70355	G	5	0	0	0	0	True	False	3
70209	70374	G	2	0	0	0	0	True	False	1
70330	70495	C	0	0	0	3	0	True	False	1
70414	70579	C	0	0	0	19	0	True	False	1
70476	70641	C	0	0	0	10	0	True	False	3
70477	70642	T	0	7	0	0	0	False	False	2
70666	70831	C	0	0	0	19	0	True	False	1
70667	70832	G	1	0	0	0	0	True	False	1
70678	70843	C	0	0	0	1	0	True	False	1
70707	70872	G	4	0	0	0	0	True	False	1
70775	70940	G	10	0	0	0	0	True	False	3
70780	70945	C	0	0	0	26	0	True	False	5
70878	71043	G	1	0	0	0	0	False	True	1
70956	71121	C	0	0	0	9	0	True	False	1
70994	71159	G	1	0	0	0	0	True	False	1
71016	71181	C	0	0	0	2	0	True	False	2
71170	71335	G	1	0	0	0	0	True	False	1
71193	71358	C	0	0	0	2	0	True	False	1
71258	71423	C	0	0	0	1	0	True	False	1
71465	71630	G	2	0	0	0	0	True	False	1
71536	71701	G	1	0	0	0	0	True	False	1
71712	71877	G	1	0	0	0	0	True	False	1
71728	71893	C	0	0	0	4	0	False	True	2
71777	71942	G	8	0	0	0	0	True	False	2
71796	71961	G	11	0	0	0	0	True	False	3
72067	72232	G	1	0	0	0	0	True	False	1
72069	72234	G	1	0	0	0	0	False	True	1
72077	72242	C	0	0	0	2	0	True	False	2
72097	72262	G	12	0	0	0	0	True	False	2
72215	72380	C	0	0	0	1	0	True	False	1
72280	72445	C	0	0	0	8	0	True	False	1
72362	72527	C	0	0	0	2301	0	True	False	1
72382	72547	G	4	0	0	0	0	True	False	1
72501	72666	A	0	0	0	1	0	False	False	1
72654	72819	T	0	0	1	0	0	False	False	1
72811	72976	G	1	0	0	0	0	True	False	1
72868	73033	G	1	0	0	0	0	True	False	1
72877	73042	C	0	0	0	1	0	True	False	1
72914	73079	C	0	0	0	1	0	True	False	1
73066	73231	C	0	0	0	2301	0	True	False	1
73097	73262	C	1	0	0	0	0	False	False	1
73164	73329	G	3	0	0	0	0	True	False	3
73204	73369	C	0	0	0	1	0	True	False	1
73239	73404	G	2301	0	0	0	0	True	False	1
73428	73593	C	0	0	0	1	0	True	False	1
73548	73713	G	1	0	0	0	0	True	False	1
73634	73799	C	0	0	0	1	0	True	False	1
73773	73938	G	2	0	0	0	0	True	False	1
73790	73955	G	1	0	0	0	0	True	False	1
73835	74000	C	1	0	0	0	0	False	False	1
73887	74052	C	0	0	0	1	0	False	True	1
73932	74097	T	1	0	1	0	0	False	False	2
73939	74104	G	2	0	0	0	0	True	False	1
73977	74142	C	0	0	0	4	0	True	False	1
74000	74165	C	0	0	0	1	0	True	False	1
74018	74183	C	0	0	0	248	0	True	False	1
74088	74253	G	1	0	0	0	0	True	False	1
74134	74299	C	0	0	2	0	0	False	False	1
74167	74332	G	4	0	0	0	0	True	False	1
74199	74364	C	0	0	0	1	0	True	False	1
74200	74365	G	2	0	0	0	0	True	False	1
74205	74370	G	2301	0	0	0	0	True	False	1
74252	74417	G	3	0	0	0	0	True	False	2
74276	74441	T	0	1	0	0	0	False	False	1
74360	74525	G	131	0	0	0	0	False	True	2
74374	74539	G	1	0	0	0	0	True	False	1
74417	74582	C	0	0	0	4	0	True	False	1
74462	74627	G	4	0	0	0	0	True	False	1
74526	74691	G	2	0	0	0	0	True	False	2
74668	74833	G	2	0	0	0	0	True	False	1
74691	74856	C	0	0	0	5	0	True	False	1
74733	74898	C	0	0	0	2	0	True	False	2
74955	75120	C	0	0	0	1	0	True	False	1
74959	75124	G	1	0	0	0	0	False	True	1
74980	75145	G	1	0	0	0	0	True	False	1
75090	75255	C	0	0	0	1	0	False	True	1
75127	75292	G	1	0	0	0	0	True	False	1
75138	75303	G	4	0	0	0	0	True	False	1
75168	75333	C	0	0	0	2	0	True	False	1
75169	75334	G	1	0	0	0	0	True	False	1
75264	75429	C	0	0	0	3	0	False	True	2
75332	75497	G	3	0	0	0	0	True	False	2
75519	75684	T	0	0	1	0	0	False	False	1
75565	75730	G	3	0	0	0	0	True	False	1
75580	75745	G	2	0	0	0	0	True	False	2
75671	75836	C	0	0	0	1	0	True	False	1
75699	75864	G	1	0	0	0	0	True	False	1
75814	75979	C	0	0	0	1	0	True	False	1
75860	76025	G	1	0	0	0	0	True	False	1
75981	76146	C	0	0	0	8	0	True	False	1
76021	76186	C	0	0	0	1	0	False	True	1
76093	76258	G	48	0	0	0	0	True	False	2
76178	76343	C	0	0	0	1	0	True	False	1
76207	76372	G	1	0	0	1	0	True	False	2
76334	76499	C	0	0	0	3	0	True	False	1
76605	76770	C	0	0	0	1	0	True	False	1
76616	76781	T	0	0	1	0	0	False	False	1
76791	76956	C	0	0	0	2	0	True	False	1
76820	76985	C	0	0	0	1	0	True	False	1
76828	76993	T	1	0	0	0	0	False	False	1
77052	77217	G	7	0	0	0	0	True	False	1
77076	77241	G	2	0	0	0	0	True	False	1
77253	77418	T	0	0	1	0	0	False	False	1
77309	77474	C	0	0	0	1	0	True	False	1
77368	77533	G	5	0	0	0	0	True	False	1
77383	77548	G	2301	0	0	0	0	True	False	1
77397	77562	C	0	0	0	1	0	True	False	1
77445	77610	G	209	0	0	0	0	True	False	1
77462	77627	C	0	0	0	6	0	True	False	2
77472	77637	G	1	0	0	0	0	True	False	1
77643	77808	G	1	0	0	0	0	True	False	1
77750	77915	G	0	1	0	0	0	False	False	1
77756	77921	T	1	0	0	0	0	False	False	1
77775	77940	C	0	0	0	1	0	True	False	1
77807	77972	G	1	0	0	0	0	True	False	1
77907	78072	G	1	0	0	0	0	True	False	1
77971	78136	G	0	1	0	0	0	False	False	1
77999	78164	G	1	0	0	0	0	True	False	1
78232	78397	C	0	0	0	2	0	True	False	1
78295	78460	C	0	0	0	7	0	True	False	1
78328	78493	G	1	0	0	0	0	True	False	1
78362	78527	C	0	0	0	2	0	True	False	1
78509	78674	G	82	0	0	0	0	True	False	3
78543	78708	G	1	0	0	0	0	True	False	1
78593	78758	G	1	0	0	0	0	True	False	1
78617	78782	T	0	0	1	0	0	False	False	1
78782	78947	C	0	0	0	208	0	False	True	1
78851	79016	G	12	0	0	0	0	True	False	1
78975	79140	G	2	0	0	0	0	True	False	1
79015	79180	C	0	0	0	1	0	True	False	1
79157	79322	G	1	0	0	0	0	True	False	1
79163	79328	G	1	0	0	0	0	False	True	1
79512	79677	G	2	0	0	0	0	True	False	1
79616	79781	T	1	0	0	0	0	False	False	1
79619	79784	C	1	0	0	0	0	False	False	1
79620	79785	C	0	0	0	1	0	False	True	1
79654	79819	C	0	0	0	1	0	True	False	1
79764	79929	C	0	0	0	9	0	True	False	2
80067	80232	C	0	0	0	1	0	True	False	1
80099	80264	G	4	0	0	0	0	True	False	1
80447	80612	C	0	0	0	1	0	True	False	1
80522	80687	G	4	0	0	0	0	True	False	2
80545	80710	C	0	0	0	4	0	True	False	1
80569	80734	G	4	0	0	0	0	True	False	1
80587	80752	T	0	1	0	0	0	False	False	1
80719	80884	C	0	0	0	1	0	False	True	1
80755	80920	A	0	1	0	0	0	False	False	1
80770	80935	C	0	0	0	1	0	True	False	1
80820	80985	G	25	0	0	0	0	True	False	1
80874	81039	C	0	0	0	13	0	False	True	3
81015	81180	G	0	0	0	1	0	False	False	1
81156	81321	C	0	0	0	1	0	True	False	1
81194	81359	C	0	0	0	5	0	True	False	2
81200	81365	T	0	1	0	0	0	False	False	1
81209	81374	A	0	0	1	0	0	False	False	1
81275	81440	G	2301	0	0	0	0	True	False	1
81364	81529	C	0	0	0	4	0	True	False	1
81418	81583	C	0	0	0	1	0	True	False	1
81511	81676	C	0	0	0	2	0	True	False	1
81578	81743	C	0	0	0	1	0	True	False	1
81581	81746	C	0	0	0	38	0	True	False	1
81645	81810	G	1	0	0	0	0	True	False	1
81833	81998	T	0	1	0	0	0	False	False	1
81870	82035	G	7	0	0	0	0	True	False	1
81977	82142	A	0	0	2301	0	0	False	False	1
82307	82472	C	0	0	0	2	0	True	False	1
82317	82482	G	1	0	0	0	0	True	False	1
82331	82496	C	0	0	0	1	0	True	False	1
82373	82538	C	0	0	0	2301	0	True	False	1
82405	82570	A	0	1	0	0	0	False	False	1
82406	82571	A	0	0	0	1	0	False	False	1
82407	82572	A	0	0	4	0	0	False	False	3
82451	82616	G	2301	0	0	0	0	True	False	1
82557	82722	G	6	0	0	0	0	True	False	1
82565	82730	G	1	0	0	0	0	True	False	1
82577	82742	G	1	0	0	0	0	True	False	1
82619	82784	C	0	0	0	1	0	True	False	1
82676	82841	C	0	0	0	6	0	True	False	1
82853	83018	G	7	0	0	0	0	True	False	2
82863	83028	G	1	0	0	0	0	True	False	1
83097	83262	G	1	0	0	0	0	True	False	1
83108	83273	C	0	0	0	1	0	True	False	1
83111	83276	G	1	0	0	0	0	True	False	1
83247	83412	G	27	0	0	0	0	True	False	1
83326	83491	C	0	0	0	2301	0	True	False	1
83496	83661	C	0	0	0	1	0	True	False	1
83505	83670	G	2	0	0	0	0	False	True	1
83660	83825	C	0	0	0	1	0	True	False	1
83832	83997	G	1	0	0	0	0	True	False	1
83873	84038	C	0	0	0	1	0	True	False	1
83918	84083	A	0	0	1	0	0	False	False	1
84026	84191	G	1	0	0	0	0	True	False	1
84063	84228	C	0	0	0	1	0	True	False	1
84206	84371	C	0	0	0	4	0	True	False	1
84209	84374	G	1	0	0	0	0	True	False	1
84233	84398	C	0	0	0	5	0	True	False	1
84302	84467	C	0	0	0	2	0	True	False	1
84347	84512	C	0	0	0	27	0	True	False	1
84442	84607	C	0	0	0	1	0	True	False	1
84534	84699	G	1	0	0	0	0	True	False	1
84548	84713	C	0	0	0	1	0	True	False	1
84587	84752	C	0	0	0	2301	0	True	False	1
84734	84899	C	0	0	0	2	0	True	False	2
84767	84932	C	0	0	0	1	0	True	False	1
84894	85059	G	1	0	0	0	0	True	False	1
84943	85108	C	0	0	0	1	0	True	False	1
84956	85121	C	0	0	0	2	0	True	False	1
84975	85140	G	1	0	0	0	0	True	False	1
85322	85487	C	0	0	0	8	0	True	False	2
85356	85521	G	2	0	0	0	0	True	False	2
85440	85605	C	0	0	0	4	0	True	False	2
85515	85680	G	1	0	0	0	0	True	False	1
85581	85746	G	1	0	0	0	0	False	True	1
85649	85814	C	0	0	0	1	0	True	False	1
85691	85856	G	1	0	0	0	0	True	False	1
85774	85939	G	3	0	0	0	0	True	False	1
85779	85944	C	0	0	0	3	0	True	False	2
85874	86039	G	1	0	0	0	0	False	True	1
85924	86089	C	0	0	0	1	0	False	True	1
86006	86171	G	1	0	0	0	0	True	False	1
86083	86248	T	0	1	0	0	0	False	False	1
86151	86316	G	3	0	0	0	0	True	False	1
86278	86443	C	0	0	0	1	0	True	False	1
86313	86478	G	1	0	0	0	0	True	False	1
86336	86501	G	1	0	0	0	0	True	False	1
86342	86507	C	0	0	0	13	0	True	False	3
86391	86556	C	0	0	0	1	0	True	False	1
86431	86596	G	1	0	0	0	0	True	False	1
86462	86627	C	0	0	0	1	0	True	False	1
86516	86681	C	0	0	0	1	0	True	False	1
86567	86732	C	0	0	0	1	0	True	False	1
86604	86769	C	0	0	0	1	0	True	False	1
86640	86805	C	0	0	0	1	0	True	False	1
86720	86885	C	0	0	0	2	0	True	False	1
87004	87169	G	1	0	0	0	0	True	False	1
87017	87182	C	0	0	0	1	0	True	False	1
87110	87275	C	0	0	0	3	0	True	False	1
87141	87306	C	0	0	0	1	0	True	False	1
87230	87395	G	2301	0	0	0	0	True	False	1
87268	87433	A	0	0	5	0	0	False	False	1
87297	87462	G	2301	0	0	0	0	True	False	1
87315	87480	G	1	0	0	0	0	True	False	1
87357	87522	G	1	0	0	0	0	True	False	1
87411	87576	G	5	0	0	0	0	True	False	5
87441	87606	G	1	0	0	0	0	True	False	1
87643	87808	G	2	0	0	0	0	True	False	1
87702	87867	C	0	0	0	2	0	True	False	2
87705	87870	A	0	0	1	0	0	False	False	1
87755	87920	C	0	0	0	1	0	True	False	1
87817	87982	C	0	0	0	2	0	True	False	1
87873	88038	G	2	0	0	0	0	False	True	1
87906	88071	C	0	0	0	1	0	True	False	1
87978	88143	C	0	0	0	1	0	True	False	1
88049	88214	A	0	0	0	2	0	False	False	1
88081	88246	G	1	0	0	0	0	True	False	1
88290	88455	G	2	0	0	0	0	True	False	1
88313	88478	C	0	0	0	1	0	True	False	1
88394	88559	C	0	0	0	2	0	True	False	1
88489	88654	C	0	0	0	1	0	True	False	1
88520	88685	C	0	0	0	1	0	True	False	1
88535	88700	C	2	0	0	1	0	True	False	2
88542	88707	C	0	0	0	4	0	True	False	1
88562	88727	G	1	0	0	0	0	False	True	1
88565	88730	C	0	0	0	1	0	True	False	1
88578	88743	G	1	0	0	0	0	True	False	1
88616	88781	G	55	0	0	0	0	True	False	2
88623	88788	G	0	1	0	0	0	False	False	1
88644	88809	C	3	0	0	0	0	False	False	1
88678	88843	G	2	0	0	0	0	True	False	2
88726	88891	C	0	0	0	1	0	True	False	1
88757	88922	C	0	0	0	2	0	True	False	1
88854	89019	G	2	0	0	0	0	True	False	1
89030	89195	C	0	0	0	6	0	False	True	1
89077	89242	C	0	0	0	5	0	True	False	1
89252	89417	T	0	2	0	0	0	False	False	1
89261	89426	C	0	0	0	1	0	True	False	1
89305	89470	G	1	0	0	0	0	True	False	1
89327	89492	C	0	0	0	1	0	False	True	1
89328	89493	G	4	0	0	0	0	True	False	3
89608	89773	G	1	0	0	0	0	True	False	1
89638	89803	T	0	1	0	0	0	False	False	1
89643	89808	A	0	1	0	0	0	False	False	1
89813	89978	C	0	0	0	1	0	False	True	1
89906	90071	C	0	0	0	16	0	True	False	1
89921	90086	C	0	0	0	1	0	True	False	1
89983	90148	G	1	0	0	0	0	False	True	1
90070	90235	G	1	0	0	0	0	True	False	1
90076	90241	A	0	0	1	0	0	False	False	1
90078	90243	C	0	0	0	1	0	True	False	1
90079	90244	G	1	0	0	0	0	False	True	1
90177	90342	G	1	0	0	0	0	True	False	1
90673	90838	C	0	0	0	1	0	True	False	1
90781	90946	G	2	0	0	0	0	True	False	1
90838	91003	G	2	0	0	0	0	True	False	1
90881	91046	G	2	0	0	0	0	True	False	1
90917	91082	G	1	0	0	0	0	True	False	1
90945	91110	C	0	0	0	6	0	True	False	3
91031	91196	T	0	1	0	0	0	False	False	1
91250	91415	G	1	0	0	0	0	True	False	1
91376	91541	G	5	0	0	0	0	True	False	1
91607	91772	C	0	0	0	2	0	True	False	2
91617	91782	G	2	0	0	0	0	True	False	2
91728	91893	G	2301	0	0	0	0	True	False	1
91811	91976	G	1	0	0	0	0	True	False	1
91952	92117	C	0	0	0	1	0	True	False	1
92048	92213	G	7	0	0	0	0	True	False	1
92070	92235	C	0	0	0	1	0	True	False	1
92093	92258	G	4	0	0	0	0	True	False	1
92109	92274	G	1	0	0	0	0	True	False	1
92135	92300	G	2	0	0	0	0	True	False	1
92205	92370	G	1	0	0	0	0	True	False	1
92234	92399	T	0	2	0	0	0	False	False	1
92366	92531	G	1	0	0	0	0	True	False	1
92375	92540	C	0	0	0	2	0	True	False	1
92382	92547	C	0	0	0	44	0	True	False	1
92595	92760	C	0	0	0	3	0	True	False	1
92603	92768	G	1	0	0	0	0	True	False	1
92654	92819	G	4	0	0	0	0	True	False	1
92672	92837	C	0	0	0	2	0	True	False	1
92718	92883	G	1	0	0	0	0	True	False	1
92819	92984	C	0	0	0	2	0	True	False	1
93003	93168	G	0	0	0	1	0	False	False	1
93059	93224	G	0	0	0	1	0	False	False	1
93212	93377	C	0	0	0	1	0	True	False	1
93217	93382	A	0	0	4	0	0	False	False	1
93307	93472	G	2	0	0	0	0	True	False	1
93387	93552	G	1	0	0	0	0	True	False	1
93659	93824	C	0	0	0	8	0	False	True	2
93713	93878	C	0	0	0	1	0	True	False	1
93755	93920	C	0	0	0	1	0	True	False	1
93828	93993	G	16	0	0	0	0	True	False	4
93897	94062	G	7	0	0	0	0	True	False	2
93923	94088	G	2	0	0	0	0	True	False	2
94062	94227	G	60	0	0	0	0	True	False	1
94077	94242	C	0	0	0	2	0	True	False	1
94079	94244	T	1	0	0	0	0	False	False	1
94089	94254	G	1	0	0	0	0	False	True	1
94092	94257	G	1	0	0	0	0	True	False	1
94097	94262	C	0	0	0	2	0	True	False	1
94190	94355	A	0	0	96	0	0	False	False	2
94221	94386	G	146	0	0	0	0	True	False	2
94328	94493	G	2	0	0	0	0	True	False	1
94427	94592	C	0	0	0	5	0	True	False	1
94605	94770	T	0	0	1	0	0	False	False	1
94626	94791	G	2	0	0	0	0	True	False	1
94798	94963	G	20	0	0	0	0	True	False	4
94820	94985	C	0	0	0	2	0	False	True	1
94836	95001	C	0	0	0	1	0	False	True	1
94948	95113	G	1	0	0	0	0	True	False	1
95004	95169	C	0	0	0	5	0	True	False	2
95034	95199	G	2301	0	0	0	0	False	True	1
95099	95264	C	0	0	0	1	0	True	False	1
95242	95407	C	1	0	0	0	0	False	False	1
95278	95443	G	1	0	0	0	0	False	True	1
95418	95583	G	2	0	0	0	0	True	False	1
95871	96036	G	3	0	0	0	0	True	False	1
96110	96275	C	0	0	0	1	0	True	False	1
96158	96323	G	1	0	0	0	0	False	True	1
96193	96358	G	1	0	0	0	0	True	False	1
96243	96408	C	0	0	0	2	0	True	False	2
96280	96445	G	1	0	0	0	0	True	False	1
96358	96523	G	4	0	0	0	0	True	False	1
96440	96605	C	0	0	0	5	0	False	True	1
96498	96663	G	1	0	0	0	0	True	False	1
96532	96697	G	1	0	0	0	0	True	False	1
96559	96724	A	0	0	1	0	0	False	False	1
96649	96814	C	0	0	0	7	0	True	False	1
96784	96949	G	0	1	0	0	0	False	False	1
96818	96983	C	1	0	0	0	0	False	False	1
96827	96992	A	0	0	1	0	0	False	False	1
96844	97009	G	1	0	0	0	0	True	False	1
96870	97035	G	1	0	0	0	0	False	True	1
96938	97103	C	0	0	0	19	0	True	False	1
97043	97208	G	1	0	0	0	0	True	False	1
97153	97318	C	0	0	0	19	0	True	False	1
97206	97371	G	1	0	0	0	0	True	False	1
97337	97502	G	6	0	0	0	0	True	False	2
97342	97507	G	1	0	0	0	0	True	False	1
97390	97555	G	1	0	0	0	0	True	False	1
97608	97773	C	0	0	0	2	0	True	False	2
98110	98275	C	0	0	0	2	0	True	False	2
98122	98287	G	2	0	0	0	0	True	False	1
98161	98326	C	0	0	0	5	0	True	False	1
98233	98398	G	6	0	0	0	0	True	False	1
98242	98407	G	2	0	0	0	0	False	True	1
98256	98421	G	3	0	0	0	0	True	False	2
98271	98436	G	1	0	0	0	0	True	False	1
98382	98547	C	0	0	0	1	0	True	False	1
98401	98566	C	0	0	0	2	0	True	False	2
98435	98600	C	0	0	0	1	0	True	False	1
98455	98620	G	6	0	0	0	0	False	True	1
98456	98621	G	106	0	0	0	0	True	False	4
98712	98877	G	1	0	0	0	0	True	False	1
98742	98907	G	247	0	0	0	0	True	False	1
98862	99027	T	0	1	0	0	0	False	False	1
98926	99091	C	0	0	0	2	0	True	False	1
99166	99331	C	0	0	0	1	0	True	False	1
99309	99474	G	2	0	0	0	0	True	False	2
99366	99531	G	1	0	0	0	0	True	False	1
99390	99555	C	0	0	0	1	0	False	True	1
99441	99606	C	0	0	0	1	0	True	False	1
99831	99996	C	0	0	0	1	0	True	False	1
99832	99997	G	3	0	0	0	0	True	False	1
99875	100040	A	0	0	0	1	0	False	False	1
99878	100043	C	0	0	0	248	0	True	False	1
99885	100050	C	0	0	0	1	0	True	False	1
99954	100119	C	0	0	0	3	0	True	False	1
100007	100172	C	0	0	0	1	0	True	False	1
100023	100188	G	1	0	0	0	0	False	True	1
100182	100347	G	13	0	0	0	0	True	False	3
100261	100426	A	0	0	2301	0	0	False	False	1
100469	100634	G	1	0	0	0	0	True	False	1
100476	100641	G	2	0	0	0	0	False	True	1
100539	100704	G	1	0	0	0	0	True	False	1
100549	100714	A	0	1	0	0	0	False	False	1
100640	100805	C	0	0	0	10	0	True	False	6
100700	100865	C	0	0	0	1	0	True	False	1
100790	100955	C	0	0	0	2	0	True	False	1
100867	101032	C	0	0	0	5	0	True	False	3
100938	101103	C	0	0	0	1	0	True	False	1
101009	101174	C	0	0	0	1	0	True	False	1
101074	101239	C	0	0	0	4	0	True	False	1
101127	101292	G	1	0	0	0	0	True	False	1
101152	101317	G	9	0	0	0	0	True	False	3
101227	101392	G	1	0	0	0	0	True	False	1
101241	101406	G	256	0	0	0	0	True	False	2
101298	101463	C	0	0	0	54	0	True	False	1
101334	101499	C	0	0	0	1	0	True	False	1
101344	101509	G	1	0	0	0	0	True	False	1
101418	101583	C	0	0	0	10	0	True	False	2
101455	101620	C	0	0	0	2	0	True	False	1
101544	101709	A	0	0	1	0	0	False	False	1
101545	101710	T	1	0	0	0	0	False	False	1
101656	101821	C	0	0	0	5	0	True	False	3
101686	101851	C	0	0	0	2	0	True	False	1
101816	101981	G	1	0	0	0	0	True	False	1
101845	102010	C	0	0	0	3	0	True	False	1
101899	102064	C	0	0	0	5	0	False	True	1
101983	102148	C	0	0	0	3	0	True	False	3
102093	102258	C	0	0	0	1	0	True	False	1
102303	102468	G	26	0	0	0	0	True	False	1
102387	102552	G	1	0	0	0	0	True	False	1
102509	102674	G	5	0	0	0	0	True	False	1
102640	102805	C	0	0	0	6	0	True	False	1
102694	102859	G	309	0	0	0	0	True	False	6
102767	102932	G	1	0	0	0	0	False	True	1
102833	102998	G	2	0	0	0	0	True	False	1
102889	103054	C	0	0	0	1	0	True	False	1
102961	103126	C	0	0	0	1	0	True	False	1
103019	103184	C	0	0	0	1	0	True	False	1
103056	103221	C	0	0	0	2	0	True	False	1
103097	103262	G	1	0	0	0	0	True	False	1
103166	103331	G	1	0	0	0	0	True	False	1
103201	103366	C	0	0	0	1	0	True	False	1
103228	103393	G	248	0	0	0	0	False	True	1
103234	103399	C	0	0	0	2	0	True	False	2
103240	103405	G	1	0	0	0	0	True	False	1
103259	103424	G	1	0	0	0	0	False	True	1
103265	103430	T	0	0	1	0	0	False	False	1
103417	103582	C	0	0	0	29	0	True	False	3
103427	103592	C	0	0	0	4	0	True	False	3
103655	103820	C	0	0	0	2	0	True	False	1
103715	103880	G	1	0	0	0	0	True	False	1
103736	103901	G	2	0	0	0	0	False	True	1
103786	103951	C	0	0	0	3	0	True	False	3
103798	103963	C	0	0	0	2	0	True	False	2
103973	104138	G	1	0	0	0	0	True	False	1
104041	104206	C	0	0	0	1	0	True	False	1
104088	104253	C	0	0	0	1	0	True	False	1
104110	104275	T	0	1	0	0	0	False	False	1
104134	104299	C	0	0	0	3	0	False	True	1
104164	104329	C	0	0	0	1	0	True	False	1
104165	104330	A	0	1	0	0	0	False	False	1
104280	104445	G	3	0	0	0	0	True	False	1
104325	104490	G	2	0	0	0	0	False	True	1
104534	104699	C	0	0	0	1	0	True	False	1
104608	104773	C	0	0	0	1	0	True	False	1
104615	104780	G	1	0	0	0	0	True	False	1
104622	104787	G	1	0	0	0	0	True	False	1
104654	104819	G	1	0	0	0	0	True	False	1
104712	104877	C	0	0	0	1	0	True	False	1
105029	105194	G	2	0	0	0	0	False	True	1
105044	105209	G	7	0	0	0	0	True	False	2
105175	105340	G	1	0	0	0	0	True	False	1
105266	105431	C	0	0	0	1	0	True	False	1
105399	105564	C	0	0	0	2	0	True	False	1
105471	105636	G	4	0	0	0	0	True	False	1
105798	105963	C	0	0	0	14	0	True	False	3
105823	105988	C	0	0	0	2	0	True	False	1
105831	105996	C	0	0	0	11	0	True	False	1
105860	106025	G	5	0	0	0	0	True	False	1
105899	106065	C	0	0	0	1	0	True	False	1
105923	106089	G	457	0	0	0	0	True	False	2
106061	106227	G	0	0	0	1	0	False	False	1
106188	106354	C	0	0	0	1	0	True	False	1
106286	106452	C	1	0	0	0	0	False	False	1
106294	106460	G	1	0	0	0	0	True	False	1
106301	106467	G	1	0	0	0	0	True	False	1
106535	106701	C	0	0	0	13	0	True	False	3
106706	106872	C	0	0	0	2	0	True	False	1
106722	106888	C	0	0	0	1	0	True	False	1
106746	106912	C	0	0	0	1	0	True	False	1
106799	106965	C	0	0	0	1	0	False	True	1
106856	107022	C	0	0	0	1	0	True	False	1
107071	107237	G	2	0	0	0	0	True	False	1
107127	107293	T	0	1	0	0	0	False	False	1
107151	107317	G	1	0	0	0	0	True	False	1
107277	107443	C	0	0	0	1	0	True	False	1
107340	107506	A	0	0	27	0	0	False	False	1
107403	107569	G	1	0	0	0	0	True	False	1
107540	107706	G	0	1	0	0	0	False	False	1
107603	107769	G	1	0	0	0	0	False	True	1
107615	107781	C	0	0	0	1	0	True	False	1
107959	108125	C	0	0	0	1	0	True	False	1
108050	108216	G	1	0	0	0	0	True	False	1
108239	108405	G	1	0	0	0	0	True	False	1
108292	108458	C	0	0	0	1	0	True	False	1
108345	108511	C	0	0	0	1	0	True	False	1
108658	108824	C	0	0	0	1	0	True	False	1
108835	109001	C	0	0	0	1	0	True	False	1
108843	109009	C	0	0	0	2	0	True	False	1
109019	109185	G	0	0	0	1	0	False	False	1
109149	109315	G	1	0	0	0	0	True	False	1
109224	109390	T	0	1	0	0	0	False	False	1
109228	109394	T	0	0	2	0	0	False	False	2
109328	109494	C	0	0	0	1	0	True	False	1
109421	109587	C	0	0	0	1	0	True	False	1
109514	109680	G	1	0	0	0	0	True	False	1
109598	109764	C	0	0	0	12	0	True	False	1
109627	109793	C	9	0	0	0	0	False	False	8
109667	109833	C	0	0	0	1	0	True	False	1
109793	109959	G	1	0	0	0	0	True	False	1
109802	109968	C	0	0	0	4	0	True	False	1
109810	109976	C	0	0	0	1	0	True	False	1
109844	110010	G	5	0	0	0	0	True	False	2
109880	110046	G	1	0	0	0	0	True	False	1
110297	110463	C	0	0	0	5	0	True	False	2
110407	110573	G	1	0	0	0	0	True	False	1
110591	110757	G	1	0	0	0	0	True	False	1
110724	110890	G	1	0	0	0	0	True	False	1
110738	110904	G	1	0	0	0	0	True	False	1
110894	111060	A	0	0	1	0	0	False	False	1
111029	111195	G	155	0	0	0	0	True	False	5
111036	111202	T	1	0	0	0	0	False	False	1
111084	111250	G	11	0	0	0	0	True	False	2
111164	111330	C	0	0	0	1	0	True	False	1
111225	111391	G	1	0	0	0	0	False	True	1
111249	111415	T	0	0	7	0	0	False	False	1
111277	111443	G	1	0	0	0	0	False	True	1
111379	111545	G	3	0	0	0	0	True	False	2
111427	111593	G	3	0	0	0	0	True	False	2
111492	111658	C	0	0	0	42	0	True	False	4
111541	111707	G	2	0	0	0	0	True	False	2
111562	111728	G	11	0	0	0	0	True	False	1
111574	111740	G	1	0	0	0	0	True	False	1
111635	111801	G	1	0	0	0	0	True	False	1
111815	111981	C	0	0	0	1	0	True	False	1
111925	112091	C	0	0	0	1	0	False	True	1
111946	112112	G	1	0	0	0	0	True	False	1
111952	112118	G	1	0	0	0	0	True	False	1
111976	112142	G	5	0	0	0	0	True	False	1
112006	112172	G	1	0	0	0	0	True	False	1
112246	112412	G	3	0	0	0	0	True	False	3
112481	112647	G	4	0	0	0	0	False	True	1
112490	112656	C	0	0	0	2	0	True	False	1
112578	112745	C	0	0	0	1	0	True	False	1
112605	112772	G	1	0	0	0	0	True	False	1
112638	112805	C	0	0	0	3	0	False	True	1
112702	112869	C	1	0	0	0	0	False	False	1
112857	113024	C	0	0	0	2	0	True	False	2
112958	113125	C	0	0	0	2	0	True	False	1
113156	113323	C	0	0	0	1	0	True	False	1
113363	113530	C	0	0	0	1	0	True	False	1
113389	113556	C	0	0	0	1	0	False	True	1
113586	113753	G	1	0	0	0	0	True	False	1
113639	113806	C	0	0	0	1	0	True	False	1
113785	113952	G	11	0	0	0	0	True	False	3
113824	113991	C	0	0	0	1	0	True	False	1
113945	114112	C	0	0	0	2	0	True	False	1
113957	114124	C	0	0	0	247	0	True	False	1
114064	114231	C	0	0	0	1	0	True	False	1
114067	114234	C	0	0	0	1	0	True	False	1
114099	114266	C	0	0	0	2	0	True	False	1
114106	114273	G	1	0	0	0	0	True	False	1
114281	114448	C	0	0	0	1	0	False	True	1
114293	114460	C	0	0	0	1	0	True	False	1
114316	114483	G	3	0	0	0	0	True	False	2
114358	114525	G	1	0	0	0	0	True	False	1
114424	114591	A	0	0	0	2	0	False	False	1
114466	114633	C	0	0	0	142	0	True	False	1
114495	114662	C	0	0	0	1	0	True	False	1
114512	114679	G	1	0	0	0	0	True	False	1
114681	114848	T	0	1	0	0	0	False	False	1
114762	114929	G	5	0	0	0	0	True	False	1
114889	115056	C	1	0	0	0	0	False	False	1
114947	115114	C	0	0	0	248	0	True	False	1
114955	115122	C	0	0	0	13	0	True	False	1
115064	115231	G	1	0	0	0	0	False	True	1
115110	115277	C	0	0	0	1	0	True	False	1
115131	115298	C	1	0	0	0	0	False	False	1
115213	115380	C	0	0	0	1	0	True	False	1
115307	115474	G	1	0	0	0	0	True	False	1
115332	115499	G	1	0	0	0	0	True	False	1
115379	115546	C	0	0	0	1	0	True	False	1
115381	115548	G	0	1	0	0	0	False	False	1
115391	115558	G	16	0	0	0	0	True	False	3
115509	115676	A	0	1	0	0	0	False	False	1
115549	115716	G	1	0	0	0	0	False	True	1
115696	115863	T	0	0	1	0	0	False	False	1
115732	115899	G	1	0	0	0	0	True	False	1
115735	115902	G	2	0	0	0	0	True	False	2
115768	115935	G	1	0	0	0	0	True	False	1
115865	116032	G	1	0	0	0	0	True	False	1
115870	116037	C	0	0	0	1	0	True	False	1
115875	116042	C	0	0	0	8	0	True	False	1
115971	116138	C	0	0	0	2	0	True	False	1
115980	116147	C	0	0	0	1	0	True	False	1
116100	116267	C	0	0	0	3	0	True	False	1
116130	116297	G	16	0	0	0	0	True	False	2
116136	116303	C	0	0	0	1	0	True	False	1
116175	116342	C	0	0	0	18	0	True	False	4
116279	116446	G	0	1	0	0	0	False	False	1
116622	116789	G	0	1	0	0	0	False	False	1
116640	116807	G	1	0	0	0	0	True	False	1
116747	116914	C	0	0	0	1	0	True	False	1
116932	117099	C	0	0	0	154	0	False	True	2
117044	117211	A	0	0	0	2	0	False	False	1
117119	117286	C	0	0	0	1	0	True	False	1
117233	117400	G	1	0	0	0	0	True	False	1
117345	117512	G	2	0	0	0	0	True	False	1
117482	117649	G	0	0	0	1	0	False	False	1
117524	117691	G	9	0	0	0	0	True	False	1
117530	117697	G	1	0	0	0	0	False	True	1
117704	117871	C	0	0	0	1	0	True	False	1
117739	117906	C	0	0	0	6	0	True	False	1
117794	117961	C	0	0	0	1	0	True	False	1
117849	118016	G	1	0	0	0	0	True	False	1
117857	118024	C	0	0	0	3	0	True	False	2
117908	118075	G	1	0	0	0	0	True	False	1
117941	118108	G	47	0	0	0	0	True	False	1
117978	118145	C	0	0	0	1	0	True	False	1
118161	118328	C	0	0	0	4	0	True	False	1
118250	118417	C	0	0	0	2	0	True	False	2
118260	118427	G	1	0	0	0	0	True	False	1
118289	118456	G	251	0	0	0	0	True	False	3
118296	118463	C	0	0	0	1	0	True	False	1
118330	118497	C	0	0	0	2	0	True	False	1
118391	118558	G	16	0	0	0	0	True	False	4
118421	118588	C	0	0	0	3	0	True	False	2
118604	118771	C	0	0	0	1	0	True	False	1
118636	118803	G	2	0	0	0	0	False	True	1
118640	118807	G	10	0	0	0	0	True	False	2
118683	118850	C	0	0	0	3	0	True	False	1
118710	118877	G	3	0	0	0	0	True	False	2
118739	118906	G	1	0	0	0	0	True	False	1
118749	118916	C	0	0	0	8	0	True	False	2
118790	118957	G	2	0	0	0	0	True	False	1
118917	119084	A	0	4	0	0	0	False	False	1
119181	119348	T	0	1	0	0	0	False	False	1
119265	119432	G	8	0	0	0	0	True	False	1
119296	119463	C	0	0	0	2301	0	True	False	1
119307	119474	G	1	0	0	0	0	False	True	1
119424	119591	G	1	0	0	0	0	True	False	1
119527	119694	G	1	0	0	0	0	True	False	1
119560	119727	G	1	0	0	0	0	True	False	1
119773	119940	G	1	0	0	0	0	True	False	1
119800	119967	G	1	0	0	0	0	True	False	1
119838	120005	C	0	0	0	17	0	True	False	2
119921	120088	G	2	0	0	0	0	False	True	1
119968	120135	G	1	0	0	0	0	True	False	1
120238	120405	G	2	0	0	0	0	True	False	1
120241	120408	G	11	0	0	0	0	True	False	2
120384	120551	C	0	0	0	2	0	True	False	1
120425	120592	C	0	0	0	2	0	True	False	2
120436	120603	G	2	0	0	0	0	True	False	2
120577	120744	C	0	0	0	2	0	True	False	1
120612	120779	C	0	0	0	8	0	True	False	2
120671	120838	C	0	0	0	1	0	True	False	1
120747	120914	T	0	1	0	0	0	False	False	1
120806	120973	C	0	0	0	1	0	True	False	1
120903	121070	G	1	0	0	0	0	True	False	1
121045	121212	G	108	0	0	0	0	True	False	1
121104	121271	C	0	0	0	5	0	True	False	1
121291	121458	G	2	0	0	0	0	True	False	2
121320	121487	C	0	0	0	2301	0	False	True	1
121348	121515	C	0	0	0	1	0	True	False	1
121353	121520	G	3	0	0	0	0	True	False	2
121491	121658	C	0	0	0	2	0	True	False	1
121510	121677	G	2	0	0	0	0	True	False	1
121681	121848	C	0	0	0	1	0	True	False	1
121769	121936	C	0	0	0	1	0	True	False	1
121773	121940	G	10	0	0	0	0	True	False	2
121897	122064	G	0	0	0	2	0	False	False	1
121971	122138	G	1	0	0	0	0	True	False	1
122104	122271	C	0	0	0	1	0	True	False	1
122228	122395	G	10	0	0	0	0	True	False	1
122378	122545	G	0	1	0	0	0	False	False	1
122405	122572	G	2	0	0	0	0	False	True	1
122447	122614	C	0	0	0	1	0	True	False	1
122511	122678	C	0	0	0	1	0	True	False	1
122551	122718	G	0	0	0	44	0	False	False	1
122714	122881	G	1	0	0	0	0	True	False	1
122737	122904	C	0	0	0	1	0	True	False	1
122936	123103	C	0	0	0	12	0	True	False	1
123119	123286	G	3	0	0	0	0	True	False	1
123257	123424	C	0	0	0	1	0	True	False	1
123378	123545	C	0	0	0	1	0	False	True	1
123397	123564	C	0	0	0	4	0	False	True	2
123452	123619	C	0	0	0	5	0	True	False	1
123499	123666	G	1	0	0	0	0	True	False	1
123508	123675	T	1	0	0	0	0	False	False	1
123517	123684	T	0	0	1	0	0	False	False	1
123591	123758	G	1	0	0	0	0	False	True	1
123681	123848	C	0	0	0	1	0	True	False	1
123706	123873	C	0	0	0	1	0	False	True	1
123761	123928	T	2	0	0	0	0	False	False	1
123762	123929	T	0	0	2	0	0	False	False	1
123765	123932	G	4	0	0	0	0	True	False	1
123803	123970	C	0	0	0	1	0	True	False	1
123811	123978	A	0	0	4	0	0	False	False	1
124042	124209	C	0	0	0	1	0	True	False	1
124121	124288	C	0	0	0	2	0	True	False	1
124130	124297	G	2300	0	0	0	0	True	False	1
124376	124543	A	0	0	0	1	0	False	False	1
124465	124632	G	1	0	0	0	0	True	False	1
124472	124639	A	0	0	0	1	0	False	False	1
124495	124662	C	0	0	0	8	0	True	False	4
124558	124725	C	0	0	0	1	0	True	False	1
124674	124841	G	2301	0	0	0	0	True	False	1
124690	124857	T	0	4	0	0	0	False	False	2
124855	125026	G	0	0	0	5	0	False	False	1
124902	125073	C	0	0	0	3	0	True	False	2
125022	125193	G	1	0	0	0	0	True	False	1
125033	125204	G	1	0	0	0	0	True	False	1
125074	125245	C	0	0	0	2	0	True	False	1
125116	125287	G	1	0	0	0	0	True	False	1
125142	125313	C	0	0	0	1	0	True	False	1
125152	125323	C	0	0	0	1	0	True	False	1
125245	125416	C	0	0	0	11	0	True	False	3
125249	125420	G	2301	0	0	0	0	True	False	1
125263	125434	G	1	0	0	0	0	True	False	1
125275	125446	C	0	0	0	1	0	True	False	1
125311	125482	C	0	0	0	5	0	True	False	2
125313	125484	G	1	0	0	0	0	True	False	1
125412	125583	C	0	0	0	1	0	True	False	1
125452	125623	G	1	0	0	0	0	True	False	1
125614	125785	C	0	0	1	0	0	False	False	1
125660	125831	C	0	0	0	3	0	True	False	1
125702	125873	C	0	0	0	1	0	True	False	1
125815	125986	G	1	0	0	0	0	True	False	1
125865	126036	C	0	0	0	1	0	True	False	1
126072	126243	G	1	0	0	0	0	True	False	1
126104	126275	C	0	0	0	1	0	True	False	1
126169	126340	G	5	0	0	0	0	True	False	1
126202	126373	C	0	0	0	1	0	True	False	1
126310	126481	G	1	0	0	0	0	True	False	1
126454	126625	G	4	0	0	0	0	True	False	1
126636	126807	C	0	0	0	1	0	True	False	1
126707	126878	C	0	0	0	1	0	True	False	1
126709	126880	G	0	1	0	0	0	False	False	1
126761	126932	G	12	0	0	0	0	True	False	1
126860	127031	G	1	0	0	0	0	True	False	1
126919	127090	G	44	0	0	0	0	False	True	1
126991	127162	G	2	0	0	0	0	True	False	1
126994	127165	G	1	0	0	0	0	True	False	1
127206	127377	C	0	0	0	1	0	True	False	1
127215	127386	C	0	0	0	2	0	True	False	2
127260	127431	C	0	0	0	1	0	True	False	1
127308	127479	G	1	0	0	0	0	True	False	1
127376	127547	G	3	0	0	0	0	True	False	2
127389	127560	G	1	0	0	0	0	False	True	1
127415	127586	G	1	0	0	0	0	True	False	1
127474	127645	C	0	0	0	1	0	True	False	1
127506	127677	C	0	0	0	1	0	True	False	1
127530	127701	C	0	0	0	3	0	True	False	3
127540	127711	G	1	0	0	0	0	False	True	1
127617	127788	G	1	0	0	0	0	True	False	1
127628	127799	C	0	0	0	1	0	True	False	1
127805	127976	T	0	1	0	0	0	False	False	1
128432	128603	G	5	0	0	0	0	False	True	1
128604	128775	G	1	0	0	0	0	True	False	1
128640	128811	G	1	0	0	0	0	True	False	1
128663	128834	C	0	0	0	1	0	True	False	1
128698	128869	C	0	0	0	2301	0	True	False	1
128700	128871	T	0	2	0	0	0	False	False	1
128701	128872	T	0	0	2	0	0	False	False	1
128706	128877	C	0	0	2	0	0	False	False	1
128724	128895	C	0	0	0	1	0	True	False	1
128816	128987	G	1	0	0	0	0	True	False	1
128822	128993	A	0	0	1	0	0	False	False	1
129034	129207	G	0	0	0	1	0	False	False	1
129265	129438	C	0	0	0	1	0	True	False	1
129583	129756	G	3	0	0	0	0	True	False	1
129616	129789	C	0	0	0	1	0	True	False	1
129664	129837	C	0	0	0	1	0	True	False	1
129761	129934	G	2	0	0	0	0	True	False	2
129788	129961	G	2	0	0	0	0	True	False	1
129857	130030	C	0	0	0	1	0	False	True	1
130078	130251	C	0	0	0	2	0	True	False	1
130231	130404	G	1	0	0	0	0	True	False	1
130464	130637	G	2	0	0	0	0	True	False	1
130606	130779	C	0	0	0	2	0	True	False	2
130787	130960	G	2	0	0	0	0	True	False	1
131017	131190	C	0	0	0	1	0	True	False	1
131063	131236	C	0	0	0	1	0	True	False	1
131080	131253	G	2	0	0	0	0	True	False	1
131359	131532	C	0	0	0	2	0	True	False	1
131867	132040	G	16	0	0	0	0	True	False	1
131908	132081	C	0	0	0	1	0	True	False	1
131977	132150	G	146	0	0	0	0	True	False	1
132410	132583	C	0	0	0	2	0	True	False	1
132440	132613	C	0	0	0	3	0	True	False	2
132490	132663	G	2	0	0	0	1	True	False	1
132502	132675	C	0	0	0	23	1	True	False	2
132520	132693	C	0	0	0	21	0	True	False	2
132562	132735	C	0	0	0	1	0	False	True	1
132625	132798	G	3	0	0	0	0	True	False	1
132631	132804	G	2	0	0	0	0	False	True	1
132680	132853	C	0	0	0	2	0	True	False	1
132685	132858	G	2	0	0	0	0	True	False	1
132710	132883	G	3	0	0	0	0	True	False	2
132934	133107	C	0	0	0	6	0	True	False	4
132940	133113	C	0	0	0	3	0	True	False	2
133077	133250	C	0	0	0	9	0	True	False	5
133088	133277	T	0	1	0	0	89	False	False	1
133101	133312	T	0	22	0	0	4	False	False	13
133102	133313	T	0	3	0	0	58	False	False	1
133103	133314	C	0	0	0	87	65	True	False	30
133104	133320	G	1	0	0	42	0	True	False	27
133105	133321	A	0	0	0	22	0	False	False	16
133106	133322	A	0	0	0	21	0	False	False	13
133109	133325	C	0	0	0	2	0	True	False	2
133110	133326	A	0	0	0	3	0	False	False	3
133111	133327	C	0	0	0	1	0	False	True	1
133112	133328	G	0	0	0	1	0	False	False	1
133117	133333	A	0	1	0	0	0	False	False	1
133182	133398	C	0	0	0	1	1	True	False	1
133183	133399	T	0	1	0	0	0	False	False	1
133230	133446	C	0	0	0	2	0	True	False	1
133231	133447	G	3	0	0	0	0	True	False	3
133295	133511	C	0	0	0	1	0	True	False	1
133327	133543	G	1	0	0	0	0	True	False	1
133365	133581	G	13	0	0	0	0	True	False	2
133375	133591	C	0	0	0	1	0	True	False	1
133402	133618	C	0	0	0	9	0	True	False	2
133453	133669	C	0	0	0	14	0	True	False	4
133552	133768	G	2	0	0	0	0	True	False	1
133557	133773	C	0	0	0	8	0	True	False	1
133605	133821	G	1	0	0	0	0	True	False	1
133615	133831	G	1	0	0	0	0	True	False	1
133670	133886	C	0	0	0	4	0	True	False	2
133716	133932	C	0	0	0	3	0	True	False	2
133738	133954	T	0	1	0	0	0	False	False	1
133763	133979	G	10	0	0	0	0	True	False	1
133768	133984	C	0	0	0	1	0	True	False	1
133779	133995	G	1	0	0	0	0	False	True	1
133806	134022	G	2	0	0	0	0	True	False	1
133824	134040	C	1	0	0	1	0	True	False	2
133837	134053	T	0	1	0	0	0	False	False	1
133838	134054	G	3	0	0	0	0	True	False	2
133864	134080	C	0	0	0	1	0	True	False	1
133867	134083	C	0	0	0	2	0	True	False	1
133869	134085	G	1	0	0	0	0	True	False	1
133878	134094	C	0	0	0	1	0	True	False	1
134066	134282	C	0	0	0	3	0	True	False	2
134205	134421	C	0	0	0	1	0	True	False	1
134392	134608	G	1	0	0	0	0	True	False	1
134403	134619	G	3	0	0	0	0	True	False	3
134424	134640	C	0	0	0	1	0	True	False	1
134448	134664	C	0	0	0	7	0	True	False	1
134453	134669	C	0	0	0	4	0	True	False	3
134496	134712	C	0	0	0	3	0	True	False	2
134576	134792	C	0	0	0	21	0	True	False	3
134639	134855	G	1	0	0	0	0	True	False	1
134674	134890	G	1	0	0	0	0	True	False	1
134726	134942	G	2	0	0	0	0	True	False	2
134814	135030	C	0	0	0	2	0	True	False	1
134847	135063	C	0	0	0	1	0	True	False	1
134965	135181	C	0	0	0	1	0	False	True	1
135024	135240	C	0	0	0	1	0	True	False	1
135102	135318	C	0	0	0	1	0	False	True	1
135221	135437	G	3	0	0	0	0	True	False	1
135355	135571	G	1	0	0	0	0	True	False	1
135613	135829	G	1	0	0	0	0	True	False	1
135703	135919	C	0	0	0	3	0	True	False	2
135719	135935	G	1	0	0	0	0	True	False	1
135738	135954	C	0	0	0	1	0	True	False	1
135762	135978	C	0	0	0	1	0	True	False	1
135783	135999	T	1	0	0	0	0	False	False	1
135999	136215	C	0	0	0	1	0	True	False	1
136035	136251	C	0	0	0	1	0	True	False	1
136040	136256	G	1	0	0	0	0	False	True	1
136154	136370	C	0	0	0	1	0	True	False	1
136368	136584	G	1	0	0	0	0	True	False	1
136374	136590	C	0	0	0	1	0	True	False	1
136492	136708	C	0	0	0	10	0	True	False	1
136554	136797	C	0	0	0	1	1	True	False	1
136558	136801	G	0	4	0	0	0	False	False	4
136572	136815	C	0	0	0	1	0	True	False	1
136628	136871	G	1	0	0	0	0	True	False	1
136816	137059	G	2	0	0	0	0	False	True	1
136972	137215	C	0	0	0	17	0	True	False	1
137194	137437	G	2	0	0	0	0	True	False	2
137285	137528	C	0	0	0	5	0	False	True	4
137326	137569	C	0	0	0	16	0	True	False	1
137329	137572	G	1	0	0	0	0	False	True	1
137508	137751	C	0	0	0	1	0	True	False	1
137585	137828	G	2	0	0	0	0	True	False	1
137662	137905	C	0	0	0	28	0	True	False	3
137702	137945	G	1	0	0	0	0	True	False	1
137710	137953	G	1	0	0	0	0	True	False	1
137779	138022	G	5	0	0	0	0	False	True	1
137822	138065	C	0	0	0	1	0	True	False	1
138008	138252	G	2	0	0	0	0	True	False	1
138163	138407	C	0	0	0	1	0	True	False	1
138168	138412	C	0	0	0	8	0	True	False	2
138237	138481	G	6	0	0	0	0	False	True	1
138306	138550	G	2	0	0	0	0	True	False	1
138421	138665	T	27	0	0	0	0	False	False	1
138682	138926	G	4	0	0	0	0	True	False	1
138813	139057	G	1	0	0	0	0	True	False	1
138956	139200	C	0	0	0	2	0	True	False	1
139055	139299	C	0	0	0	1	0	True	False	1
139266	139510	G	1	0	0	0	0	True	False	1
139323	139567	G	1	0	0	0	0	True	False	1
139344	139588	G	3	0	0	0	0	True	False	1
139397	139641	G	2	0	0	0	0	False	True	1
139410	139654	G	1	0	0	0	0	True	False	1
139543	139787	G	4	0	0	0	0	True	False	1
139775	140019	C	0	0	0	9	0	True	False	1
139776	140020	T	0	1	0	0	0	False	False	1
139942	140186	G	10	0	0	0	0	True	False	2
139983	140227	A	0	0	0	1	0	False	False	1
140075	140319	C	0	0	0	5	0	True	False	1
140103	140347	T	0	2	0	0	0	False	False	2
140113	140357	T	5	0	0	0	4	False	False	4
140124	140368	T	0	0	3	0	3	False	False	3
140127	140371	C	0	0	0	4	3	False	True	2
140128	140372	A	0	0	0	3	3	False	False	1
140129	140373	A	0	0	3	0	3	False	False	1
140136	140380	C	0	0	0	3	3	False	True	1
140154	140398	T	0	5	0	0	0	False	False	1
140156	140400	A	0	0	9	0	0	False	False	6
140191	140435	G	1	0	0	0	0	True	False	1
140256	140500	C	0	0	0	1	0	True	False	1
140376	140620	G	1	0	0	0	0	True	False	1
140424	140668	C	0	0	0	1	0	True	False	1
140451	140695	C	2	0	0	0	0	False	False	1
140656	140900	T	1	0	0	0	0	False	False	1
140873	141117	G	1	0	0	0	0	True	False	1
140886	141130	G	1	0	0	0	0	True	False	1
140931	141175	C	0	0	0	3	0	False	True	1
140981	141225	T	1	0	0	0	0	False	False	1
141077	141321	C	0	0	0	14	0	True	False	1
141112	141356	C	0	0	0	1	0	False	True	1
141114	141358	G	2	0	0	0	0	True	False	1
141131	141375	G	7	0	0	0	0	True	False	3
141266	141510	C	0	0	0	11	0	True	False	1
141319	141563	C	0	0	0	3	0	True	False	2
141351	141595	C	0	0	0	1	0	True	False	1
141359	141603	G	1	0	0	0	0	False	True	1
141442	141686	C	0	0	0	3	0	True	False	1
141486	141730	G	1	0	0	0	0	True	False	1
141490	141734	C	0	0	0	1	0	True	False	1
141493	141737	C	0	0	0	4	0	True	False	3
141543	141787	G	2	0	0	0	0	False	True	1
141757	142001	C	0	0	0	5	0	True	False	4
141759	142003	G	5	0	0	0	0	False	True	1
141767	142011	G	2	0	0	0	0	True	False	2
142003	142247	G	1	0	0	0	0	True	False	1
142149	142393	C	0	0	0	1	0	True	False	1
142356	142600	C	1	0	0	1	0	True	False	2
142403	142647	C	0	0	0	1	0	True	False	1
142405	142649	G	1	0	0	0	0	False	True	1
142429	142673	C	0	0	0	5	0	True	False	4
142498	142742	C	0	0	0	3	0	True	False	2
142545	142789	C	0	0	0	2	0	True	False	1
142579	142823	G	3	0	0	0	0	False	True	1
142607	142851	C	0	0	0	1	0	True	False	1
142636	142880	G	3	0	0	0	0	True	False	1
142797	143041	C	0	0	0	253	0	True	False	3
142857	143101	G	1	0	0	0	0	False	True	1
142904	143148	G	2	0	0	0	0	True	False	1
142957	143201	C	0	0	0	2	0	False	True	2
142976	143220	G	3	0	0	0	0	True	False	2
142986	143230	C	0	0	0	4	0	True	False	2
143032	143276	A	0	0	1	0	0	False	False	1
143043	143287	C	0	0	0	4	0	True	False	1
143059	143303	G	1	0	0	0	0	True	False	1
143063	143307	G	1	0	0	0	0	True	False	1
143066	143310	G	13	0	0	0	0	True	False	3
143074	143318	C	0	0	0	2	0	True	False	2
143099	143343	G	1	0	0	0	0	True	False	1
143144	143388	G	1	0	0	0	0	False	True	1
143151	143395	G	1	0	0	0	0	True	False	1
143257	143501	C	1	0	0	0	0	False	False	1
143263	143507	G	1	0	0	0	0	True	False	1
143277	143521	C	0	0	0	9	0	True	False	2
143342	143586	G	1	0	0	0	0	True	False	1
143463	143707	G	2	0	0	0	0	True	False	1
143551	143795	C	0	0	0	6	0	True	False	3
143625	143869	T	1	0	0	0	0	False	False	1
143708	143952	G	3	0	0	0	0	True	False	1
143711	143955	A	0	0	0	1	0	False	False	1
143740	143984	G	1	0	0	0	0	True	False	1
143789	144033	G	25	0	0	0	0	True	False	2
143845	144089	C	0	0	0	1	0	True	False	1
143857	144101	G	1	0	0	0	0	True	False	1
143951	144195	G	0	0	0	1	0	False	False	1
143997	144241	C	0	0	0	1	0	True	False	1
144095	144339	G	1	0	0	0	0	True	False	1
144199	144443	C	0	0	0	1	0	True	False	1
144200	144444	G	1	0	0	0	0	True	False	1
144211	144455	C	0	0	0	2	0	True	False	1
144241	144485	C	0	0	0	1	0	False	True	1
144248	144492	C	0	0	0	1	0	True	False	1
144256	144500	C	0	0	0	6	0	True	False	1
144330	144574	C	0	0	0	2	0	True	False	1
144356	144600	C	0	0	0	1	0	True	False	1
144405	144649	C	0	0	0	1	0	True	False	1
144478	144722	G	3	0	0	0	0	True	False	1
144607	144851	G	1	0	0	0	0	True	False	1
144669	144913	G	1	0	0	0	0	True	False	1
144745	144989	G	1	0	0	0	0	True	False	1
144832	145076	C	0	0	0	1	0	True	False	1
144988	145232	G	3	0	0	0	0	True	False	1
144991	145235	G	2	0	0	0	0	True	False	2
145164	145408	C	0	0	0	1	0	True	False	1
145285	145529	C	0	0	0	3	0	True	False	3
145305	145549	G	9	0	0	0	0	True	False	1
145697	145941	G	1	0	0	0	0	True	False	1
145728	145972	G	7	0	0	0	0	True	False	1
145790	146034	G	7	0	0	0	0	True	False	3
145827	146071	G	1	0	0	0	0	True	False	1
145842	146086	C	0	0	0	2	0	False	True	1
145861	146105	G	0	0	0	7	0	False	False	1
146181	146425	T	0	1	0	0	0	False	False	1
146213	146457	C	0	0	0	1	0	True	False	1
146250	146494	C	0	0	0	3	0	True	False	1
146265	146509	C	0	0	0	6	0	True	False	2
146267	146511	G	3	0	0	0	0	True	False	2
146324	146568	G	1	0	0	0	0	False	True	1
146376	146620	C	0	0	0	1	0	True	False	1
146430	146674	C	0	0	0	2	0	True	False	1
146548	146792	T	0	1	0	0	0	False	False	1
146607	146851	C	0	0	0	1	0	True	False	1
146690	146934	G	1	0	0	0	0	True	False	1
146714	146958	G	1	0	0	0	0	False	True	1
146816	147060	C	0	0	0	1	0	True	False	1
146821	147065	G	1	0	0	0	0	True	False	1
146860	147111	T	1	0	0	0	0	False	False	1
146861	147112	A	0	0	0	1	0	False	False	1
147011	147262	C	0	0	0	2	0	True	False	1
147021	147272	T	0	1	0	0	0	False	False	1
147038	147289	C	0	0	0	1	0	True	False	1
147047	147298	C	1	0	0	0	0	False	False	1
147087	147338	G	1	0	0	0	0	False	True	1
147140	147391	C	0	0	0	2	0	True	False	2
147159	147410	C	0	0	0	1	0	True	False	1
147168	147419	C	0	0	0	18	0	True	False	3
147266	147517	G	1	0	0	0	0	True	False	1
147305	147556	G	1	0	0	0	0	True	False	1
147459	147710	G	2	0	0	0	1	True	False	2
147633	147884	C	0	0	0	1	0	True	False	1
147799	148050	G	6	0	0	0	0	False	True	1
147896	148147	G	1	0	0	0	0	False	True	1
148027	148278	A	0	0	0	1	0	False	False	1
148078	148329	T	0	0	1	0	0	False	False	1
148089	148340	T	1	0	0	0	0	False	False	1
148126	148377	G	1	0	0	0	0	False	True	1
148135	148389	G	1	0	0	0	0	True	False	1
148207	148461	A	0	0	0	1	0	False	False	1
148219	148473	C	0	0	0	1	0	True	False	1
148238	148492	G	1	0	0	0	0	True	False	1
148265	148519	G	1	0	0	0	0	True	False	1
148268	148522	C	0	0	0	9	0	True	False	2
148345	148600	A	0	0	0	2	0	False	False	1
148372	148627	G	1	0	0	0	0	False	True	1
148390	148645	C	0	0	0	2	0	True	False	1
148402	148657	C	0	0	0	2	0	True	False	2
148403	148658	G	3	0	0	0	0	True	False	2
148412	148667	G	2301	0	0	0	0	True	False	1
148427	148682	G	3	0	0	0	0	True	False	1
148457	148712	C	0	0	0	2	0	False	True	1
148496	148751	G	1	0	0	0	0	True	False	1
148534	148789	C	0	0	0	1	0	True	False	1
148578	148833	G	1	0	0	0	0	True	False	1
148615	148870	G	2	0	0	0	0	True	False	1
148749	149004	C	1	0	0	0	0	False	False	1
148771	149026	C	0	0	0	4	0	True	False	1
148826	149081	C	0	0	0	12	0	True	False	2
148933	149188	C	0	0	0	7	0	True	False	1
149057	149312	C	0	0	0	1	0	True	False	1
149123	149378	C	0	0	0	2	0	True	False	1
149126	149381	G	1	0	0	0	0	True	False	1
149183	149438	C	0	0	0	2	0	True	False	2
149213	149468	C	0	0	0	1	0	False	True	1
149364	149619	C	0	0	0	8	0	True	False	2
149400	149655	G	1	0	0	0	0	False	True	1
149416	149671	G	3	0	0	0	0	True	False	3
149447	149702	T	0	3	0	0	0	False	False	1
149476	149731	G	3	0	0	0	0	True	False	1
149524	149779	G	0	0	0	12	0	False	False	1
149527	149782	C	0	0	0	45	0	True	False	2
149545	149800	C	0	0	0	1	0	True	False	1
149561	149816	G	4	0	0	0	0	True	False	1
149616	149871	G	2	0	0	0	0	True	False	1
149716	149971	C	0	0	0	2	0	True	False	1
149730	149985	G	2	0	0	0	0	True	False	2
149733	149988	C	0	0	0	8	0	True	False	1
149764	150019	C	0	0	0	1	0	True	False	1
149805	150060	G	2	0	0	0	0	True	False	1
149818	150073	G	1	0	0	0	0	True	False	1
149867	150122	C	0	0	0	7	0	True	False	1
149963	150218	C	0	0	0	294	0	True	False	1
150003	150258	G	5	0	0	0	0	False	True	1
150087	150342	G	11	0	0	0	0	True	False	5
150140	150395	C	0	0	0	1	0	True	False	1
150141	150396	G	1	0	0	0	0	False	True	1
150190	150445	G	1	0	0	0	0	True	False	1
150211	150466	C	0	0	0	2	0	False	True	1
150226	150481	G	144	0	0	0	0	True	False	2
150330	150585	G	2	0	0	0	0	True	False	2
150376	150631	G	5	0	0	0	0	True	False	1
150392	150647	C	0	0	0	4	0	True	False	1
150394	150649	G	1	0	0	0	0	True	False	1
150410	150665	G	1	0	0	0	0	True	False	1
150469	150724	C	0	0	0	2301	0	True	False	1
150484	150739	G	1	0	0	0	0	True	False	1
150511	150766	G	3	0	0	0	0	True	False	2
150547	150802	G	1	0	0	0	0	True	False	1
150592	150905	T	3	0	0	0	810	False	False	3
150692	151041	G	2	0	0	0	0	True	False	1
150714	151063	G	5	0	0	0	0	True	False	3
150800	151149	G	9	0	0	0	0	True	False	2
150805	151154	T	6	0	0	0	0	False	False	2
150825	151174	C	0	0	0	5	0	True	False	1
150831	151180	C	0	0	0	61	0	True	False	3
150842	151191	C	0	0	0	10	0	True	False	2
150995	151344	C	0	0	0	3	0	False	True	1
151014	151363	G	2	0	0	0	0	True	False	1
151028	151377	G	5	0	0	0	0	True	False	1
151050	151399	C	0	0	0	1	0	True	False	1
151077	151426	C	0	0	0	4	0	True	False	1
151171	151520	C	0	0	0	3	0	True	False	2
151213	151562	C	0	0	0	2	0	True	False	1
151339	151688	G	4	0	0	0	0	True	False	1
151411	151760	C	0	0	0	2	0	True	False	1
151434	151783	C	0	0	0	1	0	True	False	1
151444	151793	G	1	0	0	0	0	True	False	1
151461	151810	A	0	2301	0	0	0	False	False	1
151505	151854	G	5	0	0	0	0	True	False	1
151555	151904	G	1	0	0	0	0	True	False	1
151626	151975	C	0	0	0	2	0	True	False	2
151671	152020	C	0	0	0	1	0	True	False	1
151749	152098	G	2	0	0	0	0	True	False	1
151798	152147	C	0	0	0	1	0	True	False	1
151801	152150	G	2	0	0	0	0	True	False	2
151847	152196	G	3	0	0	0	0	True	False	1
151875	152224	G	1	0	0	0	0	True	False	1
152191	152540	C	0	0	0	1	0	True	False	1
152202	152551	G	16	0	0	0	0	True	False	2
152247	152596	C	10	0	0	0	0	False	False	1
152250	152599	C	0	0	0	1	0	True	False	1
152258	152607	C	0	0	0	1	0	True	False	1
152274	152623	A	0	0	2	0	0	False	False	1
152382	152731	T	0	0	1	0	0	False	False	1
152415	152764	G	1	0	0	0	0	True	False	1
152437	152786	G	2	0	0	0	0	True	False	2
152445	152794	C	0	0	0	1	0	True	False	1
152507	152856	C	0	0	0	5	0	False	True	2
152588	152937	G	9	0	0	0	0	True	False	3
152650	152999	G	15	0	0	0	0	True	False	2
152678	153027	A	0	0	0	2	0	False	False	1
152679	153028	C	2	0	0	0	0	False	False	1
152680	153029	T	0	2	0	0	7	False	False	1
152705	153054	G	0	1	0	0	0	False	False	1
152724	153073	C	0	0	0	1	0	False	True	1
152737	153086	C	0	0	0	3	0	True	False	2
152776	153125	G	3	0	0	0	0	True	False	2
152797	153146	G	3	0	0	0	0	True	False	1
152866	153215	G	251	0	0	0	0	True	False	1
152916	153265	A	0	4	0	0	0	False	False	1
152973	153322	C	0	0	0	2	0	True	False	2
153001	153350	G	1	0	0	0	0	True	False	1
153090	153439	G	1	0	0	0	0	True	False	1
153104	153453	C	0	0	0	1	0	True	False	1
153394	153743	G	1	0	0	0	0	True	False	1
153489	153838	C	0	0	0	1	0	True	False	1
153562	153911	G	7	0	0	0	0	True	False	3
153627	153976	T	1	0	0	0	0	False	False	1
153642	153991	C	0	0	0	1	0	True	False	1
153664	154013	G	2	0	0	0	0	True	False	1
153679	154028	A	0	0	0	13	0	False	False	1
153718	154067	G	1	0	0	0	0	True	False	1
153720	154069	T	0	0	1	0	0	False	False	1
153729	154078	C	0	0	0	59	0	True	False	3
153805	154154	G	2	0	0	0	0	True	False	1
153873	154222	G	1	0	0	0	0	True	False	1
153984	154333	C	0	0	0	1	0	True	False	1
154117	154466	G	2	0	0	0	0	True	False	2
154222	154571	G	4	0	0	0	0	True	False	2
154330	154679	G	1	0	0	0	0	True	False	1
154408	154757	T	0	2301	0	0	0	False	False	1
154445	154794	T	1	0	0	0	0	False	False	1
154460	154809	G	1	0	0	0	0	True	False	1
154492	154841	G	1	0	0	0	0	True	False	1
154982	155331	G	28	0	0	0	0	True	False	3
154993	155342	G	2	0	0	0	0	True	False	1
155201	155550	G	1	0	0	0	0	True	False	1
155209	155558	C	0	0	0	4	0	True	False	1
155328	155677	C	0	0	0	2	0	True	False	1
155368	155717	C	0	0	0	6	0	False	True	4
155483	155832	C	0	0	0	2	0	False	True	1
155490	155839	C	0	0	0	36	0	False	True	3
155517	155866	G	1	0	0	0	0	False	True	1
155611	155960	G	4	0	0	0	0	True	False	3
155617	155966	C	0	0	0	1	0	True	False	1
155698	156047	G	8	0	0	0	0	True	False	1
155770	156119	G	1	0	0	0	0	True	False	1
155795	156144	G	2301	0	0	0	0	False	True	1
155991	156340	G	1	0	0	0	0	True	False	1
156025	156374	G	1	0	0	0	0	False	True	1
156051	156400	A	0	0	1	0	0	False	False	1
156065	156414	T	1	0	0	0	0	False	False	1
156123	156472	C	0	0	0	3	0	True	False	2
156205	156554	C	0	0	0	2	0	True	False	1
156257	156606	G	2	0	0	0	0	True	False	1
156340	156689	G	1	0	0	0	0	True	False	1
156429	156778	C	0	0	0	7	0	True	False	4
156437	156786	C	0	0	0	3	0	True	False	1
156469	156818	G	6	0	0	0	0	True	False	4
156509	156858	C	0	0	0	1	0	True	False	1
156539	156888	C	0	0	0	1	0	True	False	1
156600	156949	G	2	0	0	0	0	False	True	1
156616	156965	C	0	0	0	2	0	True	False	1
156622	156971	G	1	0	0	0	0	True	False	1
156637	156986	G	1	0	0	0	0	True	False	1
156655	157004	C	0	0	0	1	0	True	False	1
156705	157054	C	0	0	0	1	0	True	False	1
156827	157176	C	0	0	0	1	0	True	False	1
156850	157199	G	1	0	0	0	0	True	False	1
157020	157369	C	0	0	0	2	0	True	False	1
157078	157427	G	2	0	0	0	0	True	False	1
157353	157703	G	2	0	0	0	1	True	False	1
157368	157718	C	0	0	0	1	1	True	False	1
157424	157774	G	2	0	0	0	1	True	False	2
157459	157809	C	0	0	0	1	1	True	False	1
157467	157817	G	1	0	0	0	1	True	False	1
157487	157837	C	0	0	0	2	1	True	False	1
157527	157877	T	0	14	0	0	1	False	False	2
157546	157896	G	1	0	0	0	1	True	False	1
157581	157931	G	10	0	0	0	1	True	False	1
157598	157948	C	0	0	0	2	1	True	False	1
157632	157982	C	0	0	0	1	1	True	False	1
157775	158125	G	7	0	0	0	1	True	False	1
157805	158155	C	0	0	0	1	1	True	False	1
157841	158191	C	0	0	0	1	1	True	False	1
157854	158204	C	0	0	0	1	1	True	False	1
157927	158277	C	0	0	0	1	1	True	False	1
157961	158311	G	1	0	0	0	1	True	False	1
158010	158360	G	1	0	0	0	1	True	False	1
158040	158390	C	0	0	0	2	1	True	False	2
158190	158540	G	1	0	0	0	1	True	False	1
158254	158604	G	1	0	0	0	1	True	False	1
158266	158616	C	0	0	0	1	1	True	False	1
158406	158756	G	1	0	0	0	1	False	True	1
158422	158772	C	0	0	0	1	1	True	False	1
158487	158837	C	0	0	0	1	1	True	False	1
158525	158875	T	1	0	0	0	1	False	False	1
158549	158899	G	1	0	0	0	1	True	False	1
158698	159048	C	0	0	0	1	1	True	False	1
158709	159059	G	1	0	0	0	1	True	False	1
158715	159065	G	1	0	0	0	1	True	False	1
158721	159071	G	1	0	0	0	1	True	False	1
158880	159230	C	0	0	0	1	1	False	True	1
158995	159345	G	1	0	0	0	1	False	True	1
158998	159348	G	1	0	0	0	1	True	False	1
159001	159351	G	3	0	0	0	1	True	False	1
159023	159373	G	1	0	0	0	1	True	False	1
159180	159530	C	0	0	0	1	1	True	False	1
159202	159552	G	3	0	0	0	1	False	True	1
159203	159553	G	4	0	0	0	1	True	False	2
159226	159576	G	1	0	0	0	1	False	True	1
159231	159581	C	0	0	0	1	1	True	False	1
159241	159591	T	0	0	1	0	1	False	False	1
159243	159593	G	1	0	0	0	1	True	False	1
159253	159603	G	1	0	0	0	1	True	False	1
159277	159627	G	1	0	0	0	1	True	False	1
159373	159723	G	1	0	0	0	1	True	False	1
159401	159751	C	1	0	0	0	1	False	False	1
159409	159759	G	0	1	0	2	1	False	False	3
159413	159763	T	0	2	0	0	1	False	False	2
159448	159798	G	2	0	0	0	1	True	False	1
159532	159882	C	0	0	0	2	1	True	False	1
159572	159922	C	0	0	0	4	1	False	True	1
159608	159958	C	0	0	0	1	1	True	False	1
159779	160129	C	0	0	0	5	1	True	False	1
159789	160139	G	1	0	0	0	1	True	False	1
159797	160147	G	1	0	0	0	1	False	True	1
159855	160205	C	0	0	0	1	0	True	False	1
159907	160257	G	1	0	0	0	0	True	False	1
160000	160350	G	1	0	0	0	0	True	False	1
160088	160438	C	0	0	0	1	0	True	False	1
160189	160539	C	0	0	0	108	0	True	False	1
160251	160601	C	0	0	0	1	0	False	True	1
160267	160617	G	1	0	0	0	0	True	False	1
160294	160644	G	1	0	0	0	0	True	False	1
160318	160668	C	0	0	0	1	0	True	False	1
160358	160708	G	4	0	0	0	0	True	False	2
160426	160776	C	0	0	0	11	0	True	False	3
160470	160820	G	1	0	0	0	0	True	False	1
160484	160834	G	2	0	0	0	0	True	False	1
160542	160892	C	0	0	0	1	0	True	False	1
160918	161268	G	1	0	0	0	0	False	True	1
160940	161290	G	4	0	0	0	0	True	False	1
161227	161577	G	1	0	0	0	0	False	True	1
161296	161646	G	14	0	0	0	0	False	True	1
161454	161804	C	0	0	0	1	0	True	False	1
161483	161833	G	2	0	0	0	0	True	False	1
161575	161925	G	2	0	0	0	0	True	False	1
161616	161966	C	0	0	0	8	0	True	False	2
161629	161979	G	223	0	0	0	0	True	False	4
161699	162049	C	0	0	0	2	0	True	False	1
161893	162243	C	1	0	0	0	0	False	False	1
161917	162267	C	0	0	0	4	0	True	False	1
162109	162459	G	2	0	0	0	0	True	False	1
162156	162506	G	1	0	0	0	0	False	True	1
162175	162525	C	0	0	0	1	0	True	False	1
162221	162571	C	0	0	0	1	0	True	False	1
162233	162583	C	0	0	0	1	0	True	False	1
162240	162590	C	0	0	0	1	0	True	False	1
162243	162593	G	2301	0	0	0	0	True	False	1
162265	162615	G	3	0	0	0	0	True	False	2
162303	162653	C	0	0	0	11	0	True	False	2
162331	162681	C	0	0	0	2301	0	True	False	1
162406	162756	C	0	0	0	11	0	True	False	1
162423	162773	G	1	0	0	0	0	True	False	1
162521	162871	C	0	0	0	3	0	True	False	3
162531	162881	G	1	0	0	0	0	True	False	1
162536	162886	C	0	0	0	1	0	False	True	1
162565	162915	C	0	0	0	4	0	True	False	1
162586	162936	G	5	0	0	0	0	True	False	1
162607	162957	G	3	0	0	0	0	True	False	1
162623	162973	G	2	0	0	0	0	True	False	2
162647	162997	C	0	0	0	1	0	True	False	1
162787	163137	G	1	0	0	0	0	True	False	1
162960	163310	G	1	0	0	0	0	True	False	1
162968	163318	C	0	0	0	1	0	True	False	1
163062	163412	G	1	0	0	0	0	True	False	1
163285	163635	A	0	0	0	4	0	False	False	2
163293	163643	C	0	0	0	1	0	True	False	1
163303	163653	G	12	0	0	0	0	False	True	4
163424	163774	C	0	0	0	1	0	True	False	1
163448	163798	A	0	0	0	1	0	False	False	1
163469	163819	A	0	0	0	2	0	False	False	1
163470	163820	G	1	0	0	0	0	True	False	1
163572	163922	T	0	0	1	0	0	False	False	1
163603	163953	G	1	0	0	0	0	True	False	1
163626	163976	G	4	0	0	0	0	True	False	1
163653	164003	C	0	0	0	1	0	True	False	1
163660	164010	T	0	1	0	0	0	False	False	1
163661	164011	C	0	0	0	1	0	True	False	1
163711	164061	C	0	0	0	6	0	True	False	1
163738	164088	G	1	0	0	0	0	True	False	1
163855	164205	A	0	1	0	0	0	False	False	1
163856	164206	C	2	0	0	0	0	False	False	2
163970	164320	G	1	0	0	0	0	True	False	1
164017	164367	G	1	0	0	0	0	True	False	1
164096	164446	C	0	0	0	8	0	True	False	1
164248	164598	G	2	0	0	0	0	True	False	1
164272	164622	C	0	0	0	4	0	True	False	3
164347	164697	C	0	0	0	1	0	True	False	1
164385	164735	C	0	0	0	303	0	True	False	2
164426	164776	G	5	0	0	0	0	True	False	1
164476	164826	G	2	0	0	0	0	True	False	2
164487	164837	G	1	0	0	0	0	True	False	1
164559	164909	G	1	0	0	0	0	True	False	1
164635	164985	G	2	0	0	0	0	True	False	1
164653	165003	G	0	0	0	2	0	False	False	1
164797	165147	G	0	0	0	3	0	False	False	1
164832	165182	C	0	0	0	2301	0	True	False	1
164888	165238	G	1	0	0	0	0	True	False	1
164944	165294	C	0	0	0	1	0	True	False	1
164946	165296	T	0	301	0	0	0	False	False	1
164989	165339	G	4	0	0	0	0	True	False	1
165086	165436	G	2	0	0	0	0	True	False	1
165177	165527	C	0	0	0	1	0	True	False	1
165247	165597	G	2	0	0	0	0	True	False	2
165278	165628	C	0	0	0	1	0	True	False	1
165301	165651	C	0	0	0	1	0	True	False	1
165326	165676	G	3	0	0	0	0	True	False	2
165371	165721	G	1	0	0	0	0	True	False	1
165506	165856	G	1	0	0	0	0	True	False	1
165518	165868	C	0	0	0	1	0	True	False	1
165580	165930	G	4	0	0	0	0	True	False	2
165586	165936	C	0	0	0	2	0	True	False	1
165730	166080	C	0	0	0	1	0	True	False	1
165782	166132	C	0	0	0	1	0	True	False	1
165866	166216	G	1	0	0	0	0	True	False	1
165875	166225	G	3	0	0	0	0	True	False	1
165892	166242	G	23	0	0	0	0	True	False	1
165976	166326	G	2	0	0	0	0	True	False	1
166214	166564	C	0	0	0	10	0	True	False	5
166314	166664	G	2	0	0	0	0	True	False	1
166317	166667	G	2	0	0	0	0	True	False	1
166364	166714	G	3	0	0	0	0	True	False	1
166400	166750	C	0	0	0	2	0	True	False	1
166420	166770	C	0	0	0	3	0	False	True	1
166633	166983	C	0	0	0	1	0	False	True	1
166770	167120	G	1	0	0	0	0	False	True	1
166771	167121	C	0	0	0	1	0	False	True	1
166940	167290	C	0	0	0	453	0	True	False	2
166947	167297	G	1	0	0	0	0	True	False	1
167103	167453	G	3	0	0	0	0	True	False	2
167231	167581	C	0	0	0	1	0	True	False	1
167453	167803	A	0	0	0	1	0	False	False	1
167676	168026	C	0	0	0	1	0	True	False	1
167681	168031	C	0	0	0	1	0	True	False	1
167778	168128	G	2	0	0	0	0	False	True	2
167792	168142	C	0	0	0	2	0	True	False	2
167802	168152	G	2	0	0	0	0	True	False	2
167921	168271	C	0	0	0	1	0	True	False	1
167985	168335	G	8	0	0	0	0	False	True	1
168034	168384	G	1	0	0	0	0	True	False	1
168044	168394	G	1	0	0	0	0	True	False	1
168120	168470	C	0	0	0	2301	0	True	False	1
168226	168576	C	0	0	0	1	0	True	False	1
168232	168582	G	1	0	0	0	0	True	False	1
168241	168591	G	2	0	0	0	0	True	False	1
168264	168614	C	0	0	0	1	0	True	False	1
168268	168618	C	0	0	0	77	0	True	False	3
168308	168658	G	7	1	0	0	0	True	False	2
168333	168683	G	0	0	0	2	0	False	False	1
168365	168715	G	1	0	0	0	0	True	False	1
168380	168730	A	0	0	2	0	0	False	False	1
168412	168762	G	1	0	0	0	0	True	False	1
168515	168865	C	0	0	0	1	0	True	False	1
168644	168994	C	0	0	0	1	0	True	False	1
168661	169011	C	0	0	0	3	0	True	False	3
168713	169063	C	0	0	0	1	0	True	False	1
168737	169087	C	0	0	0	1	0	True	False	1
168738	169088	G	8	0	0	0	0	True	False	2
168779	169129	G	1	0	0	0	0	True	False	1
168810	169160	C	0	0	0	2	0	True	False	2
168889	169239	G	1	0	0	0	0	False	True	1
168898	169248	G	3	0	0	0	0	True	False	2
168943	169293	C	0	0	0	1	0	True	False	1
168964	169314	G	1	0	0	0	0	True	False	1
168988	169338	G	1	0	0	0	0	True	False	1
169019	169369	C	0	0	0	1	0	False	True	1
169036	169386	C	0	0	0	1	0	True	False	1
169045	169395	C	0	0	0	1	0	True	False	1
169097	169447	G	1	0	0	0	0	True	False	1
169209	169559	C	2	0	0	0	0	False	False	1
169245	169595	C	0	0	0	1	0	True	False	1
169343	169693	C	0	0	0	1	0	True	False	1
169469	169819	G	1	0	0	0	0	True	False	1
169529	169879	C	0	0	0	2	0	True	False	1
169535	169885	C	0	0	0	1	0	True	False	1
169632	169983	C	0	0	0	1	0	True	False	1
169716	170067	T	0	1	0	0	0	False	False	1
169717	170068	G	1	0	0	0	0	False	True	1
169721	170072	T	1	0	0	0	0	False	False	1
169722	170073	C	1	0	0	0	55	False	False	1
169723	170074	A	0	0	1	1	55	False	False	2
169725	170076	A	0	0	0	2	59	False	False	2
169775	170126	G	1	0	0	0	0	False	True	1
169776	170127	T	0	1	0	0	0	False	False	1
169780	170131	A	0	0	0	1	0	False	False	1
169832	170183	G	2	0	0	0	0	True	False	1
169884	170235	G	1	0	0	0	0	True	False	1
169886	170237	G	1	0	0	0	0	True	False	1
169928	170279	G	3	0	0	0	0	True	False	1
169997	170348	C	0	0	0	10	0	True	False	2
170049	170400	C	0	0	0	2	0	True	False	2
170088	170439	C	0	0	0	2	0	True	False	1
170114	170465	C	0	0	0	1	0	True	False	1
170130	170481	C	0	0	0	2	0	True	False	2
170262	170613	G	2301	0	0	0	0	False	True	1
170317	170668	G	17	0	0	0	0	True	False	2
170349	170700	G	1	0	0	0	0	False	True	1
170518	170869	A	0	0	1	0	0	False	False	1
170557	170908	G	2	0	0	0	0	True	False	2
170573	170924	C	0	0	0	269	0	True	False	12
170577	170928	A	0	2	0	0	0	False	False	1
170624	170975	C	0	0	0	1	0	True	False	1
170698	171049	G	1	0	0	0	0	True	False	1
170708	171059	T	1	0	0	0	0	False	False	1
170776	171128	G	1	0	0	0	0	True	False	1
170785	171137	G	6	0	0	0	0	True	False	1
170791	171143	C	0	0	0	2	0	True	False	2
170929	171282	G	1	0	0	0	0	True	False	1
170949	171302	G	2	0	0	0	0	True	False	1
170977	171330	T	2	0	0	0	0	False	False	1
170981	171334	G	1	0	0	0	0	True	False	1
170999	171352	C	0	0	0	2	0	True	False	2
171159	171512	C	0	0	0	1	0	True	False	1
171243	171596	G	1	0	0	0	0	True	False	1
171318	171671	G	7	0	0	0	0	True	False	1
171360	171713	G	2	0	0	0	0	True	False	1
171761	172114	G	2	0	0	0	0	True	False	1
171794	172147	C	0	0	0	1	0	True	False	1
171808	172161	C	0	0	0	12	0	True	False	9
171959	172312	G	1	0	0	0	0	True	False	1
171965	172318	A	0	0	1	0	0	False	False	1
171968	172321	T	0	2	0	0	0	False	False	1
172026	172379	C	1	0	0	0	0	False	False	1
172088	172441	A	0	0	0	1	0	False	False	1
172095	172448	G	1	0	0	0	0	True	False	1
172181	172534	C	0	0	0	1	0	True	False	1
172225	172578	G	1	0	0	0	0	False	True	1
172259	172612	C	0	0	0	1	0	True	False	1
172316	172669	C	0	0	0	2	0	True	False	1
172327	172680	G	2	0	0	0	0	True	False	1
172339	172692	G	1	0	0	0	0	False	True	1
172343	172696	T	0	0	1	0	0	False	False	1
172354	172707	C	0	0	0	27	0	True	False	1
172483	172837	G	1	0	0	0	0	False	True	1
172542	172896	G	1	0	0	0	0	True	False	1
172557	172911	C	0	0	0	1	0	True	False	1
172792	173146	C	0	0	0	1	0	True	False	1
172868	173222	G	0	0	0	1	0	False	False	1
172994	173348	G	1	0	0	0	0	True	False	1
172999	173353	C	0	0	0	1	0	False	True	1
173065	173419	C	0	0	0	1	0	True	False	1
173097	173451	C	0	0	0	1	0	False	True	1
173114	173468	C	0	0	0	29	0	True	False	3
173173	173527	C	0	0	0	2	0	True	False	1
173174	173528	G	1	0	0	0	0	True	False	1
173189	173543	A	0	0	1	0	0	False	False	1
173190	173544	G	0	1	0	0	0	False	False	1
173275	173713	T	1	0	0	0	54	False	False	1
173300	173869	A	0	0	1	0	75	False	False	1
173304	173873	A	0	0	2	0	698	False	False	2
173326	173915	C	0	0	0	1	0	False	True	1
173357	173946	G	0	1	0	0	0	False	False	1
173358	173947	G	0	1	0	0	0	False	False	1
173397	173986	G	249	0	0	0	0	True	False	2
173429	174018	G	5	0	0	0	0	True	False	1
173534	174123	G	2	0	0	0	0	False	True	2
173538	174127	G	0	1	0	0	0	False	False	1
173543	174132	A	0	0	0	1	0	False	False	1
173615	174204	A	0	0	3	0	0	False	False	1
173670	174259	G	2	0	0	0	0	False	True	1
173727	174316	G	2	0	0	0	0	True	False	1
173858	174447	G	1	0	0	0	0	True	False	1
173952	174541	G	1	0	0	0	0	False	True	1
173996	174585	G	1	0	0	0	0	True	False	1
174017	174606	C	0	0	0	1	0	True	False	1
174037	174626	C	1	0	0	0	0	False	False	1
174050	174639	C	0	0	0	10	0	True	False	1
174227	174816	C	0	0	0	2	0	False	True	1
174534	175123	G	1	0	0	0	1	True	False	1
174543	175132	G	7	0	0	0	4	True	False	2
174625	175214	G	4	0	0	0	0	True	False	1
174642	175231	G	2	0	0	0	0	True	False	1
174678	175267	G	1	0	0	0	0	True	False	1
174842	175431	C	0	0	0	2	0	True	False	1
174865	175454	G	1	0	0	0	0	True	False	1
174897	175486	C	0	0	0	3	0	True	False	1
174924	175513	A	0	0	0	2	0	False	False	1
174962	175551	G	2	0	0	0	0	True	False	1
174967	175556	C	0	0	0	1	0	True	False	1
175093	175682	G	12	0	0	0	0	True	False	1
175165	175754	G	2	0	0	0	0	True	False	1
175171	175760	G	1	0	0	0	0	True	False	1
175189	175778	G	3	0	0	0	0	True	False	2
175210	175799	G	5	0	0	0	0	True	False	2
175241	175830	C	0	0	0	7	0	True	False	1
175349	175938	G	2	0	0	0	0	False	True	2
175409	175998	G	1	0	0	0	0	True	False	1
175467	176056	C	0	0	0	1	0	True	False	1
175501	176090	G	2	0	0	0	0	True	False	1
175526	176121	C	0	0	0	77	0	False	True	2
175678	176273	C	0	0	0	1	0	True	False	1
175747	176342	C	0	0	0	1	0	True	False	1
175829	176424	C	0	0	0	1	0	False	True	1
175971	176566	G	1	0	0	0	0	True	False	1
176229	176824	G	2	0	0	0	0	True	False	1
176289	176884	G	1	0	0	0	0	False	True	1
176380	176975	G	1	0	0	0	0	False	True	1
176642	177237	C	0	0	0	3	0	True	False	2
176643	177238	G	44	0	0	0	0	True	False	1
176657	177252	C	0	0	0	3	0	True	False	2
176823	177418	G	1	0	0	0	0	True	False	1
177009	177604	G	20	0	0	0	0	True	False	4
177099	177694	C	0	0	0	1	0	True	False	1
177141	177736	G	1	0	0	0	0	True	False	1
177155	177750	C	0	0	0	2	0	True	False	1
177160	177755	G	1	0	0	0	0	True	False	1
177168	177763	G	2	0	0	0	0	True	False	2
177207	177802	C	0	0	0	1	0	False	True	1
177264	177859	C	0	0	0	1	0	True	False	1
177280	177875	C	0	0	0	1	0	True	False	1
177306	177901	G	2	0	0	0	0	False	True	1
177398	177993	G	303	0	0	0	0	True	False	2
177483	178078	C	0	0	0	1	0	False	True	1
177509	178104	C	0	0	0	1	0	True	False	1
177570	178165	G	1	0	0	0	0	True	False	1
177614	178209	C	0	0	0	1	0	True	False	1
177626	178221	C	0	0	0	1	0	True	False	1
177703	178298	C	0	0	0	5	0	True	False	1
177720	178315	C	0	0	0	1	0	True	False	1
177747	178342	C	0	0	0	1	0	True	False	1
177780	178375	G	3	0	0	0	0	True	False	1
177804	178400	G	1	0	0	0	0	True	False	1
177833	178429	C	0	0	0	2	0	True	False	2
177834	178430	G	5	0	0	0	0	True	False	3
177847	178443	C	0	0	0	1	1	True	False	1
177865	178461	C	0	0	0	2	0	True	False	2
177872	178468	G	1	0	0	0	0	True	False	1
177899	178495	C	0	0	0	302	0	True	False	1
177900	178496	G	20	0	0	0	0	True	False	2
177917	178513	C	0	0	0	1	0	True	False	1
177971	178567	C	0	0	0	1	0	True	False	1
177995	178591	G	1	0	0	0	0	True	False	1
178111	178707	G	1	0	0	0	0	True	False	1
178133	178729	G	2301	0	0	0	0	True	False	1
178243	178839	G	1	0	0	0	0	True	False	1
178261	178857	C	0	0	0	1	0	False	True	1
178286	178882	G	1	0	0	0	0	True	False	1
178322	178918	C	0	0	0	1	0	True	False	1
178378	178974	C	0	0	0	3	0	True	False	1
178435	179031	G	9	0	0	0	0	True	False	1
178546	179142	C	0	0	0	2	0	True	False	1
178559	179155	G	2	0	0	0	0	True	False	2
178569	179165	C	0	0	0	4	0	True	False	2
178696	179292	G	5	0	0	0	0	False	True	1
178811	179407	G	1	0	0	0	0	True	False	1
178851	179447	C	0	0	0	1	0	True	False	1
178884	179480	G	6	0	0	0	0	True	False	3
178915	179511	T	0	1	0	0	0	False	False	1
179023	179619	G	3	0	0	0	0	True	False	1
179068	179664	T	1	0	0	0	0	False	False	1
179072	179668	T	1	0	0	0	0	False	False	1
179076	179672	G	0	0	0	5	0	False	False	5
179181	179969	C	0	0	0	1	234	False	True	1
179208	180033	C	0	0	0	1	99	False	True	1
179259	180093	C	0	0	0	4	0	True	False	3
179302	180136	G	3	0	0	0	0	True	False	1
179328	180162	T	10	0	0	0	0	False	False	1
179369	180203	C	0	0	0	1	0	False	True	1
179470	180304	C	0	0	0	7	0	True	False	4
179537	180371	C	0	0	0	24	0	True	False	3
179589	180423	G	1	0	0	0	0	True	False	1
179610	180444	C	0	0	0	10	0	True	False	1
179659	180493	A	0	0	1	0	0	False	False	1
179853	180687	C	0	0	0	11	0	True	False	4
180055	180889	C	0	0	0	2	0	True	False	1
180061	180895	C	0	0	0	1	0	False	True	1
180200	181034	C	0	0	0	1	0	True	False	1
180246	181080	T	1	0	0	0	0	False	False	1
180299	181133	G	1	0	0	0	0	True	False	1
180364	181198	G	1	0	0	0	0	False	True	1
180523	181357	G	3	0	0	0	0	True	False	3
180531	181365	G	1	0	0	0	0	True	False	1
180606	181440	C	0	0	0	39	0	True	False	2
180608	181442	G	4	0	0	0	0	True	False	1
180618	181452	C	0	0	0	12	0	True	False	3
180622	181456	C	0	0	0	15	0	True	False	3
180686	181520	C	0	0	0	2	0	True	False	1
180825	181659	C	0	0	0	1	0	True	False	1
180827	181661	G	1	0	0	0	0	True	False	1
180830	181664	G	1	0	0	0	0	True	False	1
180889	181723	G	1	0	0	0	0	True	False	1
180962	181796	C	0	0	0	2	0	True	False	1
180963	181797	G	1	0	0	0	0	True	False	1
180974	181808	C	0	0	0	1	0	True	False	1
180981	181815	C	1	0	0	0	0	False	False	1
181028	181862	G	2	0	0	0	0	True	False	1
181082	181916	G	6	0	0	0	0	True	False	1
181209	182043	C	0	0	0	2	0	True	False	2
181216	182050	C	0	0	0	1	0	True	False	1
181309	182145	G	2	0	0	0	0	True	False	2
181349	182185	G	1	0	0	0	0	True	False	1
181367	182203	G	3	0	0	0	0	True	False	1
181495	182331	C	0	0	0	1	0	True	False	1
181593	182429	G	1	0	0	0	0	True	False	1
181737	182573	G	1	0	0	0	0	True	False	1
181764	182600	G	1	0	0	0	0	True	False	1
181806	182642	C	0	0	0	1	0	True	False	1
181816	182652	C	0	0	0	1	0	True	False	1
181938	182774	G	1	0	0	0	0	True	False	1
181980	182816	G	2301	0	0	0	0	True	False	1
182047	182883	C	0	0	0	1	0	True	False	1
182127	182963	G	2	0	0	0	0	True	False	1
182189	183025	G	2	0	0	0	0	True	False	2
182263	183099	C	0	0	0	1	0	False	True	1
182274	183110	C	0	0	0	1	0	True	False	1
182406	183242	G	1	0	0	0	0	True	False	1
182470	183306	G	1	0	0	0	0	True	False	1
182479	183315	G	1	0	0	0	0	True	False	1
182486	183322	G	2	0	0	0	0	True	False	1
182578	183414	C	0	0	0	20	0	True	False	3
182590	183426	G	2	0	0	0	0	True	False	1
182596	183432	C	0	0	0	3	0	True	False	1
182601	183437	G	1	0	0	0	0	True	False	1
182642	183478	G	6	0	0	0	0	True	False	1
182707	183543	C	0	0	0	1	0	True	False	1
182712	183548	G	3	0	0	0	0	False	True	3
182761	183597	C	0	0	0	1	0	True	False	1
182823	183659	G	2	0	0	0	0	True	False	2
182950	183786	C	0	0	0	12	0	True	False	2
182968	183804	C	0	0	0	1	0	True	False	1
183013	183849	G	2	0	0	0	0	False	True	1
183103	183939	G	3	0	0	0	0	True	False	1
183106	183942	C	0	0	0	2	0	True	False	1
183122	183958	G	0	1	0	0	0	False	False	1
183220	184056	C	0	0	0	1	2	True	False	1
183324	184160	G	1	0	0	0	0	True	False	1
183429	184265	C	0	0	0	1	0	True	False	1
183434	184270	C	0	0	0	2	0	True	False	1
183519	184355	C	0	0	0	2301	0	True	False	1
183604	184442	C	0	0	0	1	0	True	False	1
183622	184460	G	1	0	0	0	0	True	False	1
183799	184637	C	0	0	0	3	0	True	False	1
183889	184727	C	0	0	0	3	0	True	False	1
183899	184737	G	1	0	0	0	0	True	False	1
183935	184773	A	0	0	1	0	0	False	False	1
183939	184777	G	3	0	0	0	0	True	False	1
184107	184945	G	2	0	0	0	0	True	False	1
184141	184979	G	2	0	0	0	0	False	True	1
184169	185007	T	0	0	1	0	0	False	False	1
184189	185027	C	1	0	0	0	0	False	False	1
184219	185057	A	0	0	1	0	0	False	False	1
184227	185065	G	1	0	0	0	0	True	False	1
184444	185282	G	2	0	0	0	0	True	False	2
184526	185364	G	0	0	0	1	0	False	False	1
184562	185400	G	296	0	0	0	0	True	False	2
184770	185608	G	1	0	0	0	0	True	False	1
184829	185667	C	0	0	0	7	0	True	False	2
184936	185774	C	0	0	0	2	0	True	False	1
184945	185783	G	1	0	0	0	0	True	False	1
184980	185818	G	1	0	0	0	0	True	False	1
185050	185888	C	0	0	0	2	0	False	True	1
185147	185985	C	0	0	0	27	0	False	True	2
185176	186014	C	0	0	0	3	0	True	False	2
185394	186232	G	2	0	0	0	0	True	False	1
185472	186310	G	1	0	0	0	0	False	True	1
185499	186337	G	2	0	0	0	0	True	False	1
185731	186569	C	0	0	0	1	0	True	False	1
185988	186826	G	1	0	0	0	0	True	False	1
185991	186829	G	2	0	0	0	0	True	False	1
186015	186853	G	3	0	0	0	0	True	False	2
186124	186962	C	0	0	0	3	0	True	False	2
186165	187003	G	140	0	0	0	0	True	False	8
186253	187091	C	0	0	0	2	0	True	False	2
186255	187093	G	1	0	0	0	0	True	False	1
186318	187156	G	1	0	0	0	0	True	False	1
186489	187327	G	1	0	0	0	0	True	False	1
186578	187416	G	2301	0	0	0	0	True	False	1
186598	187436	C	0	0	0	1	0	True	False	1
186601	187439	C	0	0	0	1	0	True	False	1
186675	187513	G	1	0	0	0	0	True	False	1
186683	187521	G	26	0	0	0	0	True	False	1
186795	187633	G	1	0	0	0	0	True	False	1
186945	187783	C	0	0	0	2	0	False	True	1
187059	187897	G	1	0	0	0	0	True	False	1
187085	187923	G	1	0	0	0	0	True	False	1
187135	187973	G	1	0	0	0	0	False	True	1
187154	187992	C	0	0	0	4	0	True	False	1
187164	188002	C	0	0	0	2	0	True	False	1
187305	188143	G	1	0	0	0	0	True	False	1
187332	188170	C	0	0	0	3	0	True	False	1
187367	188205	G	2	0	0	0	0	True	False	1
187416	188254	G	1	0	0	0	0	True	False	1
187428	188266	C	0	0	0	2301	0	True	False	1
187452	188290	C	0	0	0	5	0	True	False	2
187514	188352	C	0	0	0	1	0	True	False	1
187545	188383	C	0	0	0	1	0	True	False	1
187620	188458	C	0	0	0	304	0	True	False	3
187630	188468	G	1	0	0	0	0	True	False	1
187677	188515	G	2	0	0	0	0	True	False	2
187714	188552	T	0	1	0	0	0	False	False	1
187752	188590	C	0	0	0	1	0	True	False	1
187778	188616	G	1	0	0	0	0	True	False	1
187806	188644	C	0	0	0	1	0	True	False	1
187827	188665	G	3	0	0	0	0	True	False	1
187871	188709	C	0	0	0	38	0	True	False	1
187876	188714	T	0	2	0	0	0	False	False	1
188036	188874	C	0	0	0	11	0	True	False	2
188045	188883	C	0	0	0	1	0	True	False	1
188077	188915	C	0	0	0	7	0	False	True	1
188111	188949	G	1	0	0	0	0	True	False	1
188149	188987	G	1	0	0	0	0	False	True	1
188161	188999	C	0	0	0	13	0	False	True	3
188181	189019	C	0	0	0	7	0	True	False	1
188236	189074	C	0	0	0	2	0	True	False	1
188252	189090	C	0	0	0	2	0	True	False	1
188339	189177	C	0	0	0	2	0	True	False	1
188348	189186	G	254	0	0	0	0	True	False	1
188391	189229	C	0	0	0	65	0	False	True	5
188491	189329	C	0	0	0	3	0	True	False	1
188503	189341	C	0	0	0	1	0	True	False	1
188566	189404	C	0	0	0	7	0	True	False	2
188683	189521	C	0	0	0	6	0	True	False	2
188698	189536	G	2	0	0	0	0	True	False	1
188704	189542	C	0	0	0	13	0	True	False	1
188737	189575	G	1	0	0	0	0	True	False	1
188742	189580	T	0	1	0	0	0	False	False	1
188794	189632	T	0	1	0	0	0	False	False	1
188803	189641	C	0	0	0	3	0	True	False	2
188839	189677	G	1	0	0	0	0	True	False	1
188946	189784	C	0	0	0	254	0	True	False	1
188956	189794	G	1	0	0	0	0	True	False	1
188975	189813	G	2	0	0	0	0	True	False	1
189048	189886	G	2	0	0	0	0	True	False	1
189086	189924	G	1	0	0	0	0	True	False	1
189185	190023	C	0	0	0	1	0	True	False	1
189258	190096	G	4	0	0	0	0	True	False	2
189405	190243	G	11	0	0	0	0	True	False	1
189427	190265	C	0	0	0	2	0	True	False	1
189511	190349	G	1	0	0	0	0	False	True	1
189536	190374	C	0	0	0	2	0	True	False	1
189583	190421	C	0	0	0	1	0	False	True	1
189606	190444	G	1	0	0	0	0	True	False	1
189630	190468	C	0	0	0	1	0	True	False	1
189642	190480	C	0	0	0	1	0	True	False	1
189669	190507	C	0	0	0	1	0	True	False	1
189710	190548	C	0	0	0	1	0	True	False	1
189737	190575	C	0	0	0	1	0	True	False	1
189924	190762	G	1	0	0	0	0	True	False	1
189925	190763	A	0	4	0	0	0	False	False	1
189996	190834	C	0	0	0	2	0	True	False	1
189999	190837	G	1	0	0	0	0	True	False	1
190008	190846	C	0	0	0	2	0	True	False	1
190067	190905	C	0	0	0	1	0	True	False	1
190154	190992	G	1	0	0	0	0	False	True	1
190190	191028	G	8	0	0	0	0	True	False	1
190262	191100	G	1	0	0	0	0	True	False	1
190269	191107	C	0	0	0	5	0	True	False	1
190276	191114	C	0	0	0	4	0	True	False	1
190319	191157	G	1	0	0	0	0	True	False	1
190345	191183	G	1	0	0	0	0	True	False	1
190444	191283	C	0	0	0	2	0	True	False	1
190499	191338	G	2	0	0	0	0	True	False	2
190515	191354	G	47	0	0	0	0	True	False	1
190533	191372	G	2	0	0	0	0	True	False	1
190660	191499	G	525	0	0	0	0	True	False	3
190668	191507	C	0	0	0	4	0	True	False	2
190671	191510	G	1	0	0	0	0	False	True	1
190686	191525	C	0	0	0	1	0	True	False	1
190695	191534	G	4	0	0	0	0	True	False	4
190705	191544	A	0	0	1	0	0	False	False	1
190834	191674	C	0	0	0	2	117	True	False	1
190886	191726	C	0	0	0	10	117	True	False	1
190900	191740	G	2	0	0	0	117	True	False	1
190952	191792	C	0	0	0	1	117	True	False	1
191104	191944	C	0	0	0	2	117	True	False	2
191237	192077	G	2	0	0	0	117	True	False	2
191373	192213	C	0	0	0	2	117	True	False	1
191397	192237	C	0	0	0	1	117	True	False	1
191427	192267	C	0	0	0	2	117	True	False	1
191437	192277	T	0	3	0	0	117	False	False	3
191438	192278	G	0	0	0	1	117	False	False	1
191439	192279	T	0	0	1	0	117	False	False	1
191441	192281	G	0	0	0	3	117	False	False	3
191442	192282	A	0	3	0	0	117	False	False	3
191576	192416	G	15	0	0	0	117	True	False	1
191579	192419	G	1	0	0	0	117	True	False	1
191615	192455	C	0	0	0	15	117	True	False	1
191695	192535	C	0	0	0	2	117	True	False	2
191711	192551	G	0	1	0	0	117	False	False	1
191732	192572	C	0	0	0	1	117	True	False	1
191750	192590	T	0	1	0	0	117	False	False	1
191835	192675	C	0	0	0	9	117	False	True	1
191845	192685	G	1	0	0	0	117	False	True	1
191901	192741	G	1	0	0	0	117	True	False	1
192002	192842	G	1	0	0	0	117	True	False	1
192037	192877	C	0	0	0	2	117	True	False	2
192041	192881	G	1	0	0	0	117	True	False	1
192129	192969	G	3	0	0	0	117	True	False	1
192158	192998	C	0	0	0	3	117	True	False	2
192187	193027	G	1	0	0	0	117	True	False	1
192211	193051	C	0	0	0	1	117	True	False	1
192224	193064	G	1	0	0	0	117	True	False	1
192233	193073	G	4	0	0	0	117	True	False	2
192351	193191	C	0	0	0	1	117	True	False	1
192379	193219	C	0	0	0	1	117	False	True	1
192380	193220	C	1	0	0	0	117	False	False	1
192381	193221	C	1	0	0	0	117	False	False	1
192382	193222	A	0	0	1	0	117	False	False	1
192383	193223	C	0	0	0	1	117	False	True	1
192384	193224	C	0	0	0	1	117	False	True	1
192385	193225	T	2	0	0	0	117	False	False	2
192386	193226	T	0	0	18	0	117	False	False	6
192388	193228	C	0	0	0	1	117	True	False	1
192389	193229	T	44	0	0	0	117	False	False	12
192390	193230	T	4	0	0	0	117	False	False	2
192392	193232	A	0	0	0	46	117	False	False	11
192393	193233	A	0	56	0	0	117	False	False	10
192394	193234	A	0	0	71	0	117	False	False	11
192396	193236	G	58	0	0	72	117	True	False	20
192402	193242	A	0	0	58	0	179	False	False	9
192404	193246	A	0	1	0	0	117	False	False	1
192405	193247	G	1	0	0	0	117	False	True	1
192407	193249	C	1	0	0	0	117	False	False	1
192408	193250	A	0	0	1	0	117	False	False	1
192410	193252	A	0	0	0	1	117	False	False	1
192416	193258	G	0	1	0	0	118	False	False	1
192417	193259	T	1	0	0	0	118	False	False	1
192418	193260	T	1	0	0	0	118	False	False	1
192419	193261	A	0	0	1	0	118	False	False	1
192531	193485	T	82	0	0	0	117	False	False	16
192533	193487	T	0	0	62	0	117	False	False	13
192534	193488	A	0	0	0	33	117	False	False	12
192535	193489	G	0	17	0	0	117	False	False	7
192536	193490	T	13	0	0	0	117	False	False	5
192537	193491	C	0	0	0	11	117	True	False	5
192538	193492	T	11	0	0	0	117	False	False	5
192581	193535	G	1	0	0	0	117	True	False	1
192609	193563	G	1	0	0	0	117	True	False	1
192618	193572	G	1	0	0	0	117	True	False	1
192726	193680	C	0	0	0	2	117	True	False	2
192974	193928	C	0	0	0	2	117	True	False	2
193023	193977	C	0	0	0	1	117	True	False	1
193223	194177	G	417	0	0	0	117	True	False	7
193311	194265	C	0	0	0	1	117	True	False	1
193360	194314	G	2	0	0	0	117	True	False	2
193373	194327	G	2	0	0	0	117	True	False	2
193392	194346	G	2142	0	0	0	117	True	False	5
193432	194386	C	0	0	0	8	117	False	True	2
193608	194562	G	1	0	0	0	117	True	False	1
193641	194595	G	1	0	0	0	117	False	True	1
193679	194633	C	0	0	0	1	117	True	False	1
193688	194642	C	0	0	0	2145	117	True	False	6
193987	194941	C	0	0	0	1	117	True	False	1
194059	195013	C	0	0	0	1	117	True	False	1
194099	195053	C	0	0	0	2155	117	True	False	7
194100	195054	C	0	0	0	1	117	False	True	1
194146	195100	C	0	0	0	1	117	True	False	1
194225	195179	C	0	0	0	1	117	True	False	1
194239	195193	C	0	0	0	1	117	True	False	1
194277	195231	C	0	0	0	2	117	True	False	1
194439	195393	G	1	0	0	0	117	True	False	1
194496	195450	C	0	0	0	1	117	True	False	1
194619	195573	C	0	0	0	2146	117	True	False	6
194638	195592	G	1	0	0	0	117	True	False	1
194895	195849	G	1	0	0	0	117	True	False	1
194936	195890	C	0	0	0	1	117	True	False	1
195005	195959	G	14	0	0	0	117	True	False	1
195036	195990	C	0	0	0	2	117	True	False	2
195044	195998	C	0	0	0	5	117	True	False	2
195078	196032	C	0	0	0	1	117	True	False	1
195084	196038	C	0	0	0	1	117	True	False	1
195134	196088	G	4	0	0	0	117	False	True	1
195137	196091	G	1	0	0	0	117	True	False	1
195171	196125	C	0	0	0	4	117	True	False	1
195200	196154	C	0	0	0	3	117	True	False	1
195224	196178	C	0	0	0	1	117	True	False	1
195226	196180	G	13	0	0	0	117	True	False	4
195349	196303	C	0	0	0	1	117	True	False	1
195392	196346	G	1	0	0	0	117	True	False	1
195413	196367	C	0	0	0	8	117	True	False	1
195547	196501	A	0	0	0	3	117	False	False	2
195563	196517	G	2	0	0	0	117	True	False	1
195613	196567	C	0	0	0	1	117	False	True	1
195698	196652	C	0	0	0	2	117	True	False	1
195708	196662	C	0	0	0	1	117	True	False	1
195714	196668	C	0	0	0	1	117	True	False	1
195725	196679	G	1	0	0	0	117	True	False	1
195845	196799	G	7	0	0	0	117	True	False	1
195908	196862	C	0	0	0	1	117	True	False	1
195948	196902	C	0	0	0	2147	117	True	False	4
195999	196953	G	1	0	0	0	117	False	True	1
196026	196980	C	0	0	0	1	117	True	False	1
196106	197060	G	1	0	0	0	117	True	False	1
196308	197262	C	0	0	0	3	117	True	False	2
196316	197270	G	2	0	0	0	117	True	False	1
196328	197282	G	55	0	0	0	117	True	False	2
196364	197318	G	2	0	0	0	117	False	True	1
196396	197350	G	1	0	0	0	117	True	False	1
196553	197507	C	0	0	0	1	117	False	True	1
196616	197575	A	0	0	0	1	141	False	False	1
196641	197603	C	0	0	0	1	117	True	False	1
196759	197721	C	0	0	0	3	117	True	False	1
196767	197729	T	0	1	0	0	117	False	False	1
196928	197890	A	0	1	0	0	136	False	False	1
196937	197899	C	0	0	0	10	136	True	False	1
197008	197970	C	0	0	0	2	143	True	False	1
197058	198020	G	0	0	0	1	144	False	False	1
197173	198135	C	0	0	1	0	196	False	False	1
197208	198170	A	0	0	0	1	315	False	False	1
197209	198171	T	3	0	0	0	320	False	False	1
